pixels_100s,photons_100s,pixels_1000s,photons_1000s
0.000000000000000000e+00,0.000000000000000000e+00,0.000000000000000000e+00,0.000000000000000000e+00
1.000000000000000000e+00,0.000000000000000000e+00,1.000000000000000000e+00,0.000000000000000000e+00
2.000000000000000000e+00,0.000000000000000000e+00,2.000000000000000000e+00,0.000000000000000000e+00
3.000000000000000000e+00,0.000000000000000000e+00,3.000000000000000000e+00,0.000000000000000000e+00
4.000000000000000000e+00,0.000000000000000000e+00,4.000000000000000000e+00,0.000000000000000000e+00
5.000000000000000000e+00,0.000000000000000000e+00,5.000000000000000000e+00,0.000000000000000000e+00
6.000000000000000000e+00,0.000000000000000000e+00,6.000000000000000000e+00,0.000000000000000000e+00
7.000000000000000000e+00,0.000000000000000000e+00,7.000000000000000000e+00,0.000000000000000000e+00
8.000000000000000000e+00,0.000000000000000000e+00,8.000000000000000000e+00,0.000000000000000000e+00
9.000000000000000000e+00,0.000000000000000000e+00,9.000000000000000000e+00,0.000000000000000000e+00
1.000000000000000000e+01,0.000000000000000000e+00,1.000000000000000000e+01,0.000000000000000000e+00
1.100000000000000000e+01,0.000000000000000000e+00,1.100000000000000000e+01,0.000000000000000000e+00
1.200000000000000000e+01,0.000000000000000000e+00,1.200000000000000000e+01,0.000000000000000000e+00
1.300000000000000000e+01,0.000000000000000000e+00,1.300000000000000000e+01,0.000000000000000000e+00
1.400000000000000000e+01,0.000000000000000000e+00,1.400000000000000000e+01,0.000000000000000000e+00
1.500000000000000000e+01,0.000000000000000000e+00,1.500000000000000000e+01,0.000000000000000000e+00
1.600000000000000000e+01,0.000000000000000000e+00,1.600000000000000000e+01,0.000000000000000000e+00
1.700000000000000000e+01,0.000000000000000000e+00,1.700000000000000000e+01,0.000000000000000000e+00
1.800000000000000000e+01,0.000000000000000000e+00,1.800000000000000000e+01,0.000000000000000000e+00
1.900000000000000000e+01,0.000000000000000000e+00,1.900000000000000000e+01,0.000000000000000000e+00
2.000000000000000000e+01,0.000000000000000000e+00,2.000000000000000000e+01,0.000000000000000000e+00
2.100000000000000000e+01,0.000000000000000000e+00,2.100000000000000000e+01,0.000000000000000000e+00
2.200000000000000000e+01,0.000000000000000000e+00,2.200000000000000000e+01,0.000000000000000000e+00
2.300000000000000000e+01,0.000000000000000000e+00,2.300000000000000000e+01,0.000000000000000000e+00
2.400000000000000000e+01,0.000000000000000000e+00,2.400000000000000000e+01,0.000000000000000000e+00
2.500000000000000000e+01,0.000000000000000000e+00,2.500000000000000000e+01,0.000000000000000000e+00
2.600000000000000000e+01,0.000000000000000000e+00,2.600000000000000000e+01,0.000000000000000000e+00
2.700000000000000000e+01,0.000000000000000000e+00,2.700000000000000000e+01,0.000000000000000000e+00
2.800000000000000000e+01,0.000000000000000000e+00,2.800000000000000000e+01,0.000000000000000000e+00
2.900000000000000000e+01,0.000000000000000000e+00,2.900000000000000000e+01,0.000000000000000000e+00
3.000000000000000000e+01,0.000000000000000000e+00,3.000000000000000000e+01,0.000000000000000000e+00
3.100000000000000000e+01,0.000000000000000000e+00,3.100000000000000000e+01,0.000000000000000000e+00
3.200000000000000000e+01,0.000000000000000000e+00,3.200000000000000000e+01,0.000000000000000000e+00
3.300000000000000000e+01,0.000000000000000000e+00,3.300000000000000000e+01,0.000000000000000000e+00
3.400000000000000000e+01,0.000000000000000000e+00,3.400000000000000000e+01,0.000000000000000000e+00
3.500000000000000000e+01,0.000000000000000000e+00,3.500000000000000000e+01,0.000000000000000000e+00
3.600000000000000000e+01,0.000000000000000000e+00,3.600000000000000000e+01,0.000000000000000000e+00
3.700000000000000000e+01,0.000000000000000000e+00,3.700000000000000000e+01,0.000000000000000000e+00
3.800000000000000000e+01,0.000000000000000000e+00,3.800000000000000000e+01,0.000000000000000000e+00
3.900000000000000000e+01,0.000000000000000000e+00,3.900000000000000000e+01,0.000000000000000000e+00
4.000000000000000000e+01,0.000000000000000000e+00,4.000000000000000000e+01,0.000000000000000000e+00
4.100000000000000000e+01,0.000000000000000000e+00,4.100000000000000000e+01,0.000000000000000000e+00
4.200000000000000000e+01,0.000000000000000000e+00,4.200000000000000000e+01,0.000000000000000000e+00
4.300000000000000000e+01,0.000000000000000000e+00,4.300000000000000000e+01,0.000000000000000000e+00
4.400000000000000000e+01,0.000000000000000000e+00,4.400000000000000000e+01,0.000000000000000000e+00
4.500000000000000000e+01,0.000000000000000000e+00,4.500000000000000000e+01,0.000000000000000000e+00
4.600000000000000000e+01,0.000000000000000000e+00,4.600000000000000000e+01,0.000000000000000000e+00
4.700000000000000000e+01,0.000000000000000000e+00,4.700000000000000000e+01,0.000000000000000000e+00
4.800000000000000000e+01,0.000000000000000000e+00,4.800000000000000000e+01,0.000000000000000000e+00
4.900000000000000000e+01,0.000000000000000000e+00,4.900000000000000000e+01,0.000000000000000000e+00
5.000000000000000000e+01,0.000000000000000000e+00,5.000000000000000000e+01,0.000000000000000000e+00
5.100000000000000000e+01,0.000000000000000000e+00,5.100000000000000000e+01,0.000000000000000000e+00
5.200000000000000000e+01,0.000000000000000000e+00,5.200000000000000000e+01,0.000000000000000000e+00
5.300000000000000000e+01,0.000000000000000000e+00,5.300000000000000000e+01,0.000000000000000000e+00
5.400000000000000000e+01,0.000000000000000000e+00,5.400000000000000000e+01,0.000000000000000000e+00
5.500000000000000000e+01,0.000000000000000000e+00,5.500000000000000000e+01,0.000000000000000000e+00
5.600000000000000000e+01,0.000000000000000000e+00,5.600000000000000000e+01,0.000000000000000000e+00
5.700000000000000000e+01,0.000000000000000000e+00,5.700000000000000000e+01,0.000000000000000000e+00
5.800000000000000000e+01,0.000000000000000000e+00,5.800000000000000000e+01,0.000000000000000000e+00
5.900000000000000000e+01,0.000000000000000000e+00,5.900000000000000000e+01,0.000000000000000000e+00
6.000000000000000000e+01,0.000000000000000000e+00,6.000000000000000000e+01,0.000000000000000000e+00
6.100000000000000000e+01,0.000000000000000000e+00,6.100000000000000000e+01,0.000000000000000000e+00
6.200000000000000000e+01,0.000000000000000000e+00,6.200000000000000000e+01,0.000000000000000000e+00
6.300000000000000000e+01,0.000000000000000000e+00,6.300000000000000000e+01,0.000000000000000000e+00
6.400000000000000000e+01,0.000000000000000000e+00,6.400000000000000000e+01,0.000000000000000000e+00
6.500000000000000000e+01,0.000000000000000000e+00,6.500000000000000000e+01,0.000000000000000000e+00
6.600000000000000000e+01,0.000000000000000000e+00,6.600000000000000000e+01,0.000000000000000000e+00
6.700000000000000000e+01,0.000000000000000000e+00,6.700000000000000000e+01,0.000000000000000000e+00
6.800000000000000000e+01,0.000000000000000000e+00,6.800000000000000000e+01,0.000000000000000000e+00
6.900000000000000000e+01,0.000000000000000000e+00,6.900000000000000000e+01,0.000000000000000000e+00
7.000000000000000000e+01,0.000000000000000000e+00,7.000000000000000000e+01,0.000000000000000000e+00
7.100000000000000000e+01,0.000000000000000000e+00,7.100000000000000000e+01,0.000000000000000000e+00
7.200000000000000000e+01,0.000000000000000000e+00,7.200000000000000000e+01,0.000000000000000000e+00
7.300000000000000000e+01,0.000000000000000000e+00,7.300000000000000000e+01,0.000000000000000000e+00
7.400000000000000000e+01,0.000000000000000000e+00,7.400000000000000000e+01,0.000000000000000000e+00
7.500000000000000000e+01,0.000000000000000000e+00,7.500000000000000000e+01,0.000000000000000000e+00
7.600000000000000000e+01,0.000000000000000000e+00,7.600000000000000000e+01,0.000000000000000000e+00
7.700000000000000000e+01,0.000000000000000000e+00,7.700000000000000000e+01,0.000000000000000000e+00
7.800000000000000000e+01,0.000000000000000000e+00,7.800000000000000000e+01,0.000000000000000000e+00
7.900000000000000000e+01,0.000000000000000000e+00,7.900000000000000000e+01,0.000000000000000000e+00
8.000000000000000000e+01,0.000000000000000000e+00,8.000000000000000000e+01,0.000000000000000000e+00
8.100000000000000000e+01,0.000000000000000000e+00,8.100000000000000000e+01,0.000000000000000000e+00
8.200000000000000000e+01,0.000000000000000000e+00,8.200000000000000000e+01,0.000000000000000000e+00
8.300000000000000000e+01,0.000000000000000000e+00,8.300000000000000000e+01,0.000000000000000000e+00
8.400000000000000000e+01,0.000000000000000000e+00,8.400000000000000000e+01,0.000000000000000000e+00
8.500000000000000000e+01,0.000000000000000000e+00,8.500000000000000000e+01,0.000000000000000000e+00
8.600000000000000000e+01,0.000000000000000000e+00,8.600000000000000000e+01,0.000000000000000000e+00
8.700000000000000000e+01,0.000000000000000000e+00,8.700000000000000000e+01,0.000000000000000000e+00
8.800000000000000000e+01,0.000000000000000000e+00,8.800000000000000000e+01,0.000000000000000000e+00
8.900000000000000000e+01,0.000000000000000000e+00,8.900000000000000000e+01,0.000000000000000000e+00
9.000000000000000000e+01,0.000000000000000000e+00,9.000000000000000000e+01,0.000000000000000000e+00
9.100000000000000000e+01,0.000000000000000000e+00,9.100000000000000000e+01,0.000000000000000000e+00
9.200000000000000000e+01,0.000000000000000000e+00,9.200000000000000000e+01,0.000000000000000000e+00
9.300000000000000000e+01,0.000000000000000000e+00,9.300000000000000000e+01,0.000000000000000000e+00
9.400000000000000000e+01,0.000000000000000000e+00,9.400000000000000000e+01,0.000000000000000000e+00
9.500000000000000000e+01,0.000000000000000000e+00,9.500000000000000000e+01,0.000000000000000000e+00
9.600000000000000000e+01,0.000000000000000000e+00,9.600000000000000000e+01,0.000000000000000000e+00
9.700000000000000000e+01,0.000000000000000000e+00,9.700000000000000000e+01,0.000000000000000000e+00
9.800000000000000000e+01,0.000000000000000000e+00,9.800000000000000000e+01,0.000000000000000000e+00
9.900000000000000000e+01,0.000000000000000000e+00,9.900000000000000000e+01,0.000000000000000000e+00
1.000000000000000000e+02,0.000000000000000000e+00,1.000000000000000000e+02,0.000000000000000000e+00
1.010000000000000000e+02,0.000000000000000000e+00,1.010000000000000000e+02,0.000000000000000000e+00
1.020000000000000000e+02,0.000000000000000000e+00,1.020000000000000000e+02,0.000000000000000000e+00
1.030000000000000000e+02,0.000000000000000000e+00,1.030000000000000000e+02,0.000000000000000000e+00
1.040000000000000000e+02,0.000000000000000000e+00,1.040000000000000000e+02,0.000000000000000000e+00
1.050000000000000000e+02,0.000000000000000000e+00,1.050000000000000000e+02,0.000000000000000000e+00
1.060000000000000000e+02,0.000000000000000000e+00,1.060000000000000000e+02,0.000000000000000000e+00
1.070000000000000000e+02,0.000000000000000000e+00,1.070000000000000000e+02,0.000000000000000000e+00
1.080000000000000000e+02,0.000000000000000000e+00,1.080000000000000000e+02,0.000000000000000000e+00
1.090000000000000000e+02,0.000000000000000000e+00,1.090000000000000000e+02,0.000000000000000000e+00
1.100000000000000000e+02,0.000000000000000000e+00,1.100000000000000000e+02,0.000000000000000000e+00
1.110000000000000000e+02,0.000000000000000000e+00,1.110000000000000000e+02,0.000000000000000000e+00
1.120000000000000000e+02,0.000000000000000000e+00,1.120000000000000000e+02,0.000000000000000000e+00
1.130000000000000000e+02,0.000000000000000000e+00,1.130000000000000000e+02,0.000000000000000000e+00
1.140000000000000000e+02,0.000000000000000000e+00,1.140000000000000000e+02,0.000000000000000000e+00
1.150000000000000000e+02,0.000000000000000000e+00,1.150000000000000000e+02,0.000000000000000000e+00
1.160000000000000000e+02,0.000000000000000000e+00,1.160000000000000000e+02,0.000000000000000000e+00
1.170000000000000000e+02,0.000000000000000000e+00,1.170000000000000000e+02,0.000000000000000000e+00
1.180000000000000000e+02,0.000000000000000000e+00,1.180000000000000000e+02,0.000000000000000000e+00
1.190000000000000000e+02,0.000000000000000000e+00,1.190000000000000000e+02,0.000000000000000000e+00
1.200000000000000000e+02,0.000000000000000000e+00,1.200000000000000000e+02,0.000000000000000000e+00
1.210000000000000000e+02,0.000000000000000000e+00,1.210000000000000000e+02,0.000000000000000000e+00
1.220000000000000000e+02,0.000000000000000000e+00,1.220000000000000000e+02,0.000000000000000000e+00
1.230000000000000000e+02,0.000000000000000000e+00,1.230000000000000000e+02,0.000000000000000000e+00
1.240000000000000000e+02,0.000000000000000000e+00,1.240000000000000000e+02,0.000000000000000000e+00
1.250000000000000000e+02,0.000000000000000000e+00,1.250000000000000000e+02,0.000000000000000000e+00
1.260000000000000000e+02,0.000000000000000000e+00,1.260000000000000000e+02,0.000000000000000000e+00
1.270000000000000000e+02,0.000000000000000000e+00,1.270000000000000000e+02,0.000000000000000000e+00
1.280000000000000000e+02,0.000000000000000000e+00,1.280000000000000000e+02,0.000000000000000000e+00
1.290000000000000000e+02,0.000000000000000000e+00,1.290000000000000000e+02,0.000000000000000000e+00
1.300000000000000000e+02,0.000000000000000000e+00,1.300000000000000000e+02,0.000000000000000000e+00
1.310000000000000000e+02,0.000000000000000000e+00,1.310000000000000000e+02,0.000000000000000000e+00
1.320000000000000000e+02,0.000000000000000000e+00,1.320000000000000000e+02,0.000000000000000000e+00
1.330000000000000000e+02,0.000000000000000000e+00,1.330000000000000000e+02,0.000000000000000000e+00
1.340000000000000000e+02,0.000000000000000000e+00,1.340000000000000000e+02,0.000000000000000000e+00
1.350000000000000000e+02,0.000000000000000000e+00,1.350000000000000000e+02,0.000000000000000000e+00
1.360000000000000000e+02,0.000000000000000000e+00,1.360000000000000000e+02,0.000000000000000000e+00
1.370000000000000000e+02,0.000000000000000000e+00,1.370000000000000000e+02,0.000000000000000000e+00
1.380000000000000000e+02,0.000000000000000000e+00,1.380000000000000000e+02,0.000000000000000000e+00
1.390000000000000000e+02,0.000000000000000000e+00,1.390000000000000000e+02,0.000000000000000000e+00
1.400000000000000000e+02,0.000000000000000000e+00,1.400000000000000000e+02,0.000000000000000000e+00
1.410000000000000000e+02,0.000000000000000000e+00,1.410000000000000000e+02,0.000000000000000000e+00
1.420000000000000000e+02,0.000000000000000000e+00,1.420000000000000000e+02,0.000000000000000000e+00
1.430000000000000000e+02,0.000000000000000000e+00,1.430000000000000000e+02,0.000000000000000000e+00
1.440000000000000000e+02,0.000000000000000000e+00,1.440000000000000000e+02,0.000000000000000000e+00
1.450000000000000000e+02,0.000000000000000000e+00,1.450000000000000000e+02,0.000000000000000000e+00
1.460000000000000000e+02,0.000000000000000000e+00,1.460000000000000000e+02,0.000000000000000000e+00
1.470000000000000000e+02,0.000000000000000000e+00,1.470000000000000000e+02,0.000000000000000000e+00
1.480000000000000000e+02,0.000000000000000000e+00,1.480000000000000000e+02,0.000000000000000000e+00
1.490000000000000000e+02,0.000000000000000000e+00,1.490000000000000000e+02,0.000000000000000000e+00
1.500000000000000000e+02,0.000000000000000000e+00,1.500000000000000000e+02,0.000000000000000000e+00
1.510000000000000000e+02,0.000000000000000000e+00,1.510000000000000000e+02,0.000000000000000000e+00
1.520000000000000000e+02,0.000000000000000000e+00,1.520000000000000000e+02,0.000000000000000000e+00
1.530000000000000000e+02,0.000000000000000000e+00,1.530000000000000000e+02,0.000000000000000000e+00
1.540000000000000000e+02,0.000000000000000000e+00,1.540000000000000000e+02,0.000000000000000000e+00
1.550000000000000000e+02,0.000000000000000000e+00,1.550000000000000000e+02,0.000000000000000000e+00
1.560000000000000000e+02,0.000000000000000000e+00,1.560000000000000000e+02,0.000000000000000000e+00
1.570000000000000000e+02,0.000000000000000000e+00,1.570000000000000000e+02,0.000000000000000000e+00
1.580000000000000000e+02,0.000000000000000000e+00,1.580000000000000000e+02,0.000000000000000000e+00
1.590000000000000000e+02,0.000000000000000000e+00,1.590000000000000000e+02,0.000000000000000000e+00
1.600000000000000000e+02,0.000000000000000000e+00,1.600000000000000000e+02,0.000000000000000000e+00
1.610000000000000000e+02,0.000000000000000000e+00,1.610000000000000000e+02,0.000000000000000000e+00
1.620000000000000000e+02,0.000000000000000000e+00,1.620000000000000000e+02,0.000000000000000000e+00
1.630000000000000000e+02,0.000000000000000000e+00,1.630000000000000000e+02,0.000000000000000000e+00
1.640000000000000000e+02,0.000000000000000000e+00,1.640000000000000000e+02,0.000000000000000000e+00
1.650000000000000000e+02,0.000000000000000000e+00,1.650000000000000000e+02,0.000000000000000000e+00
1.660000000000000000e+02,0.000000000000000000e+00,1.660000000000000000e+02,0.000000000000000000e+00
1.670000000000000000e+02,0.000000000000000000e+00,1.670000000000000000e+02,0.000000000000000000e+00
1.680000000000000000e+02,0.000000000000000000e+00,1.680000000000000000e+02,0.000000000000000000e+00
1.690000000000000000e+02,0.000000000000000000e+00,1.690000000000000000e+02,0.000000000000000000e+00
1.700000000000000000e+02,0.000000000000000000e+00,1.700000000000000000e+02,0.000000000000000000e+00
1.710000000000000000e+02,0.000000000000000000e+00,1.710000000000000000e+02,0.000000000000000000e+00
1.720000000000000000e+02,0.000000000000000000e+00,1.720000000000000000e+02,0.000000000000000000e+00
1.730000000000000000e+02,0.000000000000000000e+00,1.730000000000000000e+02,0.000000000000000000e+00
1.740000000000000000e+02,0.000000000000000000e+00,1.740000000000000000e+02,0.000000000000000000e+00
1.750000000000000000e+02,0.000000000000000000e+00,1.750000000000000000e+02,0.000000000000000000e+00
1.760000000000000000e+02,0.000000000000000000e+00,1.760000000000000000e+02,0.000000000000000000e+00
1.770000000000000000e+02,0.000000000000000000e+00,1.770000000000000000e+02,0.000000000000000000e+00
1.780000000000000000e+02,0.000000000000000000e+00,1.780000000000000000e+02,0.000000000000000000e+00
1.790000000000000000e+02,0.000000000000000000e+00,1.790000000000000000e+02,0.000000000000000000e+00
1.800000000000000000e+02,0.000000000000000000e+00,1.800000000000000000e+02,0.000000000000000000e+00
1.810000000000000000e+02,0.000000000000000000e+00,1.810000000000000000e+02,0.000000000000000000e+00
1.820000000000000000e+02,0.000000000000000000e+00,1.820000000000000000e+02,0.000000000000000000e+00
1.830000000000000000e+02,0.000000000000000000e+00,1.830000000000000000e+02,0.000000000000000000e+00
1.840000000000000000e+02,0.000000000000000000e+00,1.840000000000000000e+02,0.000000000000000000e+00
1.850000000000000000e+02,0.000000000000000000e+00,1.850000000000000000e+02,0.000000000000000000e+00
1.860000000000000000e+02,0.000000000000000000e+00,1.860000000000000000e+02,0.000000000000000000e+00
1.870000000000000000e+02,0.000000000000000000e+00,1.870000000000000000e+02,0.000000000000000000e+00
1.880000000000000000e+02,0.000000000000000000e+00,1.880000000000000000e+02,0.000000000000000000e+00
1.890000000000000000e+02,0.000000000000000000e+00,1.890000000000000000e+02,0.000000000000000000e+00
1.900000000000000000e+02,0.000000000000000000e+00,1.900000000000000000e+02,0.000000000000000000e+00
1.910000000000000000e+02,0.000000000000000000e+00,1.910000000000000000e+02,0.000000000000000000e+00
1.920000000000000000e+02,0.000000000000000000e+00,1.920000000000000000e+02,0.000000000000000000e+00
1.930000000000000000e+02,0.000000000000000000e+00,1.930000000000000000e+02,0.000000000000000000e+00
1.940000000000000000e+02,0.000000000000000000e+00,1.940000000000000000e+02,0.000000000000000000e+00
1.950000000000000000e+02,0.000000000000000000e+00,1.950000000000000000e+02,0.000000000000000000e+00
1.960000000000000000e+02,0.000000000000000000e+00,1.960000000000000000e+02,0.000000000000000000e+00
1.970000000000000000e+02,0.000000000000000000e+00,1.970000000000000000e+02,0.000000000000000000e+00
1.980000000000000000e+02,0.000000000000000000e+00,1.980000000000000000e+02,0.000000000000000000e+00
1.990000000000000000e+02,0.000000000000000000e+00,1.990000000000000000e+02,0.000000000000000000e+00
2.000000000000000000e+02,0.000000000000000000e+00,2.000000000000000000e+02,0.000000000000000000e+00
2.010000000000000000e+02,0.000000000000000000e+00,2.010000000000000000e+02,0.000000000000000000e+00
2.020000000000000000e+02,0.000000000000000000e+00,2.020000000000000000e+02,0.000000000000000000e+00
2.030000000000000000e+02,0.000000000000000000e+00,2.030000000000000000e+02,0.000000000000000000e+00
2.040000000000000000e+02,0.000000000000000000e+00,2.040000000000000000e+02,0.000000000000000000e+00
2.050000000000000000e+02,0.000000000000000000e+00,2.050000000000000000e+02,0.000000000000000000e+00
2.060000000000000000e+02,0.000000000000000000e+00,2.060000000000000000e+02,0.000000000000000000e+00
2.070000000000000000e+02,0.000000000000000000e+00,2.070000000000000000e+02,0.000000000000000000e+00
2.080000000000000000e+02,0.000000000000000000e+00,2.080000000000000000e+02,0.000000000000000000e+00
2.090000000000000000e+02,0.000000000000000000e+00,2.090000000000000000e+02,0.000000000000000000e+00
2.100000000000000000e+02,0.000000000000000000e+00,2.100000000000000000e+02,0.000000000000000000e+00
2.110000000000000000e+02,0.000000000000000000e+00,2.110000000000000000e+02,0.000000000000000000e+00
2.120000000000000000e+02,0.000000000000000000e+00,2.120000000000000000e+02,0.000000000000000000e+00
2.130000000000000000e+02,0.000000000000000000e+00,2.130000000000000000e+02,0.000000000000000000e+00
2.140000000000000000e+02,0.000000000000000000e+00,2.140000000000000000e+02,0.000000000000000000e+00
2.150000000000000000e+02,0.000000000000000000e+00,2.150000000000000000e+02,0.000000000000000000e+00
2.160000000000000000e+02,0.000000000000000000e+00,2.160000000000000000e+02,0.000000000000000000e+00
2.170000000000000000e+02,0.000000000000000000e+00,2.170000000000000000e+02,0.000000000000000000e+00
2.180000000000000000e+02,0.000000000000000000e+00,2.180000000000000000e+02,0.000000000000000000e+00
2.190000000000000000e+02,0.000000000000000000e+00,2.190000000000000000e+02,0.000000000000000000e+00
2.200000000000000000e+02,0.000000000000000000e+00,2.200000000000000000e+02,0.000000000000000000e+00
2.210000000000000000e+02,0.000000000000000000e+00,2.210000000000000000e+02,0.000000000000000000e+00
2.220000000000000000e+02,0.000000000000000000e+00,2.220000000000000000e+02,0.000000000000000000e+00
2.230000000000000000e+02,0.000000000000000000e+00,2.230000000000000000e+02,0.000000000000000000e+00
2.240000000000000000e+02,0.000000000000000000e+00,2.240000000000000000e+02,0.000000000000000000e+00
2.250000000000000000e+02,0.000000000000000000e+00,2.250000000000000000e+02,0.000000000000000000e+00
2.260000000000000000e+02,0.000000000000000000e+00,2.260000000000000000e+02,0.000000000000000000e+00
2.270000000000000000e+02,0.000000000000000000e+00,2.270000000000000000e+02,0.000000000000000000e+00
2.280000000000000000e+02,0.000000000000000000e+00,2.280000000000000000e+02,0.000000000000000000e+00
2.290000000000000000e+02,0.000000000000000000e+00,2.290000000000000000e+02,0.000000000000000000e+00
2.300000000000000000e+02,0.000000000000000000e+00,2.300000000000000000e+02,0.000000000000000000e+00
2.310000000000000000e+02,0.000000000000000000e+00,2.310000000000000000e+02,0.000000000000000000e+00
2.320000000000000000e+02,0.000000000000000000e+00,2.320000000000000000e+02,0.000000000000000000e+00
2.330000000000000000e+02,0.000000000000000000e+00,2.330000000000000000e+02,0.000000000000000000e+00
2.340000000000000000e+02,0.000000000000000000e+00,2.340000000000000000e+02,0.000000000000000000e+00
2.350000000000000000e+02,0.000000000000000000e+00,2.350000000000000000e+02,0.000000000000000000e+00
2.360000000000000000e+02,0.000000000000000000e+00,2.360000000000000000e+02,0.000000000000000000e+00
2.370000000000000000e+02,0.000000000000000000e+00,2.370000000000000000e+02,0.000000000000000000e+00
2.380000000000000000e+02,0.000000000000000000e+00,2.380000000000000000e+02,0.000000000000000000e+00
2.390000000000000000e+02,0.000000000000000000e+00,2.390000000000000000e+02,0.000000000000000000e+00
2.400000000000000000e+02,0.000000000000000000e+00,2.400000000000000000e+02,0.000000000000000000e+00
2.410000000000000000e+02,0.000000000000000000e+00,2.410000000000000000e+02,0.000000000000000000e+00
2.420000000000000000e+02,0.000000000000000000e+00,2.420000000000000000e+02,0.000000000000000000e+00
2.430000000000000000e+02,0.000000000000000000e+00,2.430000000000000000e+02,0.000000000000000000e+00
2.440000000000000000e+02,0.000000000000000000e+00,2.440000000000000000e+02,0.000000000000000000e+00
2.450000000000000000e+02,0.000000000000000000e+00,2.450000000000000000e+02,0.000000000000000000e+00
2.460000000000000000e+02,0.000000000000000000e+00,2.460000000000000000e+02,0.000000000000000000e+00
2.470000000000000000e+02,0.000000000000000000e+00,2.470000000000000000e+02,0.000000000000000000e+00
2.480000000000000000e+02,0.000000000000000000e+00,2.480000000000000000e+02,0.000000000000000000e+00
2.490000000000000000e+02,0.000000000000000000e+00,2.490000000000000000e+02,0.000000000000000000e+00
2.500000000000000000e+02,0.000000000000000000e+00,2.500000000000000000e+02,0.000000000000000000e+00
2.510000000000000000e+02,0.000000000000000000e+00,2.510000000000000000e+02,0.000000000000000000e+00
2.520000000000000000e+02,0.000000000000000000e+00,2.520000000000000000e+02,0.000000000000000000e+00
2.530000000000000000e+02,0.000000000000000000e+00,2.530000000000000000e+02,0.000000000000000000e+00
2.540000000000000000e+02,0.000000000000000000e+00,2.540000000000000000e+02,0.000000000000000000e+00
2.550000000000000000e+02,0.000000000000000000e+00,2.550000000000000000e+02,0.000000000000000000e+00
2.560000000000000000e+02,0.000000000000000000e+00,2.560000000000000000e+02,0.000000000000000000e+00
2.570000000000000000e+02,0.000000000000000000e+00,2.570000000000000000e+02,0.000000000000000000e+00
2.580000000000000000e+02,0.000000000000000000e+00,2.580000000000000000e+02,0.000000000000000000e+00
2.590000000000000000e+02,0.000000000000000000e+00,2.590000000000000000e+02,0.000000000000000000e+00
2.600000000000000000e+02,0.000000000000000000e+00,2.600000000000000000e+02,0.000000000000000000e+00
2.610000000000000000e+02,0.000000000000000000e+00,2.610000000000000000e+02,0.000000000000000000e+00
2.620000000000000000e+02,0.000000000000000000e+00,2.620000000000000000e+02,0.000000000000000000e+00
2.630000000000000000e+02,0.000000000000000000e+00,2.630000000000000000e+02,0.000000000000000000e+00
2.640000000000000000e+02,0.000000000000000000e+00,2.640000000000000000e+02,0.000000000000000000e+00
2.650000000000000000e+02,0.000000000000000000e+00,2.650000000000000000e+02,0.000000000000000000e+00
2.660000000000000000e+02,0.000000000000000000e+00,2.660000000000000000e+02,0.000000000000000000e+00
2.670000000000000000e+02,0.000000000000000000e+00,2.670000000000000000e+02,0.000000000000000000e+00
2.680000000000000000e+02,0.000000000000000000e+00,2.680000000000000000e+02,0.000000000000000000e+00
2.690000000000000000e+02,0.000000000000000000e+00,2.690000000000000000e+02,0.000000000000000000e+00
2.700000000000000000e+02,0.000000000000000000e+00,2.700000000000000000e+02,0.000000000000000000e+00
2.710000000000000000e+02,0.000000000000000000e+00,2.710000000000000000e+02,0.000000000000000000e+00
2.720000000000000000e+02,0.000000000000000000e+00,2.720000000000000000e+02,0.000000000000000000e+00
2.730000000000000000e+02,0.000000000000000000e+00,2.730000000000000000e+02,0.000000000000000000e+00
2.740000000000000000e+02,0.000000000000000000e+00,2.740000000000000000e+02,0.000000000000000000e+00
2.750000000000000000e+02,0.000000000000000000e+00,2.750000000000000000e+02,0.000000000000000000e+00
2.760000000000000000e+02,0.000000000000000000e+00,2.760000000000000000e+02,0.000000000000000000e+00
2.770000000000000000e+02,0.000000000000000000e+00,2.770000000000000000e+02,0.000000000000000000e+00
2.780000000000000000e+02,0.000000000000000000e+00,2.780000000000000000e+02,0.000000000000000000e+00
2.790000000000000000e+02,0.000000000000000000e+00,2.790000000000000000e+02,0.000000000000000000e+00
2.800000000000000000e+02,0.000000000000000000e+00,2.800000000000000000e+02,0.000000000000000000e+00
2.810000000000000000e+02,0.000000000000000000e+00,2.810000000000000000e+02,0.000000000000000000e+00
2.820000000000000000e+02,0.000000000000000000e+00,2.820000000000000000e+02,0.000000000000000000e+00
2.830000000000000000e+02,0.000000000000000000e+00,2.830000000000000000e+02,0.000000000000000000e+00
2.840000000000000000e+02,0.000000000000000000e+00,2.840000000000000000e+02,0.000000000000000000e+00
2.850000000000000000e+02,0.000000000000000000e+00,2.850000000000000000e+02,0.000000000000000000e+00
2.860000000000000000e+02,0.000000000000000000e+00,2.860000000000000000e+02,0.000000000000000000e+00
2.870000000000000000e+02,0.000000000000000000e+00,2.870000000000000000e+02,0.000000000000000000e+00
2.880000000000000000e+02,0.000000000000000000e+00,2.880000000000000000e+02,0.000000000000000000e+00
2.890000000000000000e+02,0.000000000000000000e+00,2.890000000000000000e+02,0.000000000000000000e+00
2.900000000000000000e+02,0.000000000000000000e+00,2.900000000000000000e+02,0.000000000000000000e+00
2.910000000000000000e+02,0.000000000000000000e+00,2.910000000000000000e+02,0.000000000000000000e+00
2.920000000000000000e+02,0.000000000000000000e+00,2.920000000000000000e+02,0.000000000000000000e+00
2.930000000000000000e+02,0.000000000000000000e+00,2.930000000000000000e+02,0.000000000000000000e+00
2.940000000000000000e+02,0.000000000000000000e+00,2.940000000000000000e+02,0.000000000000000000e+00
2.950000000000000000e+02,0.000000000000000000e+00,2.950000000000000000e+02,0.000000000000000000e+00
2.960000000000000000e+02,0.000000000000000000e+00,2.960000000000000000e+02,0.000000000000000000e+00
2.970000000000000000e+02,0.000000000000000000e+00,2.970000000000000000e+02,0.000000000000000000e+00
2.980000000000000000e+02,0.000000000000000000e+00,2.980000000000000000e+02,0.000000000000000000e+00
2.990000000000000000e+02,0.000000000000000000e+00,2.990000000000000000e+02,0.000000000000000000e+00
3.000000000000000000e+02,0.000000000000000000e+00,3.000000000000000000e+02,0.000000000000000000e+00
3.010000000000000000e+02,0.000000000000000000e+00,3.010000000000000000e+02,0.000000000000000000e+00
3.020000000000000000e+02,0.000000000000000000e+00,3.020000000000000000e+02,0.000000000000000000e+00
3.030000000000000000e+02,0.000000000000000000e+00,3.030000000000000000e+02,0.000000000000000000e+00
3.040000000000000000e+02,0.000000000000000000e+00,3.040000000000000000e+02,0.000000000000000000e+00
3.050000000000000000e+02,0.000000000000000000e+00,3.050000000000000000e+02,0.000000000000000000e+00
3.060000000000000000e+02,0.000000000000000000e+00,3.060000000000000000e+02,0.000000000000000000e+00
3.070000000000000000e+02,0.000000000000000000e+00,3.070000000000000000e+02,0.000000000000000000e+00
3.080000000000000000e+02,0.000000000000000000e+00,3.080000000000000000e+02,0.000000000000000000e+00
3.090000000000000000e+02,0.000000000000000000e+00,3.090000000000000000e+02,0.000000000000000000e+00
3.100000000000000000e+02,0.000000000000000000e+00,3.100000000000000000e+02,0.000000000000000000e+00
3.110000000000000000e+02,0.000000000000000000e+00,3.110000000000000000e+02,0.000000000000000000e+00
3.120000000000000000e+02,0.000000000000000000e+00,3.120000000000000000e+02,0.000000000000000000e+00
3.130000000000000000e+02,0.000000000000000000e+00,3.130000000000000000e+02,0.000000000000000000e+00
3.140000000000000000e+02,0.000000000000000000e+00,3.140000000000000000e+02,0.000000000000000000e+00
3.150000000000000000e+02,0.000000000000000000e+00,3.150000000000000000e+02,0.000000000000000000e+00
3.160000000000000000e+02,0.000000000000000000e+00,3.160000000000000000e+02,0.000000000000000000e+00
3.170000000000000000e+02,0.000000000000000000e+00,3.170000000000000000e+02,0.000000000000000000e+00
3.180000000000000000e+02,0.000000000000000000e+00,3.180000000000000000e+02,0.000000000000000000e+00
3.190000000000000000e+02,0.000000000000000000e+00,3.190000000000000000e+02,0.000000000000000000e+00
3.200000000000000000e+02,4.523740263661010452e+00,3.200000000000000000e+02,4.523740263661010630e+01
3.210000000000000000e+02,5.288353000081114530e+00,3.210000000000000000e+02,5.288353000081114175e+01
3.220000000000000000e+02,5.767894473025790170e+00,3.220000000000000000e+02,5.767894473025790347e+01
3.230000000000000000e+02,6.133551383292425996e+00,3.230000000000000000e+02,6.133551383292425641e+01
3.240000000000000000e+02,6.150933085356269814e+00,3.240000000000000000e+02,6.150933085356269459e+01
3.250000000000000000e+02,6.030765430443968178e+00,3.250000000000000000e+02,6.030765430443968711e+01
3.260000000000000000e+02,5.577680457479916143e+00,3.260000000000000000e+02,5.577680457479916498e+01
3.270000000000000000e+02,4.994616802170822822e+00,3.270000000000000000e+02,4.994616802170823178e+01
3.280000000000000000e+02,4.079821364840422682e+00,3.280000000000000000e+02,4.079821364840422859e+01
3.290000000000000000e+02,3.037000216876774239e+00,3.290000000000000000e+02,3.037000216876774417e+01
3.300000000000000000e+02,3.117449572526948653e+00,3.300000000000000000e+02,3.117449572526948742e+01
3.310000000000000000e+02,3.626391145659380921e+00,3.310000000000000000e+02,3.626391145659380300e+01
3.320000000000000000e+02,4.655603122909901970e+00,3.320000000000000000e+02,4.655603122909901970e+01
3.330000000000000000e+02,5.880974773558419244e+00,3.330000000000000000e+02,5.880974773558418889e+01
3.340000000000000000e+02,7.393489559589918159e+00,3.340000000000000000e+02,7.393489559589917803e+01
3.350000000000000000e+02,9.013001953216731366e+00,3.350000000000000000e+02,9.013001953216732431e+01
3.360000000000000000e+02,1.041355058844095716e+01,3.360000000000000000e+02,1.041355058844095822e+02
3.370000000000000000e+02,1.173346576042460576e+01,3.370000000000000000e+02,1.173346576042460612e+02
3.380000000000000000e+02,1.294702905728269471e+01,3.380000000000000000e+02,1.294702905728269400e+02
3.390000000000000000e+02,1.412189087973283641e+01,3.390000000000000000e+02,1.412189087973283677e+02
3.400000000000000000e+02,1.519459029834090202e+01,3.400000000000000000e+02,1.519459029834090131e+02
3.410000000000000000e+02,1.623055438348692903e+01,3.410000000000000000e+02,1.623055438348692974e+02
3.420000000000000000e+02,1.685058828557141197e+01,3.420000000000000000e+02,1.685058828557141055e+02
3.430000000000000000e+02,1.732284939886581299e+01,3.430000000000000000e+02,1.732284939886581299e+02
3.440000000000000000e+02,1.787554185854397915e+01,3.440000000000000000e+02,1.787554185854397986e+02
3.450000000000000000e+02,1.845646689477413815e+01,3.450000000000000000e+02,1.845646689477414100e+02
3.460000000000000000e+02,1.861889570954057760e+01,3.460000000000000000e+02,1.861889570954057831e+02
3.470000000000000000e+02,1.863620120313288453e+01,3.470000000000000000e+02,1.863620120313288453e+02
3.480000000000000000e+02,1.759558314174682181e+01,3.480000000000000000e+02,1.759558314174682323e+02
3.490000000000000000e+02,1.619256429362803118e+01,3.490000000000000000e+02,1.619256429362802976e+02
3.500000000000000000e+02,1.406554823445850921e+01,3.500000000000000000e+02,1.406554823445850957e+02
3.510000000000000000e+02,1.169355313960337917e+01,3.510000000000000000e+02,1.169355313960337952e+02
3.520000000000000000e+02,1.018680887538937618e+01,3.520000000000000000e+02,1.018680887538937583e+02
3.530000000000000000e+02,8.969238145130351114e+00,3.530000000000000000e+02,8.969238145130350404e+01
3.540000000000000000e+02,1.156240873420949278e+01,3.540000000000000000e+02,1.156240873420949242e+02
3.550000000000000000e+02,1.541339518580971202e+01,3.550000000000000000e+02,1.541339518580971344e+02
3.560000000000000000e+02,1.810326512586037495e+01,3.560000000000000000e+02,1.810326512586037779e+02
3.570000000000000000e+02,2.041465733182649345e+01,3.570000000000000000e+02,2.041465733182649274e+02
3.580000000000000000e+02,2.330772008822848917e+01,3.580000000000000000e+02,2.330772008822848989e+02
3.590000000000000000e+02,2.638800776082917210e+01,3.590000000000000000e+02,2.638800776082916855e+02
3.600000000000000000e+02,2.774531643311907558e+01,3.600000000000000000e+02,2.774531643311907487e+02
3.610000000000000000e+02,2.855503838249615356e+01,3.610000000000000000e+02,2.855503838249615569e+02
3.620000000000000000e+02,2.897447588903236593e+01,3.620000000000000000e+02,2.897447588903236806e+02
3.630000000000000000e+02,2.927145063486369736e+01,3.630000000000000000e+02,2.927145063486369736e+02
3.640000000000000000e+02,2.905893114562771373e+01,3.640000000000000000e+02,2.905893114562771302e+02
3.650000000000000000e+02,2.868858706896072164e+01,3.650000000000000000e+02,2.868858706896072590e+02
3.660000000000000000e+02,2.808649048653373370e+01,3.660000000000000000e+02,2.808649048653373370e+02
3.670000000000000000e+02,2.741352849997132779e+01,3.670000000000000000e+02,2.741352849997132353e+02
3.680000000000000000e+02,2.545873934453822685e+01,3.680000000000000000e+02,2.545873934453822187e+02
3.690000000000000000e+02,2.311707156658805218e+01,3.690000000000000000e+02,2.311707156658804934e+02
3.700000000000000000e+02,2.580892639256321175e+01,3.700000000000000000e+02,2.580892639256320535e+02
3.710000000000000000e+02,3.000016500376980133e+01,3.710000000000000000e+02,3.000016500376980275e+02
3.720000000000000000e+02,3.432271230648082394e+01,3.720000000000000000e+02,3.432271230648082110e+02
3.730000000000000000e+02,3.868385975644594055e+01,3.730000000000000000e+02,3.868385975644594055e+02
3.740000000000000000e+02,4.285430252750791169e+01,3.740000000000000000e+02,4.285430252750791738e+02
3.750000000000000000e+02,4.696942687895023028e+01,3.750000000000000000e+02,4.696942687895023028e+02
3.760000000000000000e+02,5.022108714243582028e+01,3.760000000000000000e+02,5.022108714243582313e+02
3.770000000000000000e+02,5.322561888289895649e+01,3.770000000000000000e+02,5.322561888289894796e+02
3.780000000000000000e+02,6.030716268967826466e+01,3.780000000000000000e+02,6.030716268967826181e+02
3.790000000000000000e+02,6.853989650676149381e+01,3.790000000000000000e+02,6.853989650676148813e+02
3.800000000000000000e+02,7.976441698346940257e+01,3.800000000000000000e+02,7.976441698346939120e+02
3.810000000000000000e+02,9.182226793462963599e+01,3.810000000000000000e+02,9.182226793462962178e+02
3.820000000000000000e+02,1.049797850591899930e+02,3.820000000000000000e+02,1.049797850591899760e+03
3.830000000000000000e+02,1.184394248239697305e+02,3.830000000000000000e+02,1.184394248239697390e+03
3.840000000000000000e+02,1.331457574952796961e+02,3.840000000000000000e+02,1.331457574952797131e+03
3.850000000000000000e+02,1.481898987553728944e+02,3.850000000000000000e+02,1.481898987553729285e+03
3.860000000000000000e+02,1.639095101494135349e+02,3.860000000000000000e+02,1.639095101494135633e+03
3.870000000000000000e+02,1.798096135758020182e+02,3.870000000000000000e+02,1.798096135758019955e+03
3.880000000000000000e+02,2.023984374512122315e+02,3.880000000000000000e+02,2.023984374512122031e+03
3.890000000000000000e+02,2.267495876507801142e+02,3.890000000000000000e+02,2.267495876507801313e+03
3.900000000000000000e+02,2.438663051714895857e+02,3.900000000000000000e+02,2.438663051714895573e+03
3.910000000000000000e+02,2.591037549417793571e+02,3.910000000000000000e+02,2.591037549417792889e+03
3.920000000000000000e+02,2.700784274152315447e+02,3.920000000000000000e+02,2.700784274152315447e+03
3.930000000000000000e+02,2.799614937565577861e+02,3.930000000000000000e+02,2.799614937565577748e+03
3.940000000000000000e+02,2.889504699789775941e+02,3.940000000000000000e+02,2.889504699789775714e+03
3.950000000000000000e+02,2.977137674328090498e+02,3.950000000000000000e+02,2.977137674328090270e+03
3.960000000000000000e+02,3.036615012856133831e+02,3.960000000000000000e+02,3.036615012856133944e+03
3.970000000000000000e+02,3.089088185269097835e+02,3.970000000000000000e+02,3.089088185269098176e+03
3.980000000000000000e+02,3.076166303657549292e+02,3.980000000000000000e+02,3.076166303657550088e+03
3.990000000000000000e+02,3.047213374654663767e+02,3.990000000000000000e+02,3.047213374654663767e+03
4.000000000000000000e+02,2.897098517268659634e+02,4.000000000000000000e+02,2.897098517268659634e+03
4.010000000000000000e+02,2.717718436322243747e+02,4.010000000000000000e+02,2.717718436322243178e+03
4.020000000000000000e+02,2.485223720868266071e+02,4.020000000000000000e+02,2.485223720868265445e+03
4.030000000000000000e+02,2.240090089449373920e+02,4.030000000000000000e+02,2.240090089449373863e+03
4.040000000000000000e+02,1.916837333335327287e+02,4.040000000000000000e+02,1.916837333335327230e+03
4.050000000000000000e+02,1.575273971968433102e+02,4.050000000000000000e+02,1.575273971968432988e+03
4.060000000000000000e+02,1.639626589701321393e+02,4.060000000000000000e+02,1.639626589701321336e+03
4.070000000000000000e+02,1.797685623147256990e+02,4.070000000000000000e+02,1.797685623147257047e+03
4.080000000000000000e+02,2.185121701491115687e+02,4.080000000000000000e+02,2.185121701491115800e+03
4.090000000000000000e+02,2.624702154695692684e+02,4.090000000000000000e+02,2.624702154695692116e+03
4.100000000000000000e+02,3.026326736355475191e+02,4.100000000000000000e+02,3.026326736355475077e+03
4.110000000000000000e+02,3.419455688203956925e+02,4.110000000000000000e+02,3.419455688203956925e+03
4.120000000000000000e+02,3.751628031131450598e+02,4.120000000000000000e+02,3.751628031131451280e+03
4.130000000000000000e+02,4.070368720157645157e+02,4.130000000000000000e+02,4.070368720157646294e+03
4.140000000000000000e+02,4.350527435677618087e+02,4.140000000000000000e+02,4.350527435677618996e+03
4.150000000000000000e+02,4.622318253880160910e+02,4.150000000000000000e+02,4.622318253880161137e+03
4.160000000000000000e+02,4.748703194163537660e+02,4.160000000000000000e+02,4.748703194163537773e+03
4.170000000000000000e+02,4.844052096161221357e+02,4.170000000000000000e+02,4.844052096161221925e+03
4.180000000000000000e+02,5.010154980802868749e+02,4.180000000000000000e+02,5.010154980802868522e+03
4.190000000000000000e+02,5.191117728914098279e+02,4.190000000000000000e+02,5.191117728914098734e+03
4.200000000000000000e+02,5.423603361846579674e+02,4.200000000000000000e+02,5.423603361846579901e+03
4.210000000000000000e+02,5.666734562587161008e+02,4.210000000000000000e+02,5.666734562587161236e+03
4.220000000000000000e+02,5.768132239428115327e+02,4.220000000000000000e+02,5.768132239428116009e+03
4.230000000000000000e+02,5.840724846890622075e+02,4.230000000000000000e+02,5.840724846890622757e+03
4.240000000000000000e+02,5.949361537545008787e+02,4.240000000000000000e+02,5.949361537545009014e+03
4.250000000000000000e+02,6.065202311076786827e+02,4.250000000000000000e+02,6.065202311076785918e+03
4.260000000000000000e+02,6.159572107090053805e+02,4.260000000000000000e+02,6.159572107090053578e+03
4.270000000000000000e+02,6.249722381109909293e+02,4.270000000000000000e+02,6.249722381109908383e+03
4.280000000000000000e+02,6.258022892736487393e+02,4.280000000000000000e+02,6.258022892736486028e+03
4.290000000000000000e+02,6.250510506160107980e+02,4.290000000000000000e+02,6.250510506160107070e+03
4.300000000000000000e+02,6.353055113406600185e+02,4.300000000000000000e+02,6.353055113406599048e+03
4.310000000000000000e+02,6.476497861417326476e+02,4.310000000000000000e+02,6.476497861417326021e+03
4.320000000000000000e+02,6.503643647345716090e+02,4.320000000000000000e+02,6.503643647345716090e+03
4.330000000000000000e+02,6.512821041330613525e+02,4.330000000000000000e+02,6.512821041330613298e+03
4.340000000000000000e+02,6.545164925824462898e+02,4.340000000000000000e+02,6.545164925824463353e+03
4.350000000000000000e+02,6.581755703894052658e+02,4.350000000000000000e+02,6.581755703894052203e+03
4.360000000000000000e+02,6.616372800549667090e+02,4.360000000000000000e+02,6.616372800549667772e+03
4.370000000000000000e+02,6.650634505197148201e+02,4.370000000000000000e+02,6.650634505197149338e+03
4.380000000000000000e+02,6.664660685263012283e+02,4.380000000000000000e+02,6.664660685263012056e+03
4.390000000000000000e+02,6.675108649983156965e+02,4.390000000000000000e+02,6.675108649983155374e+03
4.400000000000000000e+02,6.686176884569040340e+02,4.400000000000000000e+02,6.686176884569039430e+03
4.410000000000000000e+02,6.697352803563424004e+02,4.410000000000000000e+02,6.697352803563424459e+03
4.420000000000000000e+02,6.702968885112617272e+02,4.420000000000000000e+02,6.702968885112618409e+03
4.430000000000000000e+02,6.707637530896749922e+02,4.430000000000000000e+02,6.707637530896749922e+03
4.440000000000000000e+02,6.766309934666362551e+02,4.440000000000000000e+02,6.766309934666362096e+03
4.450000000000000000e+02,6.834012990278807820e+02,4.450000000000000000e+02,6.834012990278807592e+03
4.460000000000000000e+02,6.802329034503951561e+02,4.460000000000000000e+02,6.802329034503951334e+03
4.470000000000000000e+02,6.754340093353786187e+02,4.470000000000000000e+02,6.754340093353785960e+03
4.480000000000000000e+02,6.823502911867536795e+02,4.480000000000000000e+02,6.823502911867536568e+03
4.490000000000000000e+02,6.911516089996810024e+02,4.490000000000000000e+02,6.911516089996810479e+03
4.500000000000000000e+02,6.943973706212378829e+02,4.500000000000000000e+02,6.943973706212378602e+03
4.510000000000000000e+02,6.967666184843563997e+02,4.510000000000000000e+02,6.967666184843563315e+03
4.520000000000000000e+02,6.963473709690446185e+02,4.520000000000000000e+02,6.963473709690446412e+03
4.530000000000000000e+02,6.954968650583232375e+02,4.530000000000000000e+02,6.954968650583233284e+03
4.540000000000000000e+02,6.972997364097044510e+02,4.540000000000000000e+02,6.972997364097045647e+03
4.550000000000000000e+02,6.995047453494994443e+02,4.550000000000000000e+02,6.995047453494995352e+03
4.560000000000000000e+02,6.999731948783903590e+02,4.560000000000000000e+02,6.999731948783904045e+03
4.570000000000000000e+02,7.001838103890131606e+02,4.570000000000000000e+02,7.001838103890130697e+03
4.580000000000000000e+02,7.019656779619385816e+02,4.580000000000000000e+02,7.019656779619385816e+03
4.590000000000000000e+02,7.039760176667872429e+02,4.590000000000000000e+02,7.039760176667872656e+03
4.600000000000000000e+02,7.033119597222970469e+02,4.600000000000000000e+02,7.033119597222970697e+03
4.610000000000000000e+02,7.022671808027884026e+02,4.610000000000000000e+02,7.022671808027883344e+03
4.620000000000000000e+02,6.952840217403645511e+02,4.620000000000000000e+02,6.952840217403646420e+03
4.630000000000000000e+02,6.874735048791746976e+02,4.630000000000000000e+02,6.874735048791748341e+03
4.640000000000000000e+02,6.970137116979335588e+02,4.640000000000000000e+02,6.970137116979336497e+03
4.650000000000000000e+02,7.089189272169256810e+02,4.650000000000000000e+02,7.089189272169257492e+03
4.660000000000000000e+02,7.055826492922357147e+02,4.660000000000000000e+02,7.055826492922357829e+03
4.670000000000000000e+02,7.002146157290833344e+02,4.670000000000000000e+02,7.002146157290833798e+03
4.680000000000000000e+02,7.193560507083208222e+02,4.680000000000000000e+02,7.193560507083208904e+03
4.690000000000000000e+02,7.416915163670792026e+02,4.690000000000000000e+02,7.416915163670792936e+03
4.700000000000000000e+02,7.251129435820339495e+02,4.700000000000000000e+02,7.251129435820340404e+03
4.710000000000000000e+02,7.035787486534123900e+02,4.710000000000000000e+02,7.035787486534125492e+03
4.720000000000000000e+02,7.000348185404540118e+02,4.720000000000000000e+02,7.000348185404540345e+03
4.730000000000000000e+02,6.987287548578307224e+02,4.730000000000000000e+02,6.987287548578306087e+03
4.740000000000000000e+02,6.951754642141061140e+02,4.740000000000000000e+02,6.951754642141060685e+03
4.750000000000000000e+02,6.913492390901759563e+02,4.750000000000000000e+02,6.913492390901760700e+03
4.760000000000000000e+02,6.932432061757623387e+02,4.760000000000000000e+02,6.932432061757623160e+03
4.770000000000000000e+02,6.958151872924845520e+02,4.770000000000000000e+02,6.958151872924845520e+03
4.780000000000000000e+02,6.954768599878191253e+02,4.780000000000000000e+02,6.954768599878192617e+03
4.790000000000000000e+02,6.948020393775918819e+02,4.790000000000000000e+02,6.948020393775919729e+03
4.800000000000000000e+02,6.960776789668769879e+02,4.800000000000000000e+02,6.960776789668770107e+03
4.810000000000000000e+02,6.975731890949252829e+02,4.810000000000000000e+02,6.975731890949253284e+03
4.820000000000000000e+02,6.967046272460434011e+02,4.820000000000000000e+02,6.967046272460434921e+03
4.830000000000000000e+02,6.955763748666262245e+02,4.830000000000000000e+02,6.955763748666264291e+03
4.840000000000000000e+02,6.919621968601218214e+02,4.840000000000000000e+02,6.919621968601219123e+03
4.850000000000000000e+02,6.880820621280146270e+02,4.850000000000000000e+02,6.880820621280146952e+03
4.860000000000000000e+02,6.902983606531862506e+02,4.860000000000000000e+02,6.902983606531862279e+03
4.870000000000000000e+02,6.931495167036722478e+02,4.870000000000000000e+02,6.931495167036721796e+03
4.880000000000000000e+02,6.912595894832551267e+02,4.880000000000000000e+02,6.912595894832550584e+03
4.890000000000000000e+02,6.888893837646497786e+02,4.890000000000000000e+02,6.888893837646497559e+03
4.900000000000000000e+02,6.894260131070308262e+02,4.900000000000000000e+02,6.894260131070307580e+03
4.910000000000000000e+02,6.902489118534625732e+02,4.910000000000000000e+02,6.902489118534625050e+03
4.920000000000000000e+02,6.903897858671028871e+02,4.920000000000000000e+02,6.903897858671028189e+03
4.930000000000000000e+02,6.904654065316667584e+02,4.930000000000000000e+02,6.904654065316666674e+03
4.940000000000000000e+02,6.913355316903092671e+02,4.940000000000000000e+02,6.913355316903092898e+03
4.950000000000000000e+02,6.922794541406905182e+02,4.950000000000000000e+02,6.922794541406905410e+03
4.960000000000000000e+02,6.900543847806303575e+02,4.960000000000000000e+02,6.900543847806304257e+03
4.970000000000000000e+02,6.875437651498281184e+02,4.970000000000000000e+02,6.875437651498281411e+03
4.980000000000000000e+02,6.917971377561588042e+02,4.980000000000000000e+02,6.917971377561588270e+03
4.990000000000000000e+02,6.966413086794191258e+02,4.990000000000000000e+02,6.966413086794190349e+03
5.000000000000000000e+02,6.984699589239112356e+02,5.000000000000000000e+02,6.984699589239112356e+03
5.010000000000000000e+02,7.000435093910629121e+02,5.010000000000000000e+02,7.000435093910628893e+03
5.020000000000000000e+02,6.916822841631092160e+02,5.020000000000000000e+02,6.916822841631092160e+03
5.030000000000000000e+02,6.825077937785890754e+02,5.030000000000000000e+02,6.825077937785890754e+03
5.040000000000000000e+02,6.867347368722889769e+02,5.040000000000000000e+02,6.867347368722889769e+03
5.050000000000000000e+02,6.920222566950862984e+02,5.050000000000000000e+02,6.920222566950861619e+03
5.060000000000000000e+02,6.844100049607974370e+02,5.060000000000000000e+02,6.844100049607974142e+03
5.070000000000000000e+02,6.758118067313876054e+02,5.070000000000000000e+02,6.758118067313876054e+03
5.080000000000000000e+02,6.711879571513352403e+02,5.080000000000000000e+02,6.711879571513352857e+03
5.090000000000000000e+02,6.668571646419077297e+02,5.090000000000000000e+02,6.668571646419079116e+03
5.100000000000000000e+02,6.675068607470573170e+02,5.100000000000000000e+02,6.675068607470573625e+03
5.110000000000000000e+02,6.685104524545583899e+02,5.110000000000000000e+02,6.685104524545584354e+03
5.120000000000000000e+02,6.642066460604480653e+02,5.120000000000000000e+02,6.642066460604480199e+03
5.130000000000000000e+02,6.595398718857358062e+02,5.130000000000000000e+02,6.595398718857358290e+03
5.140000000000000000e+02,6.305598477936056270e+02,5.140000000000000000e+02,6.305598477936056042e+03
5.150000000000000000e+02,5.999815946446482258e+02,5.150000000000000000e+02,5.999815946446481576e+03
5.160000000000000000e+02,6.189117257019325962e+02,5.160000000000000000e+02,6.189117257019324825e+03
5.170000000000000000e+02,6.409655352765907992e+02,5.170000000000000000e+02,6.409655352765907082e+03
5.180000000000000000e+02,6.413517670704484317e+02,5.180000000000000000e+02,6.413517670704483862e+03
5.190000000000000000e+02,6.404278467578336631e+02,5.190000000000000000e+02,6.404278467578335949e+03
5.200000000000000000e+02,6.380442206898763970e+02,5.200000000000000000e+02,6.380442206898764198e+03
5.210000000000000000e+02,6.355761490930914306e+02,5.210000000000000000e+02,6.355761490930913169e+03
5.220000000000000000e+02,6.318719053334469891e+02,5.220000000000000000e+02,6.318719053334469208e+03
5.230000000000000000e+02,6.280993643309752770e+02,5.230000000000000000e+02,6.280993643309752770e+03
5.240000000000000000e+02,6.213835814527453749e+02,5.240000000000000000e+02,6.213835814527454204e+03
5.250000000000000000e+02,6.145128084759505782e+02,5.250000000000000000e+02,6.145128084759506237e+03
5.260000000000000000e+02,6.136222354806355952e+02,5.260000000000000000e+02,6.136222354806355725e+03
5.270000000000000000e+02,6.130311689038718441e+02,5.270000000000000000e+02,6.130311689038717304e+03
5.280000000000000000e+02,6.094804578411548164e+02,5.280000000000000000e+02,6.094804578411547482e+03
5.290000000000000000e+02,6.057891075793465916e+02,5.290000000000000000e+02,6.057891075793466371e+03
5.300000000000000000e+02,4.864920584850352725e+02,5.300000000000000000e+02,4.864920584850352498e+03
5.310000000000000000e+02,3.619965238654241944e+02,5.310000000000000000e+02,3.619965238654242512e+03
5.320000000000000000e+02,6.402293239787484254e+02,5.320000000000000000e+02,6.402293239787484708e+03
5.330000000000000000e+02,9.355491673473488845e+02,5.330000000000000000e+02,9.355491673473488845e+03
5.340000000000000000e+02,7.827654352252262697e+02,5.340000000000000000e+02,7.827654352252262470e+03
5.350000000000000000e+02,6.121017640532556925e+02,5.350000000000000000e+02,6.121017640532556470e+03
5.360000000000000000e+02,6.438474495922155256e+02,5.360000000000000000e+02,6.438474495922154347e+03
5.370000000000000000e+02,6.831605560414743650e+02,5.370000000000000000e+02,6.831605560414742286e+03
5.380000000000000000e+02,6.542252636026676100e+02,5.380000000000000000e+02,6.542252636026675646e+03
5.390000000000000000e+02,6.229091797695157311e+02,5.390000000000000000e+02,6.229091797695156856e+03
5.400000000000000000e+02,6.193558830739204950e+02,5.400000000000000000e+02,6.193558830739204495e+03
5.410000000000000000e+02,6.167019270879063697e+02,5.410000000000000000e+02,6.167019270879063697e+03
5.420000000000000000e+02,7.456173567090143024e+02,5.420000000000000000e+02,7.456173567090142569e+03
5.430000000000000000e+02,8.784687165538352929e+02,5.430000000000000000e+02,8.784687165538352929e+03
5.440000000000000000e+02,7.382523280304108084e+02,5.440000000000000000e+02,7.382523280304107175e+03
5.450000000000000000e+02,5.905406088460276806e+02,5.450000000000000000e+02,5.905406088460276806e+03
5.460000000000000000e+02,6.033084752272061451e+02,5.460000000000000000e+02,6.033084752272061451e+03
5.470000000000000000e+02,6.200873310007838199e+02,5.470000000000000000e+02,6.200873310007838882e+03
5.480000000000000000e+02,5.518597130159274684e+02,5.480000000000000000e+02,5.518597130159274457e+03
5.490000000000000000e+02,4.817151459264924824e+02,5.490000000000000000e+02,4.817151459264925506e+03
5.500000000000000000e+02,4.832723096777405658e+02,5.500000000000000000e+02,4.832723096777405772e+03
5.510000000000000000e+02,4.862720478491469294e+02,5.510000000000000000e+02,4.862720478491469294e+03
5.520000000000000000e+02,5.227589640885863673e+02,5.520000000000000000e+02,5.227589640885864355e+03
5.530000000000000000e+02,5.598385737451512796e+02,5.530000000000000000e+02,5.598385737451513705e+03
5.540000000000000000e+02,7.224503792273112595e+02,5.540000000000000000e+02,7.224503792273111685e+03
5.550000000000000000e+02,8.869816451452986712e+02,5.550000000000000000e+02,8.869816451452987167e+03
5.560000000000000000e+02,6.462866331866849805e+02,5.560000000000000000e+02,6.462866331866849578e+03
5.570000000000000000e+02,4.003668670344433167e+02,5.570000000000000000e+02,4.003668670344432940e+03
5.580000000000000000e+02,4.258358874922665791e+02,5.580000000000000000e+02,4.258358874922665564e+03
5.590000000000000000e+02,4.541565413843832744e+02,5.590000000000000000e+02,4.541565413843833085e+03
5.600000000000000000e+02,4.354889631288117471e+02,5.600000000000000000e+02,4.354889631288117016e+03
5.610000000000000000e+02,4.164392340181675536e+02,5.610000000000000000e+02,4.164392340181675536e+03
5.620000000000000000e+02,3.943394575369800350e+02,5.620000000000000000e+02,3.943394575369800350e+03
5.630000000000000000e+02,3.722220841503528845e+02,5.630000000000000000e+02,3.722220841503528391e+03
5.640000000000000000e+02,5.453176007599723789e+02,5.640000000000000000e+02,5.453176007599723562e+03
5.650000000000000000e+02,7.190801453663929124e+02,5.650000000000000000e+02,7.190801453663928442e+03
5.660000000000000000e+02,6.214707724796716093e+02,5.660000000000000000e+02,6.214707724796715411e+03
5.670000000000000000e+02,5.235482406553284136e+02,5.670000000000000000e+02,5.235482406553284818e+03
5.680000000000000000e+02,4.086870747494846228e+02,5.680000000000000000e+02,4.086870747494846000e+03
5.690000000000000000e+02,2.943217130263441845e+02,5.690000000000000000e+02,2.943217130263441959e+03
5.700000000000000000e+02,3.176554587232612903e+02,5.700000000000000000e+02,3.176554587232613358e+03
5.710000000000000000e+02,3.408798710822262024e+02,5.710000000000000000e+02,3.408798710822261910e+03
5.720000000000000000e+02,3.457411502466041497e+02,5.720000000000000000e+02,3.457411502466041384e+03
5.730000000000000000e+02,3.517193794600705701e+02,5.730000000000000000e+02,3.517193794600705587e+03
5.740000000000000000e+02,4.919731172770271428e+02,5.740000000000000000e+02,4.919731172770270859e+03
5.750000000000000000e+02,6.291968784573447238e+02,5.750000000000000000e+02,6.291968784573446101e+03
5.760000000000000000e+02,4.830829967954355197e+02,5.760000000000000000e+02,4.830829967954354288e+03
5.770000000000000000e+02,3.390365867788972878e+02,5.770000000000000000e+02,3.390365867788972992e+03
5.780000000000000000e+02,3.530462743853340726e+02,5.780000000000000000e+02,3.530462743853340271e+03
5.790000000000000000e+02,3.670991693699533016e+02,5.790000000000000000e+02,3.670991693699532789e+03
5.800000000000000000e+02,3.839434793203274126e+02,5.800000000000000000e+02,3.839434793203273784e+03
5.810000000000000000e+02,4.002413249514540325e+02,5.810000000000000000e+02,4.002413249514540894e+03
5.820000000000000000e+02,3.859901133450155157e+02,5.820000000000000000e+02,3.859901133450155157e+03
5.830000000000000000e+02,3.748483663812092459e+02,5.830000000000000000e+02,3.748483663812092345e+03
5.840000000000000000e+02,5.168145052272856219e+02,5.840000000000000000e+02,5.168145052272855537e+03
5.850000000000000000e+02,6.519490603758013094e+02,5.850000000000000000e+02,6.519490603758011275e+03
5.860000000000000000e+02,4.866807582747317156e+02,5.860000000000000000e+02,4.866807582747316701e+03
5.870000000000000000e+02,3.240513494540671786e+02,5.870000000000000000e+02,3.240513494540671218e+03
5.880000000000000000e+02,2.662003740763491919e+02,5.880000000000000000e+02,2.662003740763491805e+03
5.890000000000000000e+02,2.126954765207878779e+02,5.890000000000000000e+02,2.126954765207878609e+03
5.900000000000000000e+02,3.164223077420149366e+02,5.900000000000000000e+02,3.164223077420149366e+03
5.910000000000000000e+02,4.148646297792794257e+02,5.910000000000000000e+02,4.148646297792794940e+03
5.920000000000000000e+02,3.377930833380469267e+02,5.920000000000000000e+02,3.377930833380469267e+03
5.930000000000000000e+02,2.665152120520843368e+02,5.930000000000000000e+02,2.665152120520842800e+03
5.940000000000000000e+02,3.730216770331675775e+02,5.940000000000000000e+02,3.730216770331675434e+03
5.950000000000000000e+02,4.719311862216668487e+02,5.950000000000000000e+02,4.719311862216667578e+03
5.960000000000000000e+02,3.542774753496881885e+02,5.960000000000000000e+02,3.542774753496882113e+03
5.970000000000000000e+02,2.416374965236325636e+02,5.970000000000000000e+02,2.416374965236325806e+03
5.980000000000000000e+02,2.624015083633457834e+02,5.980000000000000000e+02,2.624015083633457834e+03
5.990000000000000000e+02,2.829533141788742796e+02,5.990000000000000000e+02,2.829533141788742796e+03
6.000000000000000000e+02,2.982130230727911453e+02,6.000000000000000000e+02,2.982130230727911112e+03
6.010000000000000000e+02,3.126937775790928526e+02,6.010000000000000000e+02,3.126937775790928299e+03
6.020000000000000000e+02,3.089005788314668735e+02,6.020000000000000000e+02,3.089005788314668735e+03
6.030000000000000000e+02,3.058467445273996077e+02,6.030000000000000000e+02,3.058467445273995963e+03
6.040000000000000000e+02,3.191626193364795085e+02,6.040000000000000000e+02,3.191626193364795199e+03
6.050000000000000000e+02,3.374515797452024231e+02,6.050000000000000000e+02,3.374515797452023889e+03
6.060000000000000000e+02,4.599562298360850150e+02,6.060000000000000000e+02,4.599562298360850036e+03
6.070000000000000000e+02,5.718475612033249718e+02,6.070000000000000000e+02,5.718475612033250400e+03
6.080000000000000000e+02,4.726722454890900167e+02,6.080000000000000000e+02,4.726722454890899826e+03
6.090000000000000000e+02,3.759454687920123774e+02,6.090000000000000000e+02,3.759454687920123888e+03
6.100000000000000000e+02,3.255382888913637771e+02,6.100000000000000000e+02,3.255382888913637998e+03
6.110000000000000000e+02,2.799765148516721069e+02,6.110000000000000000e+02,2.799765148516721183e+03
6.120000000000000000e+02,3.217946814596950844e+02,6.120000000000000000e+02,3.217946814596950844e+03
6.130000000000000000e+02,3.602701386473826801e+02,6.130000000000000000e+02,3.602701386473826460e+03
6.140000000000000000e+02,3.411675186826524850e+02,6.140000000000000000e+02,3.411675186826524623e+03
6.150000000000000000e+02,3.326614268971684396e+02,6.150000000000000000e+02,3.326614268971684851e+03
6.160000000000000000e+02,4.988103015190047813e+02,6.160000000000000000e+02,4.988103015190047699e+03
6.170000000000000000e+02,6.463171168315230943e+02,6.170000000000000000e+02,6.463171168315230716e+03
6.180000000000000000e+02,4.993212873261542200e+02,6.180000000000000000e+02,4.993212873261541972e+03
6.190000000000000000e+02,3.609492765349542083e+02,6.190000000000000000e+02,3.609492765349541969e+03
6.200000000000000000e+02,3.533558376794460969e+02,6.200000000000000000e+02,3.533558376794460855e+03
6.210000000000000000e+02,3.440697023450288157e+02,6.210000000000000000e+02,3.440697023450288270e+03
6.220000000000000000e+02,3.101077188773629132e+02,6.220000000000000000e+02,3.101077188773628677e+03
6.230000000000000000e+02,2.807476099075147431e+02,6.230000000000000000e+02,2.807476099075146976e+03
6.240000000000000000e+02,3.159609702392604049e+02,6.240000000000000000e+02,3.159609702392604049e+03
6.250000000000000000e+02,3.565400148491544883e+02,6.250000000000000000e+02,3.565400148491544769e+03
6.260000000000000000e+02,4.696797908013667779e+02,6.260000000000000000e+02,4.696797908013667438e+03
6.270000000000000000e+02,5.656086861835485706e+02,6.270000000000000000e+02,5.656086861835485252e+03
6.280000000000000000e+02,4.369777352222275226e+02,6.280000000000000000e+02,4.369777352222275113e+03
6.290000000000000000e+02,3.166283907466738015e+02,6.290000000000000000e+02,3.166283907466738583e+03
6.300000000000000000e+02,3.006450978982408628e+02,6.300000000000000000e+02,3.006450978982409197e+03
6.310000000000000000e+02,2.880616841468220741e+02,6.310000000000000000e+02,2.880616841468221082e+03
6.320000000000000000e+02,3.169028261597285336e+02,6.320000000000000000e+02,3.169028261597285564e+03
6.330000000000000000e+02,3.406320310701968879e+02,6.330000000000000000e+02,3.406320310701969447e+03
6.340000000000000000e+02,3.040862358394467719e+02,6.340000000000000000e+02,3.040862358394467719e+03
6.350000000000000000e+02,2.810522130541305046e+02,6.350000000000000000e+02,2.810522130541305160e+03
6.360000000000000000e+02,4.123320204405890763e+02,6.360000000000000000e+02,4.123320204405890763e+03
6.370000000000000000e+02,5.231879774330664077e+02,6.370000000000000000e+02,5.231879774330663167e+03
6.380000000000000000e+02,4.079273739594202084e+02,6.380000000000000000e+02,4.079273739594201288e+03
6.390000000000000000e+02,3.003432261741091907e+02,6.390000000000000000e+02,3.003432261741091224e+03
6.400000000000000000e+02,2.752106430204456728e+02,6.400000000000000000e+02,2.752106430204456956e+03
6.410000000000000000e+02,2.524582269438806748e+02,6.410000000000000000e+02,2.524582269438807089e+03
6.420000000000000000e+02,2.545263717838611797e+02,6.420000000000000000e+02,2.545263717838611683e+03
6.430000000000000000e+02,2.569652542516790845e+02,6.430000000000000000e+02,2.569652542516790163e+03
6.440000000000000000e+02,2.631602810567704296e+02,6.440000000000000000e+02,2.631602810567704182e+03
6.450000000000000000e+02,2.801715930947167408e+02,6.450000000000000000e+02,2.801715930947167180e+03
6.460000000000000000e+02,4.037234336148732154e+02,6.460000000000000000e+02,4.037234336148731927e+03
6.470000000000000000e+02,5.021973197222437193e+02,6.470000000000000000e+02,5.021973197222437193e+03
6.480000000000000000e+02,3.603650158934460137e+02,6.480000000000000000e+02,3.603650158934459796e+03
6.490000000000000000e+02,2.343589045918254783e+02,6.490000000000000000e+02,2.343589045918254669e+03
6.500000000000000000e+02,2.559733682591258344e+02,6.500000000000000000e+02,2.559733682591258457e+03
6.510000000000000000e+02,2.765293936637955881e+02,6.510000000000000000e+02,2.765293936637955539e+03
6.520000000000000000e+02,2.874696848685310329e+02,6.520000000000000000e+02,2.874696848685310215e+03
6.530000000000000000e+02,2.929994027385582172e+02,6.530000000000000000e+02,2.929994027385582285e+03
6.540000000000000000e+02,2.506282029370883890e+02,6.540000000000000000e+02,2.506282029370884175e+03
6.550000000000000000e+02,2.274275640855235849e+02,6.550000000000000000e+02,2.274275640855235906e+03
6.560000000000000000e+02,3.697068181033874339e+02,6.560000000000000000e+02,3.697068181033873771e+03
6.570000000000000000e+02,4.848061215445869152e+02,6.570000000000000000e+02,4.848061215445868584e+03
6.580000000000000000e+02,3.710374737677458370e+02,6.580000000000000000e+02,3.710374737677458143e+03
6.590000000000000000e+02,2.666517971354304564e+02,6.590000000000000000e+02,2.666517971354304791e+03
6.600000000000000000e+02,2.393758402063519384e+02,6.600000000000000000e+02,2.393758402063519497e+03
6.610000000000000000e+02,2.162327809985214913e+02,6.610000000000000000e+02,2.162327809985214571e+03
6.620000000000000000e+02,2.262526918356423096e+02,6.620000000000000000e+02,2.262526918356422811e+03
6.630000000000000000e+02,2.344418652790732551e+02,6.630000000000000000e+02,2.344418652790732267e+03
6.640000000000000000e+02,2.282812979152803621e+02,6.640000000000000000e+02,2.282812979152803564e+03
6.650000000000000000e+02,2.230878850282707617e+02,6.650000000000000000e+02,2.230878850282707845e+03
6.660000000000000000e+02,2.253027022725344750e+02,6.660000000000000000e+02,2.253027022725344978e+03
6.670000000000000000e+02,2.403744409468885976e+02,6.670000000000000000e+02,2.403744409468886261e+03
6.680000000000000000e+02,3.517248773846685026e+02,6.680000000000000000e+02,3.517248773846685253e+03
6.690000000000000000e+02,4.327432829160819097e+02,6.690000000000000000e+02,4.327432829160818073e+03
6.700000000000000000e+02,2.916167926177319032e+02,6.700000000000000000e+02,2.916167926177318805e+03
6.710000000000000000e+02,1.695604600897798946e+02,6.710000000000000000e+02,1.695604600897798719e+03
6.720000000000000000e+02,1.841483414569418926e+02,6.720000000000000000e+02,1.841483414569418983e+03
6.730000000000000000e+02,1.977969202046152191e+02,6.730000000000000000e+02,1.977969202046152077e+03
6.740000000000000000e+02,2.048583284952295003e+02,6.740000000000000000e+02,2.048583284952294889e+03
6.750000000000000000e+02,2.112922740065355356e+02,6.750000000000000000e+02,2.112922740065355356e+03
6.760000000000000000e+02,2.134181152982372680e+02,6.760000000000000000e+02,2.134181152982372623e+03
6.770000000000000000e+02,2.275810058616010849e+02,6.770000000000000000e+02,2.275810058616010792e+03
6.780000000000000000e+02,3.226844306536868885e+02,6.780000000000000000e+02,3.226844306536868771e+03
6.790000000000000000e+02,3.937699289494836421e+02,6.790000000000000000e+02,3.937699289494836648e+03
6.800000000000000000e+02,3.066333654772637374e+02,6.800000000000000000e+02,3.066333654772637146e+03
6.810000000000000000e+02,2.310541146201827871e+02,6.810000000000000000e+02,2.310541146201827360e+03
6.820000000000000000e+02,2.300865125906809112e+02,6.820000000000000000e+02,2.300865125906809226e+03
6.830000000000000000e+02,2.263437739504749686e+02,6.830000000000000000e+02,2.263437739504749970e+03
6.840000000000000000e+02,2.050387737199834532e+02,6.840000000000000000e+02,2.050387737199834646e+03
6.850000000000000000e+02,1.900519726019982727e+02,6.850000000000000000e+02,1.900519726019982727e+03
6.860000000000000000e+02,2.142717793257023686e+02,6.860000000000000000e+02,2.142717793257023459e+03
6.870000000000000000e+02,2.461532510653897532e+02,6.870000000000000000e+02,2.461532510653897134e+03
6.880000000000000000e+02,3.246661120211206253e+02,6.880000000000000000e+02,3.246661120211206253e+03
6.890000000000000000e+02,3.764137094971187025e+02,6.890000000000000000e+02,3.764137094971186798e+03
6.900000000000000000e+02,2.683412555209380344e+02,6.900000000000000000e+02,2.683412555209380116e+03
6.910000000000000000e+02,1.795492592396318798e+02,6.910000000000000000e+02,1.795492592396318514e+03
6.920000000000000000e+02,2.037350617115886564e+02,6.920000000000000000e+02,2.037350617115886507e+03
6.930000000000000000e+02,2.208604580143149008e+02,6.930000000000000000e+02,2.208604580143149178e+03
6.940000000000000000e+02,1.973761991260682009e+02,6.940000000000000000e+02,1.973761991260681953e+03
6.950000000000000000e+02,1.767765430212922695e+02,6.950000000000000000e+02,1.767765430212922411e+03
6.960000000000000000e+02,1.724666142762252719e+02,6.960000000000000000e+02,1.724666142762252548e+03
6.970000000000000000e+02,1.864506442415454899e+02,6.970000000000000000e+02,1.864506442415454785e+03
6.980000000000000000e+02,3.018876244757579457e+02,6.980000000000000000e+02,3.018876244757579570e+03
6.990000000000000000e+02,3.838533577563785002e+02,6.990000000000000000e+02,3.838533577563785002e+03
7.000000000000000000e+02,2.834900284693596859e+02,7.000000000000000000e+02,2.834900284693597314e+03
7.010000000000000000e+02,1.975511826942408788e+02,7.010000000000000000e+02,1.975511826942408788e+03
7.020000000000000000e+02,1.888103452391275425e+02,7.020000000000000000e+02,1.888103452391275596e+03
7.030000000000000000e+02,1.817130931296156291e+02,7.030000000000000000e+02,1.817130931296156405e+03
7.040000000000000000e+02,1.832597820669471389e+02,7.040000000000000000e+02,1.832597820669471730e+03
7.050000000000000000e+02,1.839252527108893673e+02,7.050000000000000000e+02,1.839252527108893901e+03
7.060000000000000000e+02,1.800355399345317551e+02,7.060000000000000000e+02,1.800355399345317664e+03
7.070000000000000000e+02,1.940461625743481022e+02,7.070000000000000000e+02,1.940461625743480909e+03
7.080000000000000000e+02,2.990214704781237742e+02,7.080000000000000000e+02,2.990214704781237742e+03
7.090000000000000000e+02,3.693862614374448867e+02,7.090000000000000000e+02,3.693862614374449549e+03
7.100000000000000000e+02,2.668120551255192936e+02,7.100000000000000000e+02,2.668120551255193277e+03
7.110000000000000000e+02,1.813696461024381108e+02,7.110000000000000000e+02,1.813696461024381051e+03
7.120000000000000000e+02,1.801137350728299111e+02,7.120000000000000000e+02,1.801137350728299225e+03
7.130000000000000000e+02,1.790034545849617302e+02,7.130000000000000000e+02,1.790034545849617189e+03
7.140000000000000000e+02,1.785970980991338877e+02,7.140000000000000000e+02,1.785970980991339047e+03
7.150000000000000000e+02,1.771465947712197249e+02,7.150000000000000000e+02,1.771465947712197249e+03
7.160000000000000000e+02,1.707307907288918614e+02,7.160000000000000000e+02,1.707307907288918614e+03
7.170000000000000000e+02,1.655178555778382474e+02,7.170000000000000000e+02,1.655178555778382588e+03
7.180000000000000000e+02,1.659333554092338545e+02,7.180000000000000000e+02,1.659333554092338318e+03
7.190000000000000000e+02,1.867779114182507669e+02,7.190000000000000000e+02,1.867779114182507556e+03
7.200000000000000000e+02,3.016977837243759950e+02,7.200000000000000000e+02,3.016977837243759950e+03
7.210000000000000000e+02,3.750668692787681948e+02,7.210000000000000000e+02,3.750668692787681721e+03
7.220000000000000000e+02,2.600991039940998917e+02,7.220000000000000000e+02,2.600991039940998235e+03
7.230000000000000000e+02,1.667219957580697383e+02,7.230000000000000000e+02,1.667219957580697383e+03
7.240000000000000000e+02,1.696876965379818500e+02,7.240000000000000000e+02,1.696876965379818330e+03
7.250000000000000000e+02,1.736880093455717429e+02,7.250000000000000000e+02,1.736880093455717542e+03
7.260000000000000000e+02,1.822339642400026776e+02,7.260000000000000000e+02,1.822339642400026833e+03
7.270000000000000000e+02,1.877302203066479933e+02,7.270000000000000000e+02,1.877302203066479933e+03
7.280000000000000000e+02,1.800316392834991461e+02,7.280000000000000000e+02,1.800316392834991575e+03
7.290000000000000000e+02,1.927752446503355657e+02,7.290000000000000000e+02,1.927752446503355714e+03
7.300000000000000000e+02,2.926286808554879144e+02,7.300000000000000000e+02,2.926286808554878917e+03
7.310000000000000000e+02,3.539910311431769969e+02,7.310000000000000000e+02,3.539910311431770424e+03
7.320000000000000000e+02,2.537857101066904306e+02,7.320000000000000000e+02,2.537857101066904306e+03
7.330000000000000000e+02,1.745737250382883303e+02,7.330000000000000000e+02,1.745737250382883303e+03
7.340000000000000000e+02,1.821758600219069137e+02,7.340000000000000000e+02,1.821758600219068967e+03
7.350000000000000000e+02,1.849487296307400470e+02,7.350000000000000000e+02,1.849487296307400356e+03
7.360000000000000000e+02,1.680444042908521567e+02,7.360000000000000000e+02,1.680444042908521396e+03
7.370000000000000000e+02,1.581827689065791560e+02,7.370000000000000000e+02,1.581827689065791446e+03
7.380000000000000000e+02,1.765992841644304008e+02,7.380000000000000000e+02,1.765992841644303780e+03
7.390000000000000000e+02,2.033481323057484644e+02,7.390000000000000000e+02,2.033481323057484587e+03
7.400000000000000000e+02,2.630704798391085433e+02,7.400000000000000000e+02,2.630704798391085660e+03
7.410000000000000000e+02,2.948316182851517055e+02,7.410000000000000000e+02,2.948316182851517169e+03
7.420000000000000000e+02,2.175254319630754480e+02,7.420000000000000000e+02,2.175254319630754708e+03
7.430000000000000000e+02,1.550919805533079625e+02,7.430000000000000000e+02,1.550919805533079852e+03
7.440000000000000000e+02,1.498488836928993919e+02,7.440000000000000000e+02,1.498488836928994033e+03
7.450000000000000000e+02,1.471382921561300918e+02,7.450000000000000000e+02,1.471382921561300691e+03
7.460000000000000000e+02,1.540289381472130401e+02,7.460000000000000000e+02,1.540289381472130344e+03
7.470000000000000000e+02,1.593465210799645604e+02,7.470000000000000000e+02,1.593465210799645547e+03
7.480000000000000000e+02,1.587835495160432799e+02,7.480000000000000000e+02,1.587835495160432856e+03
7.490000000000000000e+02,1.741924044208852251e+02,7.490000000000000000e+02,1.741924044208852365e+03
7.500000000000000000e+02,2.484817230475028964e+02,7.500000000000000000e+02,2.484817230475029191e+03
7.510000000000000000e+02,2.892838910096102722e+02,7.510000000000000000e+02,2.892838910096102609e+03
7.520000000000000000e+02,2.083309076222217300e+02,7.520000000000000000e+02,2.083309076222217300e+03
7.530000000000000000e+02,1.469214918471214162e+02,7.530000000000000000e+02,1.469214918471213878e+03
7.540000000000000000e+02,1.556014830950748831e+02,7.540000000000000000e+02,1.556014830950748546e+03
7.550000000000000000e+02,1.594309738632603342e+02,7.550000000000000000e+02,1.594309738632603285e+03
7.560000000000000000e+02,1.461003469021291608e+02,7.560000000000000000e+02,1.461003469021291721e+03
7.570000000000000000e+02,1.379431209176594848e+02,7.570000000000000000e+02,1.379431209176595075e+03
7.580000000000000000e+02,1.478426511590031396e+02,7.580000000000000000e+02,1.478426511590031623e+03
7.590000000000000000e+02,1.707839649998894629e+02,7.590000000000000000e+02,1.707839649998894856e+03
7.600000000000000000e+02,2.386384937895082885e+02,7.600000000000000000e+02,2.386384937895083112e+03
7.610000000000000000e+02,2.758567250712141572e+02,7.610000000000000000e+02,2.758567250712141686e+03
7.620000000000000000e+02,2.089656233399567782e+02,7.620000000000000000e+02,2.089656233399567554e+03
7.630000000000000000e+02,1.588303677847322319e+02,7.630000000000000000e+02,1.588303677847321978e+03
7.640000000000000000e+02,1.648875250629025118e+02,7.640000000000000000e+02,1.648875250629025004e+03
7.650000000000000000e+02,1.659315232293031102e+02,7.650000000000000000e+02,1.659315232293030931e+03
7.660000000000000000e+02,1.503826523097762333e+02,7.660000000000000000e+02,1.503826523097762220e+03
7.670000000000000000e+02,1.417084279841983232e+02,7.670000000000000000e+02,1.417084279841983289e+03
7.680000000000000000e+02,1.554936419732103161e+02,7.680000000000000000e+02,1.554936419732103332e+03
7.690000000000000000e+02,1.825040648854443077e+02,7.690000000000000000e+02,1.825040648854443134e+03
7.700000000000000000e+02,2.521654184845232294e+02,7.700000000000000000e+02,2.521654184845232521e+03
7.710000000000000000e+02,2.862042381313850683e+02,7.710000000000000000e+02,2.862042381313850456e+03
7.720000000000000000e+02,2.068291507083384886e+02,7.720000000000000000e+02,2.068291507083385113e+03
7.730000000000000000e+02,1.449575936427064562e+02,7.730000000000000000e+02,1.449575936427064562e+03
7.740000000000000000e+02,1.381059521071161100e+02,7.740000000000000000e+02,1.381059521071161043e+03
7.750000000000000000e+02,1.337405312437580562e+02,7.750000000000000000e+02,1.337405312437580278e+03
7.760000000000000000e+02,1.370916593691699177e+02,7.760000000000000000e+02,1.370916593691699063e+03
7.770000000000000000e+02,1.384116131193662795e+02,7.770000000000000000e+02,1.384116131193663023e+03
7.780000000000000000e+02,1.335063362187229075e+02,7.780000000000000000e+02,1.335063362187228904e+03
7.790000000000000000e+02,1.291346552330792292e+02,7.790000000000000000e+02,1.291346552330792065e+03
7.800000000000000000e+02,1.263780034113213588e+02,7.800000000000000000e+02,1.263780034113213333e+03
7.810000000000000000e+02,1.425557116745128496e+02,7.810000000000000000e+02,1.425557116745128269e+03
7.820000000000000000e+02,2.153328719972817566e+02,7.820000000000000000e+02,2.153328719972817453e+03
7.830000000000000000e+02,2.515019635374934239e+02,7.830000000000000000e+02,2.515019635374933841e+03
7.840000000000000000e+02,1.795860399485264907e+02,7.840000000000000000e+02,1.795860399485264679e+03
7.850000000000000000e+02,1.268884643838644593e+02,7.850000000000000000e+02,1.268884643838644706e+03
7.860000000000000000e+02,1.302394455959736774e+02,7.860000000000000000e+02,1.302394455959736888e+03
7.870000000000000000e+02,1.334950610505107136e+02,7.870000000000000000e+02,1.334950610505107079e+03
7.880000000000000000e+02,1.364759297980306485e+02,7.880000000000000000e+02,1.364759297980306656e+03
7.890000000000000000e+02,1.413388781580710258e+02,7.890000000000000000e+02,1.413388781580710429e+03
7.900000000000000000e+02,1.515585710798868320e+02,7.900000000000000000e+02,1.515585710798868149e+03
7.910000000000000000e+02,1.764961428102918148e+02,7.910000000000000000e+02,1.764961428102918035e+03
7.920000000000000000e+02,2.428204989234374693e+02,7.920000000000000000e+02,2.428204989234374807e+03
7.930000000000000000e+02,2.688498117587902243e+02,7.930000000000000000e+02,2.688498117587902470e+03
7.940000000000000000e+02,1.829220456302970206e+02,7.940000000000000000e+02,1.829220456302970433e+03
7.950000000000000000e+02,1.207739947856892968e+02,7.950000000000000000e+02,1.207739947856892741e+03
7.960000000000000000e+02,1.239118415884683913e+02,7.960000000000000000e+02,1.239118415884683827e+03
7.970000000000000000e+02,1.280838171999003521e+02,7.970000000000000000e+02,1.280838171999003634e+03
7.980000000000000000e+02,1.350614129885210275e+02,7.980000000000000000e+02,1.350614129885210332e+03
7.990000000000000000e+02,1.391594476186832878e+02,7.990000000000000000e+02,1.391594476186833163e+03
8.000000000000000000e+02,1.355368979250944506e+02,8.000000000000000000e+02,1.355368979250944903e+03
8.010000000000000000e+02,1.508546445455220351e+02,8.010000000000000000e+02,1.508546445455220692e+03
8.020000000000000000e+02,2.163613038962212158e+02,8.020000000000000000e+02,2.163613038962212158e+03
8.030000000000000000e+02,2.429464634103733545e+02,8.030000000000000000e+02,2.429464634103733260e+03
8.040000000000000000e+02,1.675939535682862527e+02,8.040000000000000000e+02,1.675939535682862243e+03
8.050000000000000000e+02,1.144965356913426717e+02,8.050000000000000000e+02,1.144965356913426604e+03
8.060000000000000000e+02,1.190127217174962766e+02,8.060000000000000000e+02,1.190127217174962652e+03
8.070000000000000000e+02,1.225256830997932980e+02,8.070000000000000000e+02,1.225256830997932866e+03
8.080000000000000000e+02,1.234713823415968932e+02,8.080000000000000000e+02,1.234713823415969046e+03
8.090000000000000000e+02,1.279330527809702005e+02,8.090000000000000000e+02,1.279330527809702062e+03
8.100000000000000000e+02,1.412891719292049117e+02,8.100000000000000000e+02,1.412891719292049174e+03
8.110000000000000000e+02,1.592173376021154354e+02,8.110000000000000000e+02,1.592173376021154127e+03
8.120000000000000000e+02,1.885798373418164147e+02,8.120000000000000000e+02,1.885798373418164374e+03
8.130000000000000000e+02,1.976419715408671323e+02,8.130000000000000000e+02,1.976419715408671209e+03
8.140000000000000000e+02,1.565097479788061321e+02,8.140000000000000000e+02,1.565097479788061264e+03
8.150000000000000000e+02,1.263559502146457447e+02,8.150000000000000000e+02,1.263559502146457362e+03
8.160000000000000000e+02,1.230411150578164268e+02,8.160000000000000000e+02,1.230411150578164325e+03
8.170000000000000000e+02,1.243392624947179712e+02,8.170000000000000000e+02,1.243392624947179684e+03
8.180000000000000000e+02,1.367881937894896396e+02,8.180000000000000000e+02,1.367881937894896282e+03
8.190000000000000000e+02,1.407527003621653137e+02,8.190000000000000000e+02,1.407527003621652966e+03
8.200000000000000000e+02,1.244372629334388023e+02,8.200000000000000000e+02,1.244372629334387966e+03
8.210000000000000000e+02,1.291851342969573011e+02,8.210000000000000000e+02,1.291851342969572670e+03
8.220000000000000000e+02,1.837197915887158217e+02,8.220000000000000000e+02,1.837197915887158160e+03
8.230000000000000000e+02,2.062177090836769651e+02,8.230000000000000000e+02,2.062177090836769366e+03
8.240000000000000000e+02,1.538295847575992639e+02,8.240000000000000000e+02,1.538295847575992639e+03
8.250000000000000000e+02,1.161354168046606503e+02,8.250000000000000000e+02,1.161354168046606446e+03
8.260000000000000000e+02,1.124098646520883165e+02,8.260000000000000000e+02,1.124098646520883221e+03
8.270000000000000000e+02,1.103922837870872229e+02,8.270000000000000000e+02,1.103922837870872172e+03
8.280000000000000000e+02,1.122797587776235986e+02,8.280000000000000000e+02,1.122797587776236014e+03
8.290000000000000000e+02,1.132162228185906230e+02,8.290000000000000000e+02,1.132162228185906315e+03
8.300000000000000000e+02,1.120020831335813938e+02,8.300000000000000000e+02,1.120020831335813909e+03
8.310000000000000000e+02,1.283354041760634630e+02,8.310000000000000000e+02,1.283354041760634800e+03
8.320000000000000000e+02,1.839185335496328548e+02,8.320000000000000000e+02,1.839185335496328662e+03
8.330000000000000000e+02,2.024482164491880383e+02,8.330000000000000000e+02,2.024482164491880667e+03
8.340000000000000000e+02,1.389956108617943755e+02,8.340000000000000000e+02,1.389956108617943755e+03
8.350000000000000000e+02,9.511078601635327345e+01,8.350000000000000000e+02,9.511078601635326777e+02
8.360000000000000000e+02,9.405324654221033143e+01,8.360000000000000000e+02,9.405324654221033143e+02
8.370000000000000000e+02,9.323680898996776989e+01,8.370000000000000000e+02,9.323680898996777842e+02
8.380000000000000000e+02,9.294239027780199081e+01,8.380000000000000000e+02,9.294239027780199649e+02
8.390000000000000000e+02,9.580951889166362889e+01,8.390000000000000000e+02,9.580951889166364026e+02
8.400000000000000000e+02,1.054485441566692145e+02,8.400000000000000000e+02,1.054485441566692316e+03
8.410000000000000000e+02,1.087803817608997718e+02,8.410000000000000000e+02,1.087803817608997633e+03
8.420000000000000000e+02,9.874658011535009905e+01,8.420000000000000000e+02,9.874658011535009337e+02
8.430000000000000000e+02,1.103591593260316586e+02,8.430000000000000000e+02,1.103591593260316358e+03
8.440000000000000000e+02,1.673554982492838406e+02,8.440000000000000000e+02,1.673554982492838235e+03
8.450000000000000000e+02,1.895551249509003355e+02,8.450000000000000000e+02,1.895551249509003128e+03
8.460000000000000000e+02,1.395722280384962630e+02,8.460000000000000000e+02,1.395722280384962460e+03
8.470000000000000000e+02,1.049931852712860803e+02,8.470000000000000000e+02,1.049931852712860746e+03
8.480000000000000000e+02,1.020310249170155004e+02,8.480000000000000000e+02,1.020310249170154862e+03
8.490000000000000000e+02,1.006265317608011856e+02,8.490000000000000000e+02,1.006265317608011742e+03
8.500000000000000000e+02,1.023856045094431977e+02,8.500000000000000000e+02,1.023856045094431920e+03
8.510000000000000000e+02,1.036093952717823043e+02,8.510000000000000000e+02,1.036093952717823186e+03
8.520000000000000000e+02,1.037574299046200395e+02,8.520000000000000000e+02,1.037574299046200622e+03
8.530000000000000000e+02,1.217577744708569440e+02,8.530000000000000000e+02,1.217577744708569526e+03
8.540000000000000000e+02,1.752615800229648357e+02,8.540000000000000000e+02,1.752615800229648357e+03
8.550000000000000000e+02,1.902566488674410721e+02,8.550000000000000000e+02,1.902566488674410948e+03
8.560000000000000000e+02,1.294644295446434512e+02,8.560000000000000000e+02,1.294644295446434398e+03
8.570000000000000000e+02,9.432388658289502814e+01,8.570000000000000000e+02,9.432388658289501109e+02
8.580000000000000000e+02,1.091441099482569399e+02,8.580000000000000000e+02,1.091441099482569371e+03
8.590000000000000000e+02,1.171427629230941676e+02,8.590000000000000000e+02,1.171427629230941648e+03
8.600000000000000000e+02,1.119925272796436957e+02,8.600000000000000000e+02,1.119925272796436957e+03
8.610000000000000000e+02,1.066248221780624164e+02,8.610000000000000000e+02,1.066248221780624135e+03
8.620000000000000000e+02,1.008422498978001727e+02,8.620000000000000000e+02,1.008422498978001727e+03
8.630000000000000000e+02,1.166705900077623710e+02,8.630000000000000000e+02,1.166705900077623710e+03
8.640000000000000000e+02,1.733030957495117832e+02,8.640000000000000000e+02,1.733030957495117946e+03
8.650000000000000000e+02,1.895739971709026577e+02,8.650000000000000000e+02,1.895739971709026804e+03
8.660000000000000000e+02,1.304165541341005508e+02,8.660000000000000000e+02,1.304165541341005564e+03
8.670000000000000000e+02,9.179446498024674383e+01,8.670000000000000000e+02,9.179446498024674383e+02
8.680000000000000000e+02,9.115779850391119510e+01,8.680000000000000000e+02,9.115779850391120362e+02
8.690000000000000000e+02,9.200517892375970064e+01,8.690000000000000000e+02,9.200517892375969495e+02
8.700000000000000000e+02,9.556977793334937132e+01,8.700000000000000000e+02,9.556977793334937132e+02
8.710000000000000000e+02,9.759666696615039427e+01,8.710000000000000000e+02,9.759666696615039427e+02
8.720000000000000000e+02,9.683662102619842926e+01,8.720000000000000000e+02,9.683662102619842926e+02
8.730000000000000000e+02,1.125642229300402448e+02,8.730000000000000000e+02,1.125642229300402505e+03
8.740000000000000000e+02,1.578719181903989011e+02,8.740000000000000000e+02,1.578719181903989238e+03
8.750000000000000000e+02,1.691337244041641270e+02,8.750000000000000000e+02,1.691337244041641497e+03
8.760000000000000000e+02,1.199301696018935104e+02,8.760000000000000000e+02,1.199301696018935218e+03
8.770000000000000000e+02,9.050212537277506897e+01,8.770000000000000000e+02,9.050212537277507181e+02
8.780000000000000000e+02,9.584236294074351292e+01,8.780000000000000000e+02,9.584236294074351008e+02
8.790000000000000000e+02,9.828743583264679273e+01,8.790000000000000000e+02,9.828743583264679273e+02
8.800000000000000000e+02,9.569339113788142015e+01,8.800000000000000000e+02,9.569339113788141731e+02
8.810000000000000000e+02,9.446933839063419214e+01,8.810000000000000000e+02,9.446933839063419782e+02
8.820000000000000000e+02,9.560596393546771310e+01,8.820000000000000000e+02,9.560596393546771878e+02
8.830000000000000000e+02,1.141913185648974860e+02,8.830000000000000000e+02,1.141913185648974832e+03
8.840000000000000000e+02,1.625434470380445759e+02,8.840000000000000000e+02,1.625434470380445646e+03
8.850000000000000000e+02,1.727501023522852392e+02,8.850000000000000000e+02,1.727501023522852392e+03
8.860000000000000000e+02,1.185292260674788594e+02,8.860000000000000000e+02,1.185292260674788849e+03
8.870000000000000000e+02,8.643170970188464253e+01,8.870000000000000000e+02,8.643170970188465390e+02
8.880000000000000000e+02,9.132988669486326216e+01,8.880000000000000000e+02,9.132988669486326216e+02
8.890000000000000000e+02,9.243475447541533185e+01,8.890000000000000000e+02,9.243475447541532048e+02
8.900000000000000000e+02,8.725902771670499192e+01,8.900000000000000000e+02,8.725902771670499760e+02
8.910000000000000000e+02,8.391344934068081329e+01,8.910000000000000000e+02,8.391344934068080192e+02
8.920000000000000000e+02,8.356815113214324242e+01,8.920000000000000000e+02,8.356815113214323674e+02
8.930000000000000000e+02,8.553507996112927003e+01,8.930000000000000000e+02,8.553507996112925866e+02
8.940000000000000000e+02,9.125527443596482158e+01,8.940000000000000000e+02,9.125527443596480452e+02
8.950000000000000000e+02,1.093256225856065100e+02,8.950000000000000000e+02,1.093256225856064930e+03
8.960000000000000000e+02,1.472461569582638106e+02,8.960000000000000000e+02,1.472461569582638049e+03
8.970000000000000000e+02,1.520792831995909182e+02,8.970000000000000000e+02,1.520792831995909182e+03
8.980000000000000000e+02,1.042527313633331545e+02,8.980000000000000000e+02,1.042527313633331687e+03
8.990000000000000000e+02,7.665731221855465094e+01,8.990000000000000000e+02,7.665731221855464810e+02
9.000000000000000000e+02,8.094557509272442530e+01,9.000000000000000000e+02,8.094557509272443667e+02
9.010000000000000000e+02,8.448524592510008802e+01,9.010000000000000000e+02,8.448524592510008233e+02
9.020000000000000000e+02,8.685666713311356091e+01,9.020000000000000000e+02,8.685666713311355807e+02
9.030000000000000000e+02,8.850311338899096825e+01,9.030000000000000000e+02,8.850311338899095972e+02
9.040000000000000000e+02,8.902918121429817688e+01,9.040000000000000000e+02,8.902918121429817120e+02
9.050000000000000000e+02,1.060388639245788482e+02,9.050000000000000000e+02,1.060388639245788454e+03
9.060000000000000000e+02,1.482748943261602506e+02,9.060000000000000000e+02,1.482748943261602562e+03
9.070000000000000000e+02,1.536191722970966111e+02,9.070000000000000000e+02,1.536191722970965884e+03
9.080000000000000000e+02,1.030520920436557901e+02,9.080000000000000000e+02,1.030520920436557844e+03
9.090000000000000000e+02,7.393177775172144095e+01,9.090000000000000000e+02,7.393177775172142674e+02
9.100000000000000000e+02,7.700063802197925611e+01,9.100000000000000000e+02,7.700063802197925042e+02
9.110000000000000000e+02,7.936385555723099117e+01,9.110000000000000000e+02,7.936385555723098832e+02
9.120000000000000000e+02,8.067821102295930302e+01,9.120000000000000000e+02,8.067821102295929450e+02
9.130000000000000000e+02,8.106043824581603019e+01,9.130000000000000000e+02,8.106043824581603303e+02
9.140000000000000000e+02,8.007051216311224096e+01,9.140000000000000000e+02,8.007051216311223243e+02
9.150000000000000000e+02,9.914801459922978211e+01,9.150000000000000000e+02,9.914801459922977074e+02
9.160000000000000000e+02,1.474818522658156041e+02,9.160000000000000000e+02,1.474818522658155871e+03
9.170000000000000000e+02,1.550481605930214926e+02,9.170000000000000000e+02,1.550481605930214982e+03
9.180000000000000000e+02,1.037502520884006856e+02,9.180000000000000000e+02,1.037502520884006572e+03
9.190000000000000000e+02,7.469821453013069856e+01,9.190000000000000000e+02,7.469821453013070141e+02
9.200000000000000000e+02,7.745902157759381623e+01,9.200000000000000000e+02,7.745902157759381907e+02
9.210000000000000000e+02,8.027911605372561610e+01,9.210000000000000000e+02,8.027911605372561326e+02
9.220000000000000000e+02,8.318318338886012953e+01,9.220000000000000000e+02,8.318318338886011816e+02
9.230000000000000000e+02,8.449930855815921404e+01,9.230000000000000000e+02,8.449930855815920268e+02
9.240000000000000000e+02,8.358781351498262779e+01,9.240000000000000000e+02,8.358781351498262211e+02
9.250000000000000000e+02,1.009694415781394952e+02,9.250000000000000000e+02,1.009694415781394923e+03
9.260000000000000000e+02,1.437684724443337814e+02,9.260000000000000000e+02,1.437684724443337927e+03
9.270000000000000000e+02,1.519752170749735285e+02,9.270000000000000000e+02,1.519752170749735342e+03
9.280000000000000000e+02,1.125754982334661349e+02,9.280000000000000000e+02,1.125754982334661236e+03
9.290000000000000000e+02,8.857407779516880453e+01,9.290000000000000000e+02,8.857407779516878463e+02
9.300000000000000000e+02,8.556249190963447404e+01,9.300000000000000000e+02,8.556249190963447973e+02
9.310000000000000000e+02,7.997201148970226825e+01,9.310000000000000000e+02,7.997201148970226541e+02
9.320000000000000000e+02,7.089955661338414927e+01,9.320000000000000000e+02,7.089955661338415212e+02
9.330000000000000000e+02,6.894637331254337198e+01,9.330000000000000000e+02,6.894637331254336914e+02
9.340000000000000000e+02,7.651433456244484432e+01,9.340000000000000000e+02,7.651433456244484432e+02
9.350000000000000000e+02,9.807522157639820648e+01,9.350000000000000000e+02,9.807522157639820080e+02
9.360000000000000000e+02,1.381726801672329543e+02,9.360000000000000000e+02,1.381726801672329657e+03
9.370000000000000000e+02,1.431311546348270838e+02,9.370000000000000000e+02,1.431311546348270895e+03
9.380000000000000000e+02,1.019809316527850171e+02,9.380000000000000000e+02,1.019809316527850228e+03
9.390000000000000000e+02,7.723558957258313740e+01,9.390000000000000000e+02,7.723558957258312603e+02
9.400000000000000000e+02,7.381307492971116346e+01,9.400000000000000000e+02,7.381307492971114925e+02
9.410000000000000000e+02,7.221238231471008362e+01,9.410000000000000000e+02,7.221238231471006657e+02
9.420000000000000000e+02,7.295732674101854798e+01,9.420000000000000000e+02,7.295732674101853945e+02
9.430000000000000000e+02,7.544352800973472029e+01,9.430000000000000000e+02,7.544352800973471176e+02
9.440000000000000000e+02,8.015051036244085481e+01,9.440000000000000000e+02,8.015051036244086617e+02
9.450000000000000000e+02,9.596559986774806816e+01,9.450000000000000000e+02,9.596559986774806248e+02
9.460000000000000000e+02,1.258145038781919425e+02,9.460000000000000000e+02,1.258145038781919311e+03
9.470000000000000000e+02,1.246918009068460549e+02,9.470000000000000000e+02,1.246918009068460606e+03
9.480000000000000000e+02,8.480794522184524453e+01,9.480000000000000000e+02,8.480794522184525022e+02
9.490000000000000000e+02,6.296729090821169450e+01,9.490000000000000000e+02,6.296729090821170303e+02
9.500000000000000000e+02,6.349571740671655107e+01,9.500000000000000000e+02,6.349571740671655107e+02
9.510000000000000000e+02,6.566816926786729880e+01,9.510000000000000000e+02,6.566816926786730164e+02
9.520000000000000000e+02,6.985967910419523719e+01,9.520000000000000000e+02,6.985967910419523150e+02
9.530000000000000000e+02,7.110512241065481476e+01,9.530000000000000000e+02,7.110512241065481476e+02
9.540000000000000000e+02,6.876636346632469099e+01,9.540000000000000000e+02,6.876636346632468531e+02
9.550000000000000000e+02,6.807170620501990754e+01,9.550000000000000000e+02,6.807170620501990470e+02
9.560000000000000000e+02,6.935853981084477482e+01,9.560000000000000000e+02,6.935853981084478619e+02
9.570000000000000000e+02,8.450368880437692098e+01,9.570000000000000000e+02,8.450368880437692951e+02
9.580000000000000000e+02,1.161947555072319886e+02,9.580000000000000000e+02,1.161947555072320029e+03
9.590000000000000000e+02,1.182449738770389871e+02,9.590000000000000000e+02,1.182449738770390013e+03
9.600000000000000000e+02,8.523684349508999958e+01,9.600000000000000000e+02,8.523684349508998821e+02
9.610000000000000000e+02,6.690720824823534940e+01,9.610000000000000000e+02,6.690720824823533803e+02
9.620000000000000000e+02,6.577668307340222498e+01,9.620000000000000000e+02,6.577668307340222782e+02
9.630000000000000000e+02,6.633879140384112816e+01,9.630000000000000000e+02,6.633879140384112816e+02
9.640000000000000000e+02,6.886568012102752334e+01,9.640000000000000000e+02,6.886568012102752618e+02
9.650000000000000000e+02,6.821733049253107595e+01,9.650000000000000000e+02,6.821733049253108447e+02
9.660000000000000000e+02,6.391760205783226212e+01,9.660000000000000000e+02,6.391760205783226638e+02
9.670000000000000000e+02,7.865765490848480113e+01,9.670000000000000000e+02,7.865765490848481249e+02
9.680000000000000000e+02,1.150884619742920734e+02,9.680000000000000000e+02,1.150884619742920677e+03
9.690000000000000000e+02,1.189538331197140337e+02,9.690000000000000000e+02,1.189538331197140224e+03
9.700000000000000000e+02,8.606523814333226596e+01,9.700000000000000000e+02,8.606523814333226028e+02
9.710000000000000000e+02,7.020761143858442210e+01,9.710000000000000000e+02,7.020761143858442210e+02
9.720000000000000000e+02,7.339246741881741798e+01,9.720000000000000000e+02,7.339246741881742082e+02
9.730000000000000000e+02,7.165328041893111788e+01,9.730000000000000000e+02,7.165328041893112641e+02
9.740000000000000000e+02,6.445971710475517114e+01,9.740000000000000000e+02,6.445971710475516829e+02
9.750000000000000000e+02,6.252486188822216207e+01,9.750000000000000000e+02,6.252486188822216491e+02
9.760000000000000000e+02,6.636090336943665591e+01,9.760000000000000000e+02,6.636090336943665307e+02
9.770000000000000000e+02,8.195942771356176593e+01,9.770000000000000000e+02,8.195942771356176308e+02
9.780000000000000000e+02,1.103460505731956971e+02,9.780000000000000000e+02,1.103460505731956800e+03
9.790000000000000000e+02,1.101239380129958079e+02,9.790000000000000000e+02,1.101239380129957908e+03
9.800000000000000000e+02,7.908769282205582840e+01,9.800000000000000000e+02,7.908769282205582840e+02
9.810000000000000000e+02,6.191027754921151427e+01,9.810000000000000000e+02,6.191027754921151427e+02
9.820000000000000000e+02,5.952134345768553203e+01,9.820000000000000000e+02,5.952134345768553203e+02
9.830000000000000000e+02,5.722445120286518261e+01,9.830000000000000000e+02,5.722445120286517977e+02
9.840000000000000000e+02,5.502486262104901726e+01,9.840000000000000000e+02,5.502486262104902153e+02
9.850000000000000000e+02,5.448070422876729424e+01,9.850000000000000000e+02,5.448070422876729708e+02
9.860000000000000000e+02,5.567036112981857343e+01,9.860000000000000000e+02,5.567036112981857059e+02
9.870000000000000000e+02,7.007180317553047644e+01,9.870000000000000000e+02,7.007180317553047644e+02
9.880000000000000000e+02,9.818213660522029329e+01,9.880000000000000000e+02,9.818213660522029613e+02
9.890000000000000000e+02,9.842864333613458427e+01,9.890000000000000000e+02,9.842864333613458712e+02
9.900000000000000000e+02,7.003131490105360513e+01,9.900000000000000000e+02,7.003131490105361081e+02
9.910000000000000000e+02,5.657512546746910687e+01,9.910000000000000000e+02,5.657512546746911539e+02
9.920000000000000000e+02,5.833576661911729389e+01,9.920000000000000000e+02,5.833576661911729389e+02
9.930000000000000000e+02,5.733064351247394086e+01,9.930000000000000000e+02,5.733064351247393233e+02
9.940000000000000000e+02,5.353486573335572274e+01,9.940000000000000000e+02,5.353486573335572984e+02
9.950000000000000000e+02,5.163732306858699417e+01,9.950000000000000000e+02,5.163732306858699985e+02
9.960000000000000000e+02,5.163732306858699417e+01,9.960000000000000000e+02,5.163732306858699985e+02
9.970000000000000000e+02,5.163732306858699417e+01,9.970000000000000000e+02,5.163732306858699985e+02
9.980000000000000000e+02,5.163732306858699417e+01,9.980000000000000000e+02,5.163732306858699985e+02
9.990000000000000000e+02,5.163732306858699417e+01,9.990000000000000000e+02,5.163732306858699985e+02
1.000000000000000000e+03,5.163732306858699417e+01,1.000000000000000000e+03,5.163732306858699985e+02
1.001000000000000000e+03,5.163732306858699417e+01,1.001000000000000000e+03,5.163732306858699985e+02
1.002000000000000000e+03,5.163732306858699417e+01,1.002000000000000000e+03,5.163732306858699985e+02
1.003000000000000000e+03,5.163732306858699417e+01,1.003000000000000000e+03,5.163732306858699985e+02
1.004000000000000000e+03,5.163732306858699417e+01,1.004000000000000000e+03,5.163732306858699985e+02
1.005000000000000000e+03,5.163732306858699417e+01,1.005000000000000000e+03,5.163732306858699985e+02
1.006000000000000000e+03,5.163732306858699417e+01,1.006000000000000000e+03,5.163732306858699985e+02
1.007000000000000000e+03,5.163732306858699417e+01,1.007000000000000000e+03,5.163732306858699985e+02
1.008000000000000000e+03,5.163732306858699417e+01,1.008000000000000000e+03,5.163732306858699985e+02
1.009000000000000000e+03,5.163732306858699417e+01,1.009000000000000000e+03,5.163732306858699985e+02
1.010000000000000000e+03,5.163732306858699417e+01,1.010000000000000000e+03,5.163732306858699985e+02
1.011000000000000000e+03,5.163732306858699417e+01,1.011000000000000000e+03,5.163732306858699985e+02
1.012000000000000000e+03,5.163732306858699417e+01,1.012000000000000000e+03,5.163732306858699985e+02
1.013000000000000000e+03,5.163732306858699417e+01,1.013000000000000000e+03,5.163732306858699985e+02
1.014000000000000000e+03,5.163732306858699417e+01,1.014000000000000000e+03,5.163732306858699985e+02
1.015000000000000000e+03,5.163732306858699417e+01,1.015000000000000000e+03,5.163732306858699985e+02
1.016000000000000000e+03,5.163732306858699417e+01,1.016000000000000000e+03,5.163732306858699985e+02
1.017000000000000000e+03,5.163732306858699417e+01,1.017000000000000000e+03,5.163732306858699985e+02
1.018000000000000000e+03,5.163732306858699417e+01,1.018000000000000000e+03,5.163732306858699985e+02
1.019000000000000000e+03,5.163732306858699417e+01,1.019000000000000000e+03,5.163732306858699985e+02
1.020000000000000000e+03,5.163732306858699417e+01,1.020000000000000000e+03,5.163732306858699985e+02
1.021000000000000000e+03,5.163732306858699417e+01,1.021000000000000000e+03,5.163732306858699985e+02
1.022000000000000000e+03,5.163732306858699417e+01,1.022000000000000000e+03,5.163732306858699985e+02
1.023000000000000000e+03,5.163732306858699417e+01,1.023000000000000000e+03,5.163732306858699985e+02
1.024000000000000000e+03,5.163732306858699417e+01,1.024000000000000000e+03,5.163732306858699985e+02
1.025000000000000000e+03,5.163732306858699417e+01,1.025000000000000000e+03,5.163732306858699985e+02
1.026000000000000000e+03,5.163732306858699417e+01,1.026000000000000000e+03,5.163732306858699985e+02
1.027000000000000000e+03,5.163732306858699417e+01,1.027000000000000000e+03,5.163732306858699985e+02
1.028000000000000000e+03,5.163732306858699417e+01,1.028000000000000000e+03,5.163732306858699985e+02
1.029000000000000000e+03,5.163732306858699417e+01,1.029000000000000000e+03,5.163732306858699985e+02
1.030000000000000000e+03,5.163732306858699417e+01,1.030000000000000000e+03,5.163732306858699985e+02
1.031000000000000000e+03,5.163732306858699417e+01,1.031000000000000000e+03,5.163732306858699985e+02
1.032000000000000000e+03,5.163732306858699417e+01,1.032000000000000000e+03,5.163732306858699985e+02
1.033000000000000000e+03,5.163732306858699417e+01,1.033000000000000000e+03,5.163732306858699985e+02
1.034000000000000000e+03,5.163732306858699417e+01,1.034000000000000000e+03,5.163732306858699985e+02
1.035000000000000000e+03,5.163732306858699417e+01,1.035000000000000000e+03,5.163732306858699985e+02
1.036000000000000000e+03,5.163732306858699417e+01,1.036000000000000000e+03,5.163732306858699985e+02
1.037000000000000000e+03,5.163732306858699417e+01,1.037000000000000000e+03,5.163732306858699985e+02
1.038000000000000000e+03,5.163732306858699417e+01,1.038000000000000000e+03,5.163732306858699985e+02
1.039000000000000000e+03,5.163732306858699417e+01,1.039000000000000000e+03,5.163732306858699985e+02
1.040000000000000000e+03,5.163732306858699417e+01,1.040000000000000000e+03,5.163732306858699985e+02
1.041000000000000000e+03,5.163732306858699417e+01,1.041000000000000000e+03,5.163732306858699985e+02
1.042000000000000000e+03,5.163732306858699417e+01,1.042000000000000000e+03,5.163732306858699985e+02
1.043000000000000000e+03,5.163732306858699417e+01,1.043000000000000000e+03,5.163732306858699985e+02
1.044000000000000000e+03,5.163732306858699417e+01,1.044000000000000000e+03,5.163732306858699985e+02
1.045000000000000000e+03,5.163732306858699417e+01,1.045000000000000000e+03,5.163732306858699985e+02
1.046000000000000000e+03,5.163732306858699417e+01,1.046000000000000000e+03,5.163732306858699985e+02
1.047000000000000000e+03,5.163732306858699417e+01,1.047000000000000000e+03,5.163732306858699985e+02
1.048000000000000000e+03,5.163732306858699417e+01,1.048000000000000000e+03,5.163732306858699985e+02
1.049000000000000000e+03,5.163732306858699417e+01,1.049000000000000000e+03,5.163732306858699985e+02
1.050000000000000000e+03,5.163732306858699417e+01,1.050000000000000000e+03,5.163732306858699985e+02
1.051000000000000000e+03,5.163732306858699417e+01,1.051000000000000000e+03,5.163732306858699985e+02
1.052000000000000000e+03,5.163732306858699417e+01,1.052000000000000000e+03,5.163732306858699985e+02
1.053000000000000000e+03,5.163732306858699417e+01,1.053000000000000000e+03,5.163732306858699985e+02
1.054000000000000000e+03,5.163732306858699417e+01,1.054000000000000000e+03,5.163732306858699985e+02
1.055000000000000000e+03,5.163732306858699417e+01,1.055000000000000000e+03,5.163732306858699985e+02
1.056000000000000000e+03,5.163732306858699417e+01,1.056000000000000000e+03,5.163732306858699985e+02
1.057000000000000000e+03,5.163732306858699417e+01,1.057000000000000000e+03,5.163732306858699985e+02
1.058000000000000000e+03,5.163732306858699417e+01,1.058000000000000000e+03,5.163732306858699985e+02
1.059000000000000000e+03,5.163732306858699417e+01,1.059000000000000000e+03,5.163732306858699985e+02
1.060000000000000000e+03,5.163732306858699417e+01,1.060000000000000000e+03,5.163732306858699985e+02
1.061000000000000000e+03,5.163732306858699417e+01,1.061000000000000000e+03,5.163732306858699985e+02
1.062000000000000000e+03,5.163732306858699417e+01,1.062000000000000000e+03,5.163732306858699985e+02
1.063000000000000000e+03,5.163732306858699417e+01,1.063000000000000000e+03,5.163732306858699985e+02
1.064000000000000000e+03,5.163732306858699417e+01,1.064000000000000000e+03,5.163732306858699985e+02
1.065000000000000000e+03,5.163732306858699417e+01,1.065000000000000000e+03,5.163732306858699985e+02
1.066000000000000000e+03,5.163732306858699417e+01,1.066000000000000000e+03,5.163732306858699985e+02
1.067000000000000000e+03,5.163732306858699417e+01,1.067000000000000000e+03,5.163732306858699985e+02
1.068000000000000000e+03,5.163732306858699417e+01,1.068000000000000000e+03,5.163732306858699985e+02
1.069000000000000000e+03,5.163732306858699417e+01,1.069000000000000000e+03,5.163732306858699985e+02
1.070000000000000000e+03,5.163732306858699417e+01,1.070000000000000000e+03,5.163732306858699985e+02
1.071000000000000000e+03,5.163732306858699417e+01,1.071000000000000000e+03,5.163732306858699985e+02
1.072000000000000000e+03,5.163732306858699417e+01,1.072000000000000000e+03,5.163732306858699985e+02
1.073000000000000000e+03,5.163732306858699417e+01,1.073000000000000000e+03,5.163732306858699985e+02
1.074000000000000000e+03,5.163732306858699417e+01,1.074000000000000000e+03,5.163732306858699985e+02
1.075000000000000000e+03,5.163732306858699417e+01,1.075000000000000000e+03,5.163732306858699985e+02
1.076000000000000000e+03,5.163732306858699417e+01,1.076000000000000000e+03,5.163732306858699985e+02
1.077000000000000000e+03,5.163732306858699417e+01,1.077000000000000000e+03,5.163732306858699985e+02
1.078000000000000000e+03,5.163732306858699417e+01,1.078000000000000000e+03,5.163732306858699985e+02
1.079000000000000000e+03,5.163732306858699417e+01,1.079000000000000000e+03,5.163732306858699985e+02
1.080000000000000000e+03,5.163732306858699417e+01,1.080000000000000000e+03,5.163732306858699985e+02
1.081000000000000000e+03,5.163732306858699417e+01,1.081000000000000000e+03,5.163732306858699985e+02
1.082000000000000000e+03,5.163732306858699417e+01,1.082000000000000000e+03,5.163732306858699985e+02
1.083000000000000000e+03,5.163732306858699417e+01,1.083000000000000000e+03,5.163732306858699985e+02
1.084000000000000000e+03,5.163732306858699417e+01,1.084000000000000000e+03,5.163732306858699985e+02
1.085000000000000000e+03,5.163732306858699417e+01,1.085000000000000000e+03,5.163732306858699985e+02
1.086000000000000000e+03,5.163732306858699417e+01,1.086000000000000000e+03,5.163732306858699985e+02
1.087000000000000000e+03,5.163732306858699417e+01,1.087000000000000000e+03,5.163732306858699985e+02
1.088000000000000000e+03,5.163732306858699417e+01,1.088000000000000000e+03,5.163732306858699985e+02
1.089000000000000000e+03,5.163732306858699417e+01,1.089000000000000000e+03,5.163732306858699985e+02
1.090000000000000000e+03,5.163732306858699417e+01,1.090000000000000000e+03,5.163732306858699985e+02
1.091000000000000000e+03,5.163732306858699417e+01,1.091000000000000000e+03,5.163732306858699985e+02
1.092000000000000000e+03,5.163732306858699417e+01,1.092000000000000000e+03,5.163732306858699985e+02
1.093000000000000000e+03,5.163732306858699417e+01,1.093000000000000000e+03,5.163732306858699985e+02
1.094000000000000000e+03,5.163732306858699417e+01,1.094000000000000000e+03,5.163732306858699985e+02
1.095000000000000000e+03,5.163732306858699417e+01,1.095000000000000000e+03,5.163732306858699985e+02
1.096000000000000000e+03,5.163732306858699417e+01,1.096000000000000000e+03,5.163732306858699985e+02
1.097000000000000000e+03,5.163732306858699417e+01,1.097000000000000000e+03,5.163732306858699985e+02
1.098000000000000000e+03,5.163732306858699417e+01,1.098000000000000000e+03,5.163732306858699985e+02
1.099000000000000000e+03,5.163732306858699417e+01,1.099000000000000000e+03,5.163732306858699985e+02
1.100000000000000000e+03,5.163732306858699417e+01,1.100000000000000000e+03,5.163732306858699985e+02
1.101000000000000000e+03,5.163732306858699417e+01,1.101000000000000000e+03,5.163732306858699985e+02
1.102000000000000000e+03,5.163732306858699417e+01,1.102000000000000000e+03,5.163732306858699985e+02
1.103000000000000000e+03,5.163732306858699417e+01,1.103000000000000000e+03,5.163732306858699985e+02
1.104000000000000000e+03,5.163732306858699417e+01,1.104000000000000000e+03,5.163732306858699985e+02
1.105000000000000000e+03,5.163732306858699417e+01,1.105000000000000000e+03,5.163732306858699985e+02
1.106000000000000000e+03,5.163732306858699417e+01,1.106000000000000000e+03,5.163732306858699985e+02
1.107000000000000000e+03,5.163732306858699417e+01,1.107000000000000000e+03,5.163732306858699985e+02
1.108000000000000000e+03,5.163732306858699417e+01,1.108000000000000000e+03,5.163732306858699985e+02
1.109000000000000000e+03,5.163732306858699417e+01,1.109000000000000000e+03,5.163732306858699985e+02
1.110000000000000000e+03,5.163732306858699417e+01,1.110000000000000000e+03,5.163732306858699985e+02
1.111000000000000000e+03,5.163732306858699417e+01,1.111000000000000000e+03,5.163732306858699985e+02
1.112000000000000000e+03,5.163732306858699417e+01,1.112000000000000000e+03,5.163732306858699985e+02
1.113000000000000000e+03,5.163732306858699417e+01,1.113000000000000000e+03,5.163732306858699985e+02
1.114000000000000000e+03,5.163732306858699417e+01,1.114000000000000000e+03,5.163732306858699985e+02
1.115000000000000000e+03,5.163732306858699417e+01,1.115000000000000000e+03,5.163732306858699985e+02
1.116000000000000000e+03,5.163732306858699417e+01,1.116000000000000000e+03,5.163732306858699985e+02
1.117000000000000000e+03,5.163732306858699417e+01,1.117000000000000000e+03,5.163732306858699985e+02
1.118000000000000000e+03,5.163732306858699417e+01,1.118000000000000000e+03,5.163732306858699985e+02
1.119000000000000000e+03,5.163732306858699417e+01,1.119000000000000000e+03,5.163732306858699985e+02
1.120000000000000000e+03,5.163732306858699417e+01,1.120000000000000000e+03,5.163732306858699985e+02
1.121000000000000000e+03,5.163732306858699417e+01,1.121000000000000000e+03,5.163732306858699985e+02
1.122000000000000000e+03,5.163732306858699417e+01,1.122000000000000000e+03,5.163732306858699985e+02
1.123000000000000000e+03,5.163732306858699417e+01,1.123000000000000000e+03,5.163732306858699985e+02
1.124000000000000000e+03,5.163732306858699417e+01,1.124000000000000000e+03,5.163732306858699985e+02
1.125000000000000000e+03,5.163732306858699417e+01,1.125000000000000000e+03,5.163732306858699985e+02
1.126000000000000000e+03,5.163732306858699417e+01,1.126000000000000000e+03,5.163732306858699985e+02
1.127000000000000000e+03,5.163732306858699417e+01,1.127000000000000000e+03,5.163732306858699985e+02
1.128000000000000000e+03,5.163732306858699417e+01,1.128000000000000000e+03,5.163732306858699985e+02
1.129000000000000000e+03,5.163732306858699417e+01,1.129000000000000000e+03,5.163732306858699985e+02
1.130000000000000000e+03,5.163732306858699417e+01,1.130000000000000000e+03,5.163732306858699985e+02
1.131000000000000000e+03,5.163732306858699417e+01,1.131000000000000000e+03,5.163732306858699985e+02
1.132000000000000000e+03,5.163732306858699417e+01,1.132000000000000000e+03,5.163732306858699985e+02
1.133000000000000000e+03,5.163732306858699417e+01,1.133000000000000000e+03,5.163732306858699985e+02
1.134000000000000000e+03,5.163732306858699417e+01,1.134000000000000000e+03,5.163732306858699985e+02
1.135000000000000000e+03,5.163732306858699417e+01,1.135000000000000000e+03,5.163732306858699985e+02
1.136000000000000000e+03,5.163732306858699417e+01,1.136000000000000000e+03,5.163732306858699985e+02
1.137000000000000000e+03,5.163732306858699417e+01,1.137000000000000000e+03,5.163732306858699985e+02
1.138000000000000000e+03,5.163732306858699417e+01,1.138000000000000000e+03,5.163732306858699985e+02
1.139000000000000000e+03,5.163732306858699417e+01,1.139000000000000000e+03,5.163732306858699985e+02
1.140000000000000000e+03,5.163732306858699417e+01,1.140000000000000000e+03,5.163732306858699985e+02
1.141000000000000000e+03,5.163732306858699417e+01,1.141000000000000000e+03,5.163732306858699985e+02
1.142000000000000000e+03,5.163732306858699417e+01,1.142000000000000000e+03,5.163732306858699985e+02
1.143000000000000000e+03,5.163732306858699417e+01,1.143000000000000000e+03,5.163732306858699985e+02
1.144000000000000000e+03,5.163732306858699417e+01,1.144000000000000000e+03,5.163732306858699985e+02
1.145000000000000000e+03,5.163732306858699417e+01,1.145000000000000000e+03,5.163732306858699985e+02
1.146000000000000000e+03,5.163732306858699417e+01,1.146000000000000000e+03,5.163732306858699985e+02
1.147000000000000000e+03,5.163732306858699417e+01,1.147000000000000000e+03,5.163732306858699985e+02
1.148000000000000000e+03,5.163732306858699417e+01,1.148000000000000000e+03,5.163732306858699985e+02
1.149000000000000000e+03,5.163732306858699417e+01,1.149000000000000000e+03,5.163732306858699985e+02
1.150000000000000000e+03,5.163732306858699417e+01,1.150000000000000000e+03,5.163732306858699985e+02
1.151000000000000000e+03,5.163732306858699417e+01,1.151000000000000000e+03,5.163732306858699985e+02
1.152000000000000000e+03,5.163732306858699417e+01,1.152000000000000000e+03,5.163732306858699985e+02
1.153000000000000000e+03,5.163732306858699417e+01,1.153000000000000000e+03,5.163732306858699985e+02
1.154000000000000000e+03,5.163732306858699417e+01,1.154000000000000000e+03,5.163732306858699985e+02
1.155000000000000000e+03,5.163732306858699417e+01,1.155000000000000000e+03,5.163732306858699985e+02
1.156000000000000000e+03,5.163732306858699417e+01,1.156000000000000000e+03,5.163732306858699985e+02
1.157000000000000000e+03,5.163732306858699417e+01,1.157000000000000000e+03,5.163732306858699985e+02
1.158000000000000000e+03,5.163732306858699417e+01,1.158000000000000000e+03,5.163732306858699985e+02
1.159000000000000000e+03,5.163732306858699417e+01,1.159000000000000000e+03,5.163732306858699985e+02
1.160000000000000000e+03,5.163732306858699417e+01,1.160000000000000000e+03,5.163732306858699985e+02
1.161000000000000000e+03,5.163732306858699417e+01,1.161000000000000000e+03,5.163732306858699985e+02
1.162000000000000000e+03,5.163732306858699417e+01,1.162000000000000000e+03,5.163732306858699985e+02
1.163000000000000000e+03,5.163732306858699417e+01,1.163000000000000000e+03,5.163732306858699985e+02
1.164000000000000000e+03,5.163732306858699417e+01,1.164000000000000000e+03,5.163732306858699985e+02
1.165000000000000000e+03,5.163732306858699417e+01,1.165000000000000000e+03,5.163732306858699985e+02
1.166000000000000000e+03,5.163732306858699417e+01,1.166000000000000000e+03,5.163732306858699985e+02
1.167000000000000000e+03,5.163732306858699417e+01,1.167000000000000000e+03,5.163732306858699985e+02
1.168000000000000000e+03,5.163732306858699417e+01,1.168000000000000000e+03,5.163732306858699985e+02
1.169000000000000000e+03,5.163732306858699417e+01,1.169000000000000000e+03,5.163732306858699985e+02
1.170000000000000000e+03,5.163732306858699417e+01,1.170000000000000000e+03,5.163732306858699985e+02
1.171000000000000000e+03,5.163732306858699417e+01,1.171000000000000000e+03,5.163732306858699985e+02
1.172000000000000000e+03,5.163732306858699417e+01,1.172000000000000000e+03,5.163732306858699985e+02
1.173000000000000000e+03,5.163732306858699417e+01,1.173000000000000000e+03,5.163732306858699985e+02
1.174000000000000000e+03,5.163732306858699417e+01,1.174000000000000000e+03,5.163732306858699985e+02
1.175000000000000000e+03,5.163732306858699417e+01,1.175000000000000000e+03,5.163732306858699985e+02
1.176000000000000000e+03,5.163732306858699417e+01,1.176000000000000000e+03,5.163732306858699985e+02
1.177000000000000000e+03,5.163732306858699417e+01,1.177000000000000000e+03,5.163732306858699985e+02
1.178000000000000000e+03,0.000000000000000000e+00,1.178000000000000000e+03,0.000000000000000000e+00
1.179000000000000000e+03,0.000000000000000000e+00,1.179000000000000000e+03,0.000000000000000000e+00
1.180000000000000000e+03,0.000000000000000000e+00,1.180000000000000000e+03,0.000000000000000000e+00
1.181000000000000000e+03,0.000000000000000000e+00,1.181000000000000000e+03,0.000000000000000000e+00
1.182000000000000000e+03,0.000000000000000000e+00,1.182000000000000000e+03,0.000000000000000000e+00
1.183000000000000000e+03,0.000000000000000000e+00,1.183000000000000000e+03,0.000000000000000000e+00
1.184000000000000000e+03,0.000000000000000000e+00,1.184000000000000000e+03,0.000000000000000000e+00
1.185000000000000000e+03,0.000000000000000000e+00,1.185000000000000000e+03,0.000000000000000000e+00
1.186000000000000000e+03,0.000000000000000000e+00,1.186000000000000000e+03,0.000000000000000000e+00
1.187000000000000000e+03,0.000000000000000000e+00,1.187000000000000000e+03,0.000000000000000000e+00
1.188000000000000000e+03,0.000000000000000000e+00,1.188000000000000000e+03,0.000000000000000000e+00
1.189000000000000000e+03,0.000000000000000000e+00,1.189000000000000000e+03,0.000000000000000000e+00
1.190000000000000000e+03,0.000000000000000000e+00,1.190000000000000000e+03,0.000000000000000000e+00
1.191000000000000000e+03,0.000000000000000000e+00,1.191000000000000000e+03,0.000000000000000000e+00
1.192000000000000000e+03,0.000000000000000000e+00,1.192000000000000000e+03,0.000000000000000000e+00
1.193000000000000000e+03,0.000000000000000000e+00,1.193000000000000000e+03,0.000000000000000000e+00
1.194000000000000000e+03,0.000000000000000000e+00,1.194000000000000000e+03,0.000000000000000000e+00
1.195000000000000000e+03,0.000000000000000000e+00,1.195000000000000000e+03,0.000000000000000000e+00
1.196000000000000000e+03,0.000000000000000000e+00,1.196000000000000000e+03,0.000000000000000000e+00
1.197000000000000000e+03,0.000000000000000000e+00,1.197000000000000000e+03,0.000000000000000000e+00
1.198000000000000000e+03,0.000000000000000000e+00,1.198000000000000000e+03,0.000000000000000000e+00
1.199000000000000000e+03,0.000000000000000000e+00,1.199000000000000000e+03,0.000000000000000000e+00
1.200000000000000000e+03,0.000000000000000000e+00,1.200000000000000000e+03,0.000000000000000000e+00
1.201000000000000000e+03,0.000000000000000000e+00,1.201000000000000000e+03,0.000000000000000000e+00
1.202000000000000000e+03,0.000000000000000000e+00,1.202000000000000000e+03,0.000000000000000000e+00
1.203000000000000000e+03,0.000000000000000000e+00,1.203000000000000000e+03,0.000000000000000000e+00
1.204000000000000000e+03,0.000000000000000000e+00,1.204000000000000000e+03,0.000000000000000000e+00
1.205000000000000000e+03,0.000000000000000000e+00,1.205000000000000000e+03,0.000000000000000000e+00
1.206000000000000000e+03,0.000000000000000000e+00,1.206000000000000000e+03,0.000000000000000000e+00
1.207000000000000000e+03,0.000000000000000000e+00,1.207000000000000000e+03,0.000000000000000000e+00
1.208000000000000000e+03,0.000000000000000000e+00,1.208000000000000000e+03,0.000000000000000000e+00
1.209000000000000000e+03,0.000000000000000000e+00,1.209000000000000000e+03,0.000000000000000000e+00
1.210000000000000000e+03,0.000000000000000000e+00,1.210000000000000000e+03,0.000000000000000000e+00
1.211000000000000000e+03,0.000000000000000000e+00,1.211000000000000000e+03,0.000000000000000000e+00
1.212000000000000000e+03,0.000000000000000000e+00,1.212000000000000000e+03,0.000000000000000000e+00
1.213000000000000000e+03,0.000000000000000000e+00,1.213000000000000000e+03,0.000000000000000000e+00
1.214000000000000000e+03,0.000000000000000000e+00,1.214000000000000000e+03,0.000000000000000000e+00
1.215000000000000000e+03,0.000000000000000000e+00,1.215000000000000000e+03,0.000000000000000000e+00
1.216000000000000000e+03,0.000000000000000000e+00,1.216000000000000000e+03,0.000000000000000000e+00
1.217000000000000000e+03,0.000000000000000000e+00,1.217000000000000000e+03,0.000000000000000000e+00
1.218000000000000000e+03,0.000000000000000000e+00,1.218000000000000000e+03,0.000000000000000000e+00
1.219000000000000000e+03,0.000000000000000000e+00,1.219000000000000000e+03,0.000000000000000000e+00
1.220000000000000000e+03,0.000000000000000000e+00,1.220000000000000000e+03,0.000000000000000000e+00
1.221000000000000000e+03,0.000000000000000000e+00,1.221000000000000000e+03,0.000000000000000000e+00
1.222000000000000000e+03,0.000000000000000000e+00,1.222000000000000000e+03,0.000000000000000000e+00
1.223000000000000000e+03,0.000000000000000000e+00,1.223000000000000000e+03,0.000000000000000000e+00
1.224000000000000000e+03,0.000000000000000000e+00,1.224000000000000000e+03,0.000000000000000000e+00
1.225000000000000000e+03,0.000000000000000000e+00,1.225000000000000000e+03,0.000000000000000000e+00
1.226000000000000000e+03,0.000000000000000000e+00,1.226000000000000000e+03,0.000000000000000000e+00
1.227000000000000000e+03,0.000000000000000000e+00,1.227000000000000000e+03,0.000000000000000000e+00
1.228000000000000000e+03,0.000000000000000000e+00,1.228000000000000000e+03,0.000000000000000000e+00
1.229000000000000000e+03,0.000000000000000000e+00,1.229000000000000000e+03,0.000000000000000000e+00
1.230000000000000000e+03,0.000000000000000000e+00,1.230000000000000000e+03,0.000000000000000000e+00
1.231000000000000000e+03,0.000000000000000000e+00,1.231000000000000000e+03,0.000000000000000000e+00
1.232000000000000000e+03,0.000000000000000000e+00,1.232000000000000000e+03,0.000000000000000000e+00
1.233000000000000000e+03,0.000000000000000000e+00,1.233000000000000000e+03,0.000000000000000000e+00
1.234000000000000000e+03,0.000000000000000000e+00,1.234000000000000000e+03,0.000000000000000000e+00
1.235000000000000000e+03,0.000000000000000000e+00,1.235000000000000000e+03,0.000000000000000000e+00
1.236000000000000000e+03,0.000000000000000000e+00,1.236000000000000000e+03,0.000000000000000000e+00
1.237000000000000000e+03,0.000000000000000000e+00,1.237000000000000000e+03,0.000000000000000000e+00
1.238000000000000000e+03,0.000000000000000000e+00,1.238000000000000000e+03,0.000000000000000000e+00
1.239000000000000000e+03,0.000000000000000000e+00,1.239000000000000000e+03,0.000000000000000000e+00
1.240000000000000000e+03,0.000000000000000000e+00,1.240000000000000000e+03,0.000000000000000000e+00
1.241000000000000000e+03,0.000000000000000000e+00,1.241000000000000000e+03,0.000000000000000000e+00
1.242000000000000000e+03,0.000000000000000000e+00,1.242000000000000000e+03,0.000000000000000000e+00
1.243000000000000000e+03,0.000000000000000000e+00,1.243000000000000000e+03,0.000000000000000000e+00
1.244000000000000000e+03,0.000000000000000000e+00,1.244000000000000000e+03,0.000000000000000000e+00
1.245000000000000000e+03,0.000000000000000000e+00,1.245000000000000000e+03,0.000000000000000000e+00
1.246000000000000000e+03,0.000000000000000000e+00,1.246000000000000000e+03,0.000000000000000000e+00
1.247000000000000000e+03,0.000000000000000000e+00,1.247000000000000000e+03,0.000000000000000000e+00
1.248000000000000000e+03,0.000000000000000000e+00,1.248000000000000000e+03,0.000000000000000000e+00
1.249000000000000000e+03,0.000000000000000000e+00,1.249000000000000000e+03,0.000000000000000000e+00
1.250000000000000000e+03,0.000000000000000000e+00,1.250000000000000000e+03,0.000000000000000000e+00
1.251000000000000000e+03,0.000000000000000000e+00,1.251000000000000000e+03,0.000000000000000000e+00
1.252000000000000000e+03,0.000000000000000000e+00,1.252000000000000000e+03,0.000000000000000000e+00
1.253000000000000000e+03,0.000000000000000000e+00,1.253000000000000000e+03,0.000000000000000000e+00
1.254000000000000000e+03,0.000000000000000000e+00,1.254000000000000000e+03,0.000000000000000000e+00
1.255000000000000000e+03,0.000000000000000000e+00,1.255000000000000000e+03,0.000000000000000000e+00
1.256000000000000000e+03,0.000000000000000000e+00,1.256000000000000000e+03,0.000000000000000000e+00
1.257000000000000000e+03,0.000000000000000000e+00,1.257000000000000000e+03,0.000000000000000000e+00
1.258000000000000000e+03,0.000000000000000000e+00,1.258000000000000000e+03,0.000000000000000000e+00
1.259000000000000000e+03,0.000000000000000000e+00,1.259000000000000000e+03,0.000000000000000000e+00
1.260000000000000000e+03,0.000000000000000000e+00,1.260000000000000000e+03,0.000000000000000000e+00
1.261000000000000000e+03,0.000000000000000000e+00,1.261000000000000000e+03,0.000000000000000000e+00
1.262000000000000000e+03,0.000000000000000000e+00,1.262000000000000000e+03,0.000000000000000000e+00
1.263000000000000000e+03,0.000000000000000000e+00,1.263000000000000000e+03,0.000000000000000000e+00
1.264000000000000000e+03,0.000000000000000000e+00,1.264000000000000000e+03,0.000000000000000000e+00
1.265000000000000000e+03,0.000000000000000000e+00,1.265000000000000000e+03,0.000000000000000000e+00
1.266000000000000000e+03,0.000000000000000000e+00,1.266000000000000000e+03,0.000000000000000000e+00
1.267000000000000000e+03,0.000000000000000000e+00,1.267000000000000000e+03,0.000000000000000000e+00
1.268000000000000000e+03,0.000000000000000000e+00,1.268000000000000000e+03,0.000000000000000000e+00
1.269000000000000000e+03,0.000000000000000000e+00,1.269000000000000000e+03,0.000000000000000000e+00
1.270000000000000000e+03,0.000000000000000000e+00,1.270000000000000000e+03,0.000000000000000000e+00
1.271000000000000000e+03,0.000000000000000000e+00,1.271000000000000000e+03,0.000000000000000000e+00
1.272000000000000000e+03,0.000000000000000000e+00,1.272000000000000000e+03,0.000000000000000000e+00
1.273000000000000000e+03,0.000000000000000000e+00,1.273000000000000000e+03,0.000000000000000000e+00
1.274000000000000000e+03,0.000000000000000000e+00,1.274000000000000000e+03,0.000000000000000000e+00
1.275000000000000000e+03,0.000000000000000000e+00,1.275000000000000000e+03,0.000000000000000000e+00
1.276000000000000000e+03,0.000000000000000000e+00,1.276000000000000000e+03,0.000000000000000000e+00
1.277000000000000000e+03,0.000000000000000000e+00,1.277000000000000000e+03,0.000000000000000000e+00
1.278000000000000000e+03,0.000000000000000000e+00,1.278000000000000000e+03,0.000000000000000000e+00
1.279000000000000000e+03,0.000000000000000000e+00,1.279000000000000000e+03,0.000000000000000000e+00
1.280000000000000000e+03,0.000000000000000000e+00,1.280000000000000000e+03,0.000000000000000000e+00
1.281000000000000000e+03,0.000000000000000000e+00,1.281000000000000000e+03,0.000000000000000000e+00
1.282000000000000000e+03,0.000000000000000000e+00,1.282000000000000000e+03,0.000000000000000000e+00
1.283000000000000000e+03,0.000000000000000000e+00,1.283000000000000000e+03,0.000000000000000000e+00
1.284000000000000000e+03,0.000000000000000000e+00,1.284000000000000000e+03,0.000000000000000000e+00
1.285000000000000000e+03,0.000000000000000000e+00,1.285000000000000000e+03,0.000000000000000000e+00
1.286000000000000000e+03,0.000000000000000000e+00,1.286000000000000000e+03,0.000000000000000000e+00
1.287000000000000000e+03,0.000000000000000000e+00,1.287000000000000000e+03,0.000000000000000000e+00
1.288000000000000000e+03,0.000000000000000000e+00,1.288000000000000000e+03,0.000000000000000000e+00
1.289000000000000000e+03,0.000000000000000000e+00,1.289000000000000000e+03,0.000000000000000000e+00
1.290000000000000000e+03,0.000000000000000000e+00,1.290000000000000000e+03,0.000000000000000000e+00
1.291000000000000000e+03,0.000000000000000000e+00,1.291000000000000000e+03,0.000000000000000000e+00
1.292000000000000000e+03,0.000000000000000000e+00,1.292000000000000000e+03,0.000000000000000000e+00
1.293000000000000000e+03,0.000000000000000000e+00,1.293000000000000000e+03,0.000000000000000000e+00
1.294000000000000000e+03,0.000000000000000000e+00,1.294000000000000000e+03,0.000000000000000000e+00
1.295000000000000000e+03,0.000000000000000000e+00,1.295000000000000000e+03,0.000000000000000000e+00
1.296000000000000000e+03,0.000000000000000000e+00,1.296000000000000000e+03,0.000000000000000000e+00
1.297000000000000000e+03,0.000000000000000000e+00,1.297000000000000000e+03,0.000000000000000000e+00
1.298000000000000000e+03,0.000000000000000000e+00,1.298000000000000000e+03,0.000000000000000000e+00
1.299000000000000000e+03,0.000000000000000000e+00,1.299000000000000000e+03,0.000000000000000000e+00
1.300000000000000000e+03,0.000000000000000000e+00,1.300000000000000000e+03,0.000000000000000000e+00
1.301000000000000000e+03,0.000000000000000000e+00,1.301000000000000000e+03,0.000000000000000000e+00
1.302000000000000000e+03,0.000000000000000000e+00,1.302000000000000000e+03,0.000000000000000000e+00
1.303000000000000000e+03,0.000000000000000000e+00,1.303000000000000000e+03,0.000000000000000000e+00
1.304000000000000000e+03,0.000000000000000000e+00,1.304000000000000000e+03,0.000000000000000000e+00
1.305000000000000000e+03,0.000000000000000000e+00,1.305000000000000000e+03,0.000000000000000000e+00
1.306000000000000000e+03,0.000000000000000000e+00,1.306000000000000000e+03,0.000000000000000000e+00
1.307000000000000000e+03,0.000000000000000000e+00,1.307000000000000000e+03,0.000000000000000000e+00
1.308000000000000000e+03,0.000000000000000000e+00,1.308000000000000000e+03,0.000000000000000000e+00
1.309000000000000000e+03,0.000000000000000000e+00,1.309000000000000000e+03,0.000000000000000000e+00
1.310000000000000000e+03,0.000000000000000000e+00,1.310000000000000000e+03,0.000000000000000000e+00
1.311000000000000000e+03,0.000000000000000000e+00,1.311000000000000000e+03,0.000000000000000000e+00
1.312000000000000000e+03,0.000000000000000000e+00,1.312000000000000000e+03,0.000000000000000000e+00
1.313000000000000000e+03,0.000000000000000000e+00,1.313000000000000000e+03,0.000000000000000000e+00
1.314000000000000000e+03,0.000000000000000000e+00,1.314000000000000000e+03,0.000000000000000000e+00
1.315000000000000000e+03,0.000000000000000000e+00,1.315000000000000000e+03,0.000000000000000000e+00
1.316000000000000000e+03,0.000000000000000000e+00,1.316000000000000000e+03,0.000000000000000000e+00
1.317000000000000000e+03,0.000000000000000000e+00,1.317000000000000000e+03,0.000000000000000000e+00
1.318000000000000000e+03,0.000000000000000000e+00,1.318000000000000000e+03,0.000000000000000000e+00
1.319000000000000000e+03,0.000000000000000000e+00,1.319000000000000000e+03,0.000000000000000000e+00
1.320000000000000000e+03,0.000000000000000000e+00,1.320000000000000000e+03,0.000000000000000000e+00
1.321000000000000000e+03,0.000000000000000000e+00,1.321000000000000000e+03,0.000000000000000000e+00
1.322000000000000000e+03,0.000000000000000000e+00,1.322000000000000000e+03,0.000000000000000000e+00
1.323000000000000000e+03,0.000000000000000000e+00,1.323000000000000000e+03,0.000000000000000000e+00
1.324000000000000000e+03,0.000000000000000000e+00,1.324000000000000000e+03,0.000000000000000000e+00
1.325000000000000000e+03,0.000000000000000000e+00,1.325000000000000000e+03,0.000000000000000000e+00
1.326000000000000000e+03,0.000000000000000000e+00,1.326000000000000000e+03,0.000000000000000000e+00
1.327000000000000000e+03,0.000000000000000000e+00,1.327000000000000000e+03,0.000000000000000000e+00
1.328000000000000000e+03,0.000000000000000000e+00,1.328000000000000000e+03,0.000000000000000000e+00
1.329000000000000000e+03,0.000000000000000000e+00,1.329000000000000000e+03,0.000000000000000000e+00
1.330000000000000000e+03,0.000000000000000000e+00,1.330000000000000000e+03,0.000000000000000000e+00
1.331000000000000000e+03,0.000000000000000000e+00,1.331000000000000000e+03,0.000000000000000000e+00
1.332000000000000000e+03,0.000000000000000000e+00,1.332000000000000000e+03,0.000000000000000000e+00
1.333000000000000000e+03,0.000000000000000000e+00,1.333000000000000000e+03,0.000000000000000000e+00
1.334000000000000000e+03,0.000000000000000000e+00,1.334000000000000000e+03,0.000000000000000000e+00
1.335000000000000000e+03,0.000000000000000000e+00,1.335000000000000000e+03,0.000000000000000000e+00
1.336000000000000000e+03,0.000000000000000000e+00,1.336000000000000000e+03,0.000000000000000000e+00
1.337000000000000000e+03,0.000000000000000000e+00,1.337000000000000000e+03,0.000000000000000000e+00
1.338000000000000000e+03,0.000000000000000000e+00,1.338000000000000000e+03,0.000000000000000000e+00
1.339000000000000000e+03,0.000000000000000000e+00,1.339000000000000000e+03,0.000000000000000000e+00
1.340000000000000000e+03,0.000000000000000000e+00,1.340000000000000000e+03,0.000000000000000000e+00
1.341000000000000000e+03,0.000000000000000000e+00,1.341000000000000000e+03,0.000000000000000000e+00
1.342000000000000000e+03,0.000000000000000000e+00,1.342000000000000000e+03,0.000000000000000000e+00
1.343000000000000000e+03,0.000000000000000000e+00,1.343000000000000000e+03,0.000000000000000000e+00
1.344000000000000000e+03,0.000000000000000000e+00,1.344000000000000000e+03,0.000000000000000000e+00
1.345000000000000000e+03,0.000000000000000000e+00,1.345000000000000000e+03,0.000000000000000000e+00
1.346000000000000000e+03,0.000000000000000000e+00,1.346000000000000000e+03,0.000000000000000000e+00
1.347000000000000000e+03,0.000000000000000000e+00,1.347000000000000000e+03,0.000000000000000000e+00
1.348000000000000000e+03,0.000000000000000000e+00,1.348000000000000000e+03,0.000000000000000000e+00
1.349000000000000000e+03,0.000000000000000000e+00,1.349000000000000000e+03,0.000000000000000000e+00
1.350000000000000000e+03,0.000000000000000000e+00,1.350000000000000000e+03,0.000000000000000000e+00
1.351000000000000000e+03,0.000000000000000000e+00,1.351000000000000000e+03,0.000000000000000000e+00
1.352000000000000000e+03,0.000000000000000000e+00,1.352000000000000000e+03,0.000000000000000000e+00
1.353000000000000000e+03,0.000000000000000000e+00,1.353000000000000000e+03,0.000000000000000000e+00
1.354000000000000000e+03,0.000000000000000000e+00,1.354000000000000000e+03,0.000000000000000000e+00
1.355000000000000000e+03,0.000000000000000000e+00,1.355000000000000000e+03,0.000000000000000000e+00
1.356000000000000000e+03,0.000000000000000000e+00,1.356000000000000000e+03,0.000000000000000000e+00
1.357000000000000000e+03,0.000000000000000000e+00,1.357000000000000000e+03,0.000000000000000000e+00
1.358000000000000000e+03,0.000000000000000000e+00,1.358000000000000000e+03,0.000000000000000000e+00
1.359000000000000000e+03,0.000000000000000000e+00,1.359000000000000000e+03,0.000000000000000000e+00
1.360000000000000000e+03,0.000000000000000000e+00,1.360000000000000000e+03,0.000000000000000000e+00
1.361000000000000000e+03,0.000000000000000000e+00,1.361000000000000000e+03,0.000000000000000000e+00
1.362000000000000000e+03,0.000000000000000000e+00,1.362000000000000000e+03,0.000000000000000000e+00
1.363000000000000000e+03,0.000000000000000000e+00,1.363000000000000000e+03,0.000000000000000000e+00
1.364000000000000000e+03,0.000000000000000000e+00,1.364000000000000000e+03,0.000000000000000000e+00
1.365000000000000000e+03,0.000000000000000000e+00,1.365000000000000000e+03,0.000000000000000000e+00
1.366000000000000000e+03,0.000000000000000000e+00,1.366000000000000000e+03,0.000000000000000000e+00
1.367000000000000000e+03,0.000000000000000000e+00,1.367000000000000000e+03,0.000000000000000000e+00
1.368000000000000000e+03,0.000000000000000000e+00,1.368000000000000000e+03,0.000000000000000000e+00
1.369000000000000000e+03,0.000000000000000000e+00,1.369000000000000000e+03,0.000000000000000000e+00
1.370000000000000000e+03,0.000000000000000000e+00,1.370000000000000000e+03,0.000000000000000000e+00
1.371000000000000000e+03,0.000000000000000000e+00,1.371000000000000000e+03,0.000000000000000000e+00
1.372000000000000000e+03,0.000000000000000000e+00,1.372000000000000000e+03,0.000000000000000000e+00
1.373000000000000000e+03,0.000000000000000000e+00,1.373000000000000000e+03,0.000000000000000000e+00
1.374000000000000000e+03,0.000000000000000000e+00,1.374000000000000000e+03,0.000000000000000000e+00
1.375000000000000000e+03,0.000000000000000000e+00,1.375000000000000000e+03,0.000000000000000000e+00
1.376000000000000000e+03,0.000000000000000000e+00,1.376000000000000000e+03,0.000000000000000000e+00
1.377000000000000000e+03,0.000000000000000000e+00,1.377000000000000000e+03,0.000000000000000000e+00
1.378000000000000000e+03,0.000000000000000000e+00,1.378000000000000000e+03,0.000000000000000000e+00
1.379000000000000000e+03,0.000000000000000000e+00,1.379000000000000000e+03,0.000000000000000000e+00
1.380000000000000000e+03,0.000000000000000000e+00,1.380000000000000000e+03,0.000000000000000000e+00
1.381000000000000000e+03,0.000000000000000000e+00,1.381000000000000000e+03,0.000000000000000000e+00
1.382000000000000000e+03,0.000000000000000000e+00,1.382000000000000000e+03,0.000000000000000000e+00
1.383000000000000000e+03,0.000000000000000000e+00,1.383000000000000000e+03,0.000000000000000000e+00
1.384000000000000000e+03,0.000000000000000000e+00,1.384000000000000000e+03,0.000000000000000000e+00
1.385000000000000000e+03,0.000000000000000000e+00,1.385000000000000000e+03,0.000000000000000000e+00
1.386000000000000000e+03,0.000000000000000000e+00,1.386000000000000000e+03,0.000000000000000000e+00
1.387000000000000000e+03,0.000000000000000000e+00,1.387000000000000000e+03,0.000000000000000000e+00
1.388000000000000000e+03,0.000000000000000000e+00,1.388000000000000000e+03,0.000000000000000000e+00
1.389000000000000000e+03,0.000000000000000000e+00,1.389000000000000000e+03,0.000000000000000000e+00
1.390000000000000000e+03,0.000000000000000000e+00,1.390000000000000000e+03,0.000000000000000000e+00
1.391000000000000000e+03,0.000000000000000000e+00,1.391000000000000000e+03,0.000000000000000000e+00
1.392000000000000000e+03,0.000000000000000000e+00,1.392000000000000000e+03,0.000000000000000000e+00
1.393000000000000000e+03,0.000000000000000000e+00,1.393000000000000000e+03,0.000000000000000000e+00
1.394000000000000000e+03,0.000000000000000000e+00,1.394000000000000000e+03,0.000000000000000000e+00
1.395000000000000000e+03,0.000000000000000000e+00,1.395000000000000000e+03,0.000000000000000000e+00
1.396000000000000000e+03,0.000000000000000000e+00,1.396000000000000000e+03,0.000000000000000000e+00
1.397000000000000000e+03,0.000000000000000000e+00,1.397000000000000000e+03,0.000000000000000000e+00
1.398000000000000000e+03,0.000000000000000000e+00,1.398000000000000000e+03,0.000000000000000000e+00
1.399000000000000000e+03,0.000000000000000000e+00,1.399000000000000000e+03,0.000000000000000000e+00
1.400000000000000000e+03,0.000000000000000000e+00,1.400000000000000000e+03,0.000000000000000000e+00
1.401000000000000000e+03,0.000000000000000000e+00,1.401000000000000000e+03,0.000000000000000000e+00
1.402000000000000000e+03,0.000000000000000000e+00,1.402000000000000000e+03,0.000000000000000000e+00
1.403000000000000000e+03,0.000000000000000000e+00,1.403000000000000000e+03,0.000000000000000000e+00
1.404000000000000000e+03,0.000000000000000000e+00,1.404000000000000000e+03,0.000000000000000000e+00
1.405000000000000000e+03,0.000000000000000000e+00,1.405000000000000000e+03,0.000000000000000000e+00
1.406000000000000000e+03,0.000000000000000000e+00,1.406000000000000000e+03,0.000000000000000000e+00
1.407000000000000000e+03,0.000000000000000000e+00,1.407000000000000000e+03,0.000000000000000000e+00
1.408000000000000000e+03,0.000000000000000000e+00,1.408000000000000000e+03,0.000000000000000000e+00
1.409000000000000000e+03,0.000000000000000000e+00,1.409000000000000000e+03,0.000000000000000000e+00
1.410000000000000000e+03,0.000000000000000000e+00,1.410000000000000000e+03,0.000000000000000000e+00
1.411000000000000000e+03,0.000000000000000000e+00,1.411000000000000000e+03,0.000000000000000000e+00
1.412000000000000000e+03,0.000000000000000000e+00,1.412000000000000000e+03,0.000000000000000000e+00
1.413000000000000000e+03,0.000000000000000000e+00,1.413000000000000000e+03,0.000000000000000000e+00
1.414000000000000000e+03,0.000000000000000000e+00,1.414000000000000000e+03,0.000000000000000000e+00
1.415000000000000000e+03,0.000000000000000000e+00,1.415000000000000000e+03,0.000000000000000000e+00
1.416000000000000000e+03,0.000000000000000000e+00,1.416000000000000000e+03,0.000000000000000000e+00
1.417000000000000000e+03,0.000000000000000000e+00,1.417000000000000000e+03,0.000000000000000000e+00
1.418000000000000000e+03,0.000000000000000000e+00,1.418000000000000000e+03,0.000000000000000000e+00
1.419000000000000000e+03,0.000000000000000000e+00,1.419000000000000000e+03,0.000000000000000000e+00
1.420000000000000000e+03,0.000000000000000000e+00,1.420000000000000000e+03,0.000000000000000000e+00
1.421000000000000000e+03,0.000000000000000000e+00,1.421000000000000000e+03,0.000000000000000000e+00
1.422000000000000000e+03,0.000000000000000000e+00,1.422000000000000000e+03,0.000000000000000000e+00
1.423000000000000000e+03,0.000000000000000000e+00,1.423000000000000000e+03,0.000000000000000000e+00
1.424000000000000000e+03,0.000000000000000000e+00,1.424000000000000000e+03,0.000000000000000000e+00
1.425000000000000000e+03,0.000000000000000000e+00,1.425000000000000000e+03,0.000000000000000000e+00
1.426000000000000000e+03,0.000000000000000000e+00,1.426000000000000000e+03,0.000000000000000000e+00
1.427000000000000000e+03,0.000000000000000000e+00,1.427000000000000000e+03,0.000000000000000000e+00
1.428000000000000000e+03,0.000000000000000000e+00,1.428000000000000000e+03,0.000000000000000000e+00
1.429000000000000000e+03,0.000000000000000000e+00,1.429000000000000000e+03,0.000000000000000000e+00
1.430000000000000000e+03,0.000000000000000000e+00,1.430000000000000000e+03,0.000000000000000000e+00
1.431000000000000000e+03,0.000000000000000000e+00,1.431000000000000000e+03,0.000000000000000000e+00
1.432000000000000000e+03,0.000000000000000000e+00,1.432000000000000000e+03,0.000000000000000000e+00
1.433000000000000000e+03,0.000000000000000000e+00,1.433000000000000000e+03,0.000000000000000000e+00
1.434000000000000000e+03,0.000000000000000000e+00,1.434000000000000000e+03,0.000000000000000000e+00
1.435000000000000000e+03,0.000000000000000000e+00,1.435000000000000000e+03,0.000000000000000000e+00
1.436000000000000000e+03,0.000000000000000000e+00,1.436000000000000000e+03,0.000000000000000000e+00
1.437000000000000000e+03,0.000000000000000000e+00,1.437000000000000000e+03,0.000000000000000000e+00
1.438000000000000000e+03,0.000000000000000000e+00,1.438000000000000000e+03,0.000000000000000000e+00
1.439000000000000000e+03,0.000000000000000000e+00,1.439000000000000000e+03,0.000000000000000000e+00
1.440000000000000000e+03,0.000000000000000000e+00,1.440000000000000000e+03,0.000000000000000000e+00
1.441000000000000000e+03,0.000000000000000000e+00,1.441000000000000000e+03,0.000000000000000000e+00
1.442000000000000000e+03,0.000000000000000000e+00,1.442000000000000000e+03,0.000000000000000000e+00
1.443000000000000000e+03,0.000000000000000000e+00,1.443000000000000000e+03,0.000000000000000000e+00
1.444000000000000000e+03,0.000000000000000000e+00,1.444000000000000000e+03,0.000000000000000000e+00
1.445000000000000000e+03,0.000000000000000000e+00,1.445000000000000000e+03,0.000000000000000000e+00
1.446000000000000000e+03,0.000000000000000000e+00,1.446000000000000000e+03,0.000000000000000000e+00
1.447000000000000000e+03,0.000000000000000000e+00,1.447000000000000000e+03,0.000000000000000000e+00
1.448000000000000000e+03,0.000000000000000000e+00,1.448000000000000000e+03,0.000000000000000000e+00
1.449000000000000000e+03,0.000000000000000000e+00,1.449000000000000000e+03,0.000000000000000000e+00
1.450000000000000000e+03,0.000000000000000000e+00,1.450000000000000000e+03,0.000000000000000000e+00
1.451000000000000000e+03,0.000000000000000000e+00,1.451000000000000000e+03,0.000000000000000000e+00
1.452000000000000000e+03,0.000000000000000000e+00,1.452000000000000000e+03,0.000000000000000000e+00
1.453000000000000000e+03,0.000000000000000000e+00,1.453000000000000000e+03,0.000000000000000000e+00
1.454000000000000000e+03,0.000000000000000000e+00,1.454000000000000000e+03,0.000000000000000000e+00
1.455000000000000000e+03,0.000000000000000000e+00,1.455000000000000000e+03,0.000000000000000000e+00
1.456000000000000000e+03,0.000000000000000000e+00,1.456000000000000000e+03,0.000000000000000000e+00
1.457000000000000000e+03,0.000000000000000000e+00,1.457000000000000000e+03,0.000000000000000000e+00
1.458000000000000000e+03,0.000000000000000000e+00,1.458000000000000000e+03,0.000000000000000000e+00
1.459000000000000000e+03,0.000000000000000000e+00,1.459000000000000000e+03,0.000000000000000000e+00
1.460000000000000000e+03,0.000000000000000000e+00,1.460000000000000000e+03,0.000000000000000000e+00
1.461000000000000000e+03,0.000000000000000000e+00,1.461000000000000000e+03,0.000000000000000000e+00
1.462000000000000000e+03,0.000000000000000000e+00,1.462000000000000000e+03,0.000000000000000000e+00
1.463000000000000000e+03,0.000000000000000000e+00,1.463000000000000000e+03,0.000000000000000000e+00
1.464000000000000000e+03,0.000000000000000000e+00,1.464000000000000000e+03,0.000000000000000000e+00
1.465000000000000000e+03,0.000000000000000000e+00,1.465000000000000000e+03,0.000000000000000000e+00
1.466000000000000000e+03,0.000000000000000000e+00,1.466000000000000000e+03,0.000000000000000000e+00
1.467000000000000000e+03,0.000000000000000000e+00,1.467000000000000000e+03,0.000000000000000000e+00
1.468000000000000000e+03,0.000000000000000000e+00,1.468000000000000000e+03,0.000000000000000000e+00
1.469000000000000000e+03,0.000000000000000000e+00,1.469000000000000000e+03,0.000000000000000000e+00
1.470000000000000000e+03,0.000000000000000000e+00,1.470000000000000000e+03,0.000000000000000000e+00
1.471000000000000000e+03,0.000000000000000000e+00,1.471000000000000000e+03,0.000000000000000000e+00
1.472000000000000000e+03,0.000000000000000000e+00,1.472000000000000000e+03,0.000000000000000000e+00
1.473000000000000000e+03,0.000000000000000000e+00,1.473000000000000000e+03,0.000000000000000000e+00
1.474000000000000000e+03,0.000000000000000000e+00,1.474000000000000000e+03,0.000000000000000000e+00
1.475000000000000000e+03,0.000000000000000000e+00,1.475000000000000000e+03,0.000000000000000000e+00
1.476000000000000000e+03,0.000000000000000000e+00,1.476000000000000000e+03,0.000000000000000000e+00
1.477000000000000000e+03,0.000000000000000000e+00,1.477000000000000000e+03,0.000000000000000000e+00
1.478000000000000000e+03,0.000000000000000000e+00,1.478000000000000000e+03,0.000000000000000000e+00
1.479000000000000000e+03,0.000000000000000000e+00,1.479000000000000000e+03,0.000000000000000000e+00
1.480000000000000000e+03,0.000000000000000000e+00,1.480000000000000000e+03,0.000000000000000000e+00
1.481000000000000000e+03,0.000000000000000000e+00,1.481000000000000000e+03,0.000000000000000000e+00
1.482000000000000000e+03,0.000000000000000000e+00,1.482000000000000000e+03,0.000000000000000000e+00
1.483000000000000000e+03,0.000000000000000000e+00,1.483000000000000000e+03,0.000000000000000000e+00
1.484000000000000000e+03,0.000000000000000000e+00,1.484000000000000000e+03,0.000000000000000000e+00
1.485000000000000000e+03,0.000000000000000000e+00,1.485000000000000000e+03,0.000000000000000000e+00
1.486000000000000000e+03,0.000000000000000000e+00,1.486000000000000000e+03,0.000000000000000000e+00
1.487000000000000000e+03,0.000000000000000000e+00,1.487000000000000000e+03,0.000000000000000000e+00
1.488000000000000000e+03,0.000000000000000000e+00,1.488000000000000000e+03,0.000000000000000000e+00
1.489000000000000000e+03,0.000000000000000000e+00,1.489000000000000000e+03,0.000000000000000000e+00
1.490000000000000000e+03,0.000000000000000000e+00,1.490000000000000000e+03,0.000000000000000000e+00
1.491000000000000000e+03,0.000000000000000000e+00,1.491000000000000000e+03,0.000000000000000000e+00
1.492000000000000000e+03,0.000000000000000000e+00,1.492000000000000000e+03,0.000000000000000000e+00
1.493000000000000000e+03,0.000000000000000000e+00,1.493000000000000000e+03,0.000000000000000000e+00
1.494000000000000000e+03,0.000000000000000000e+00,1.494000000000000000e+03,0.000000000000000000e+00
1.495000000000000000e+03,0.000000000000000000e+00,1.495000000000000000e+03,0.000000000000000000e+00
1.496000000000000000e+03,0.000000000000000000e+00,1.496000000000000000e+03,0.000000000000000000e+00
1.497000000000000000e+03,0.000000000000000000e+00,1.497000000000000000e+03,0.000000000000000000e+00
1.498000000000000000e+03,0.000000000000000000e+00,1.498000000000000000e+03,0.000000000000000000e+00
1.499000000000000000e+03,0.000000000000000000e+00,1.499000000000000000e+03,0.000000000000000000e+00
1.500000000000000000e+03,0.000000000000000000e+00,1.500000000000000000e+03,0.000000000000000000e+00
1.501000000000000000e+03,0.000000000000000000e+00,1.501000000000000000e+03,0.000000000000000000e+00
1.502000000000000000e+03,0.000000000000000000e+00,1.502000000000000000e+03,0.000000000000000000e+00
1.503000000000000000e+03,0.000000000000000000e+00,1.503000000000000000e+03,0.000000000000000000e+00
1.504000000000000000e+03,0.000000000000000000e+00,1.504000000000000000e+03,0.000000000000000000e+00
1.505000000000000000e+03,0.000000000000000000e+00,1.505000000000000000e+03,0.000000000000000000e+00
1.506000000000000000e+03,0.000000000000000000e+00,1.506000000000000000e+03,0.000000000000000000e+00
1.507000000000000000e+03,0.000000000000000000e+00,1.507000000000000000e+03,0.000000000000000000e+00
1.508000000000000000e+03,0.000000000000000000e+00,1.508000000000000000e+03,0.000000000000000000e+00
1.509000000000000000e+03,0.000000000000000000e+00,1.509000000000000000e+03,0.000000000000000000e+00
1.510000000000000000e+03,0.000000000000000000e+00,1.510000000000000000e+03,0.000000000000000000e+00
1.511000000000000000e+03,0.000000000000000000e+00,1.511000000000000000e+03,0.000000000000000000e+00
1.512000000000000000e+03,0.000000000000000000e+00,1.512000000000000000e+03,0.000000000000000000e+00
1.513000000000000000e+03,0.000000000000000000e+00,1.513000000000000000e+03,0.000000000000000000e+00
1.514000000000000000e+03,0.000000000000000000e+00,1.514000000000000000e+03,0.000000000000000000e+00
1.515000000000000000e+03,0.000000000000000000e+00,1.515000000000000000e+03,0.000000000000000000e+00
1.516000000000000000e+03,0.000000000000000000e+00,1.516000000000000000e+03,0.000000000000000000e+00
1.517000000000000000e+03,0.000000000000000000e+00,1.517000000000000000e+03,0.000000000000000000e+00
1.518000000000000000e+03,0.000000000000000000e+00,1.518000000000000000e+03,0.000000000000000000e+00
1.519000000000000000e+03,0.000000000000000000e+00,1.519000000000000000e+03,0.000000000000000000e+00
1.520000000000000000e+03,0.000000000000000000e+00,1.520000000000000000e+03,0.000000000000000000e+00
1.521000000000000000e+03,0.000000000000000000e+00,1.521000000000000000e+03,0.000000000000000000e+00
1.522000000000000000e+03,0.000000000000000000e+00,1.522000000000000000e+03,0.000000000000000000e+00
1.523000000000000000e+03,0.000000000000000000e+00,1.523000000000000000e+03,0.000000000000000000e+00
1.524000000000000000e+03,0.000000000000000000e+00,1.524000000000000000e+03,0.000000000000000000e+00
1.525000000000000000e+03,0.000000000000000000e+00,1.525000000000000000e+03,0.000000000000000000e+00
1.526000000000000000e+03,0.000000000000000000e+00,1.526000000000000000e+03,0.000000000000000000e+00
1.527000000000000000e+03,0.000000000000000000e+00,1.527000000000000000e+03,0.000000000000000000e+00
1.528000000000000000e+03,0.000000000000000000e+00,1.528000000000000000e+03,0.000000000000000000e+00
1.529000000000000000e+03,0.000000000000000000e+00,1.529000000000000000e+03,0.000000000000000000e+00
1.530000000000000000e+03,0.000000000000000000e+00,1.530000000000000000e+03,0.000000000000000000e+00
1.531000000000000000e+03,0.000000000000000000e+00,1.531000000000000000e+03,0.000000000000000000e+00
1.532000000000000000e+03,0.000000000000000000e+00,1.532000000000000000e+03,0.000000000000000000e+00
1.533000000000000000e+03,0.000000000000000000e+00,1.533000000000000000e+03,0.000000000000000000e+00
1.534000000000000000e+03,0.000000000000000000e+00,1.534000000000000000e+03,0.000000000000000000e+00
1.535000000000000000e+03,0.000000000000000000e+00,1.535000000000000000e+03,0.000000000000000000e+00
1.536000000000000000e+03,0.000000000000000000e+00,1.536000000000000000e+03,0.000000000000000000e+00
1.537000000000000000e+03,0.000000000000000000e+00,1.537000000000000000e+03,0.000000000000000000e+00
1.538000000000000000e+03,0.000000000000000000e+00,1.538000000000000000e+03,0.000000000000000000e+00
1.539000000000000000e+03,0.000000000000000000e+00,1.539000000000000000e+03,0.000000000000000000e+00
1.540000000000000000e+03,0.000000000000000000e+00,1.540000000000000000e+03,0.000000000000000000e+00
1.541000000000000000e+03,0.000000000000000000e+00,1.541000000000000000e+03,0.000000000000000000e+00
1.542000000000000000e+03,0.000000000000000000e+00,1.542000000000000000e+03,0.000000000000000000e+00
1.543000000000000000e+03,0.000000000000000000e+00,1.543000000000000000e+03,0.000000000000000000e+00
1.544000000000000000e+03,0.000000000000000000e+00,1.544000000000000000e+03,0.000000000000000000e+00
1.545000000000000000e+03,0.000000000000000000e+00,1.545000000000000000e+03,0.000000000000000000e+00
1.546000000000000000e+03,0.000000000000000000e+00,1.546000000000000000e+03,0.000000000000000000e+00
1.547000000000000000e+03,0.000000000000000000e+00,1.547000000000000000e+03,0.000000000000000000e+00
1.548000000000000000e+03,0.000000000000000000e+00,1.548000000000000000e+03,0.000000000000000000e+00
1.549000000000000000e+03,0.000000000000000000e+00,1.549000000000000000e+03,0.000000000000000000e+00
1.550000000000000000e+03,0.000000000000000000e+00,1.550000000000000000e+03,0.000000000000000000e+00
1.551000000000000000e+03,0.000000000000000000e+00,1.551000000000000000e+03,0.000000000000000000e+00
1.552000000000000000e+03,0.000000000000000000e+00,1.552000000000000000e+03,0.000000000000000000e+00
1.553000000000000000e+03,0.000000000000000000e+00,1.553000000000000000e+03,0.000000000000000000e+00
1.554000000000000000e+03,0.000000000000000000e+00,1.554000000000000000e+03,0.000000000000000000e+00
1.555000000000000000e+03,0.000000000000000000e+00,1.555000000000000000e+03,0.000000000000000000e+00
1.556000000000000000e+03,0.000000000000000000e+00,1.556000000000000000e+03,0.000000000000000000e+00
1.557000000000000000e+03,0.000000000000000000e+00,1.557000000000000000e+03,0.000000000000000000e+00
1.558000000000000000e+03,0.000000000000000000e+00,1.558000000000000000e+03,0.000000000000000000e+00
1.559000000000000000e+03,0.000000000000000000e+00,1.559000000000000000e+03,0.000000000000000000e+00
1.560000000000000000e+03,0.000000000000000000e+00,1.560000000000000000e+03,0.000000000000000000e+00
1.561000000000000000e+03,0.000000000000000000e+00,1.561000000000000000e+03,0.000000000000000000e+00
1.562000000000000000e+03,0.000000000000000000e+00,1.562000000000000000e+03,0.000000000000000000e+00
1.563000000000000000e+03,0.000000000000000000e+00,1.563000000000000000e+03,0.000000000000000000e+00
1.564000000000000000e+03,0.000000000000000000e+00,1.564000000000000000e+03,0.000000000000000000e+00
1.565000000000000000e+03,0.000000000000000000e+00,1.565000000000000000e+03,0.000000000000000000e+00
1.566000000000000000e+03,0.000000000000000000e+00,1.566000000000000000e+03,0.000000000000000000e+00
1.567000000000000000e+03,0.000000000000000000e+00,1.567000000000000000e+03,0.000000000000000000e+00
1.568000000000000000e+03,0.000000000000000000e+00,1.568000000000000000e+03,0.000000000000000000e+00
1.569000000000000000e+03,0.000000000000000000e+00,1.569000000000000000e+03,0.000000000000000000e+00
1.570000000000000000e+03,0.000000000000000000e+00,1.570000000000000000e+03,0.000000000000000000e+00
1.571000000000000000e+03,0.000000000000000000e+00,1.571000000000000000e+03,0.000000000000000000e+00
1.572000000000000000e+03,0.000000000000000000e+00,1.572000000000000000e+03,0.000000000000000000e+00
1.573000000000000000e+03,0.000000000000000000e+00,1.573000000000000000e+03,0.000000000000000000e+00
1.574000000000000000e+03,0.000000000000000000e+00,1.574000000000000000e+03,0.000000000000000000e+00
1.575000000000000000e+03,0.000000000000000000e+00,1.575000000000000000e+03,0.000000000000000000e+00
1.576000000000000000e+03,0.000000000000000000e+00,1.576000000000000000e+03,0.000000000000000000e+00
1.577000000000000000e+03,0.000000000000000000e+00,1.577000000000000000e+03,0.000000000000000000e+00
1.578000000000000000e+03,0.000000000000000000e+00,1.578000000000000000e+03,0.000000000000000000e+00
1.579000000000000000e+03,0.000000000000000000e+00,1.579000000000000000e+03,0.000000000000000000e+00
1.580000000000000000e+03,0.000000000000000000e+00,1.580000000000000000e+03,0.000000000000000000e+00
1.581000000000000000e+03,0.000000000000000000e+00,1.581000000000000000e+03,0.000000000000000000e+00
1.582000000000000000e+03,0.000000000000000000e+00,1.582000000000000000e+03,0.000000000000000000e+00
1.583000000000000000e+03,0.000000000000000000e+00,1.583000000000000000e+03,0.000000000000000000e+00
1.584000000000000000e+03,0.000000000000000000e+00,1.584000000000000000e+03,0.000000000000000000e+00
1.585000000000000000e+03,0.000000000000000000e+00,1.585000000000000000e+03,0.000000000000000000e+00
1.586000000000000000e+03,0.000000000000000000e+00,1.586000000000000000e+03,0.000000000000000000e+00
1.587000000000000000e+03,0.000000000000000000e+00,1.587000000000000000e+03,0.000000000000000000e+00
1.588000000000000000e+03,0.000000000000000000e+00,1.588000000000000000e+03,0.000000000000000000e+00
1.589000000000000000e+03,0.000000000000000000e+00,1.589000000000000000e+03,0.000000000000000000e+00
1.590000000000000000e+03,0.000000000000000000e+00,1.590000000000000000e+03,0.000000000000000000e+00
1.591000000000000000e+03,0.000000000000000000e+00,1.591000000000000000e+03,0.000000000000000000e+00
1.592000000000000000e+03,0.000000000000000000e+00,1.592000000000000000e+03,0.000000000000000000e+00
1.593000000000000000e+03,0.000000000000000000e+00,1.593000000000000000e+03,0.000000000000000000e+00
1.594000000000000000e+03,0.000000000000000000e+00,1.594000000000000000e+03,0.000000000000000000e+00
1.595000000000000000e+03,0.000000000000000000e+00,1.595000000000000000e+03,0.000000000000000000e+00
1.596000000000000000e+03,0.000000000000000000e+00,1.596000000000000000e+03,0.000000000000000000e+00
1.597000000000000000e+03,0.000000000000000000e+00,1.597000000000000000e+03,0.000000000000000000e+00
1.598000000000000000e+03,0.000000000000000000e+00,1.598000000000000000e+03,0.000000000000000000e+00
1.599000000000000000e+03,0.000000000000000000e+00,1.599000000000000000e+03,0.000000000000000000e+00
1.600000000000000000e+03,0.000000000000000000e+00,1.600000000000000000e+03,0.000000000000000000e+00
1.601000000000000000e+03,0.000000000000000000e+00,1.601000000000000000e+03,0.000000000000000000e+00
1.602000000000000000e+03,0.000000000000000000e+00,1.602000000000000000e+03,0.000000000000000000e+00
1.603000000000000000e+03,0.000000000000000000e+00,1.603000000000000000e+03,0.000000000000000000e+00
1.604000000000000000e+03,0.000000000000000000e+00,1.604000000000000000e+03,0.000000000000000000e+00
1.605000000000000000e+03,0.000000000000000000e+00,1.605000000000000000e+03,0.000000000000000000e+00
1.606000000000000000e+03,0.000000000000000000e+00,1.606000000000000000e+03,0.000000000000000000e+00
1.607000000000000000e+03,0.000000000000000000e+00,1.607000000000000000e+03,0.000000000000000000e+00
1.608000000000000000e+03,0.000000000000000000e+00,1.608000000000000000e+03,0.000000000000000000e+00
1.609000000000000000e+03,0.000000000000000000e+00,1.609000000000000000e+03,0.000000000000000000e+00
1.610000000000000000e+03,0.000000000000000000e+00,1.610000000000000000e+03,0.000000000000000000e+00
1.611000000000000000e+03,0.000000000000000000e+00,1.611000000000000000e+03,0.000000000000000000e+00
1.612000000000000000e+03,0.000000000000000000e+00,1.612000000000000000e+03,0.000000000000000000e+00
1.613000000000000000e+03,0.000000000000000000e+00,1.613000000000000000e+03,0.000000000000000000e+00
1.614000000000000000e+03,0.000000000000000000e+00,1.614000000000000000e+03,0.000000000000000000e+00
1.615000000000000000e+03,0.000000000000000000e+00,1.615000000000000000e+03,0.000000000000000000e+00
1.616000000000000000e+03,0.000000000000000000e+00,1.616000000000000000e+03,0.000000000000000000e+00
1.617000000000000000e+03,0.000000000000000000e+00,1.617000000000000000e+03,0.000000000000000000e+00
1.618000000000000000e+03,0.000000000000000000e+00,1.618000000000000000e+03,0.000000000000000000e+00
1.619000000000000000e+03,0.000000000000000000e+00,1.619000000000000000e+03,0.000000000000000000e+00
1.620000000000000000e+03,0.000000000000000000e+00,1.620000000000000000e+03,0.000000000000000000e+00
1.621000000000000000e+03,0.000000000000000000e+00,1.621000000000000000e+03,0.000000000000000000e+00
1.622000000000000000e+03,0.000000000000000000e+00,1.622000000000000000e+03,0.000000000000000000e+00
1.623000000000000000e+03,0.000000000000000000e+00,1.623000000000000000e+03,0.000000000000000000e+00
1.624000000000000000e+03,0.000000000000000000e+00,1.624000000000000000e+03,0.000000000000000000e+00
1.625000000000000000e+03,0.000000000000000000e+00,1.625000000000000000e+03,0.000000000000000000e+00
1.626000000000000000e+03,0.000000000000000000e+00,1.626000000000000000e+03,0.000000000000000000e+00
1.627000000000000000e+03,0.000000000000000000e+00,1.627000000000000000e+03,0.000000000000000000e+00
1.628000000000000000e+03,0.000000000000000000e+00,1.628000000000000000e+03,0.000000000000000000e+00
1.629000000000000000e+03,0.000000000000000000e+00,1.629000000000000000e+03,0.000000000000000000e+00
1.630000000000000000e+03,0.000000000000000000e+00,1.630000000000000000e+03,0.000000000000000000e+00
1.631000000000000000e+03,0.000000000000000000e+00,1.631000000000000000e+03,0.000000000000000000e+00
1.632000000000000000e+03,0.000000000000000000e+00,1.632000000000000000e+03,0.000000000000000000e+00
1.633000000000000000e+03,0.000000000000000000e+00,1.633000000000000000e+03,0.000000000000000000e+00
1.634000000000000000e+03,0.000000000000000000e+00,1.634000000000000000e+03,0.000000000000000000e+00
1.635000000000000000e+03,0.000000000000000000e+00,1.635000000000000000e+03,0.000000000000000000e+00
1.636000000000000000e+03,0.000000000000000000e+00,1.636000000000000000e+03,0.000000000000000000e+00
1.637000000000000000e+03,0.000000000000000000e+00,1.637000000000000000e+03,0.000000000000000000e+00
1.638000000000000000e+03,0.000000000000000000e+00,1.638000000000000000e+03,0.000000000000000000e+00
1.639000000000000000e+03,0.000000000000000000e+00,1.639000000000000000e+03,0.000000000000000000e+00
1.640000000000000000e+03,0.000000000000000000e+00,1.640000000000000000e+03,0.000000000000000000e+00
1.641000000000000000e+03,0.000000000000000000e+00,1.641000000000000000e+03,0.000000000000000000e+00
1.642000000000000000e+03,0.000000000000000000e+00,1.642000000000000000e+03,0.000000000000000000e+00
1.643000000000000000e+03,0.000000000000000000e+00,1.643000000000000000e+03,0.000000000000000000e+00
1.644000000000000000e+03,0.000000000000000000e+00,1.644000000000000000e+03,0.000000000000000000e+00
1.645000000000000000e+03,0.000000000000000000e+00,1.645000000000000000e+03,0.000000000000000000e+00
1.646000000000000000e+03,0.000000000000000000e+00,1.646000000000000000e+03,0.000000000000000000e+00
1.647000000000000000e+03,0.000000000000000000e+00,1.647000000000000000e+03,0.000000000000000000e+00
1.648000000000000000e+03,0.000000000000000000e+00,1.648000000000000000e+03,0.000000000000000000e+00
1.649000000000000000e+03,0.000000000000000000e+00,1.649000000000000000e+03,0.000000000000000000e+00
1.650000000000000000e+03,0.000000000000000000e+00,1.650000000000000000e+03,0.000000000000000000e+00
1.651000000000000000e+03,0.000000000000000000e+00,1.651000000000000000e+03,0.000000000000000000e+00
1.652000000000000000e+03,0.000000000000000000e+00,1.652000000000000000e+03,0.000000000000000000e+00
1.653000000000000000e+03,0.000000000000000000e+00,1.653000000000000000e+03,0.000000000000000000e+00
1.654000000000000000e+03,0.000000000000000000e+00,1.654000000000000000e+03,0.000000000000000000e+00
1.655000000000000000e+03,0.000000000000000000e+00,1.655000000000000000e+03,0.000000000000000000e+00
1.656000000000000000e+03,0.000000000000000000e+00,1.656000000000000000e+03,0.000000000000000000e+00
1.657000000000000000e+03,0.000000000000000000e+00,1.657000000000000000e+03,0.000000000000000000e+00
1.658000000000000000e+03,0.000000000000000000e+00,1.658000000000000000e+03,0.000000000000000000e+00
1.659000000000000000e+03,0.000000000000000000e+00,1.659000000000000000e+03,0.000000000000000000e+00
1.660000000000000000e+03,0.000000000000000000e+00,1.660000000000000000e+03,0.000000000000000000e+00
1.661000000000000000e+03,0.000000000000000000e+00,1.661000000000000000e+03,0.000000000000000000e+00
1.662000000000000000e+03,0.000000000000000000e+00,1.662000000000000000e+03,0.000000000000000000e+00
1.663000000000000000e+03,0.000000000000000000e+00,1.663000000000000000e+03,0.000000000000000000e+00
1.664000000000000000e+03,0.000000000000000000e+00,1.664000000000000000e+03,0.000000000000000000e+00
1.665000000000000000e+03,0.000000000000000000e+00,1.665000000000000000e+03,0.000000000000000000e+00
1.666000000000000000e+03,0.000000000000000000e+00,1.666000000000000000e+03,0.000000000000000000e+00
1.667000000000000000e+03,0.000000000000000000e+00,1.667000000000000000e+03,0.000000000000000000e+00
1.668000000000000000e+03,0.000000000000000000e+00,1.668000000000000000e+03,0.000000000000000000e+00
1.669000000000000000e+03,0.000000000000000000e+00,1.669000000000000000e+03,0.000000000000000000e+00
1.670000000000000000e+03,0.000000000000000000e+00,1.670000000000000000e+03,0.000000000000000000e+00
1.671000000000000000e+03,0.000000000000000000e+00,1.671000000000000000e+03,0.000000000000000000e+00
1.672000000000000000e+03,0.000000000000000000e+00,1.672000000000000000e+03,0.000000000000000000e+00
1.673000000000000000e+03,0.000000000000000000e+00,1.673000000000000000e+03,0.000000000000000000e+00
1.674000000000000000e+03,0.000000000000000000e+00,1.674000000000000000e+03,0.000000000000000000e+00
1.675000000000000000e+03,0.000000000000000000e+00,1.675000000000000000e+03,0.000000000000000000e+00
1.676000000000000000e+03,0.000000000000000000e+00,1.676000000000000000e+03,0.000000000000000000e+00
1.677000000000000000e+03,0.000000000000000000e+00,1.677000000000000000e+03,0.000000000000000000e+00
1.678000000000000000e+03,0.000000000000000000e+00,1.678000000000000000e+03,0.000000000000000000e+00
1.679000000000000000e+03,0.000000000000000000e+00,1.679000000000000000e+03,0.000000000000000000e+00
1.680000000000000000e+03,0.000000000000000000e+00,1.680000000000000000e+03,0.000000000000000000e+00
1.681000000000000000e+03,0.000000000000000000e+00,1.681000000000000000e+03,0.000000000000000000e+00
1.682000000000000000e+03,0.000000000000000000e+00,1.682000000000000000e+03,0.000000000000000000e+00
1.683000000000000000e+03,0.000000000000000000e+00,1.683000000000000000e+03,0.000000000000000000e+00
1.684000000000000000e+03,0.000000000000000000e+00,1.684000000000000000e+03,0.000000000000000000e+00
1.685000000000000000e+03,0.000000000000000000e+00,1.685000000000000000e+03,0.000000000000000000e+00
1.686000000000000000e+03,0.000000000000000000e+00,1.686000000000000000e+03,0.000000000000000000e+00
1.687000000000000000e+03,0.000000000000000000e+00,1.687000000000000000e+03,0.000000000000000000e+00
1.688000000000000000e+03,0.000000000000000000e+00,1.688000000000000000e+03,0.000000000000000000e+00
1.689000000000000000e+03,0.000000000000000000e+00,1.689000000000000000e+03,0.000000000000000000e+00
1.690000000000000000e+03,0.000000000000000000e+00,1.690000000000000000e+03,0.000000000000000000e+00
1.691000000000000000e+03,0.000000000000000000e+00,1.691000000000000000e+03,0.000000000000000000e+00
1.692000000000000000e+03,0.000000000000000000e+00,1.692000000000000000e+03,0.000000000000000000e+00
1.693000000000000000e+03,0.000000000000000000e+00,1.693000000000000000e+03,0.000000000000000000e+00
1.694000000000000000e+03,0.000000000000000000e+00,1.694000000000000000e+03,0.000000000000000000e+00
1.695000000000000000e+03,0.000000000000000000e+00,1.695000000000000000e+03,0.000000000000000000e+00
1.696000000000000000e+03,0.000000000000000000e+00,1.696000000000000000e+03,0.000000000000000000e+00
1.697000000000000000e+03,0.000000000000000000e+00,1.697000000000000000e+03,0.000000000000000000e+00
1.698000000000000000e+03,0.000000000000000000e+00,1.698000000000000000e+03,0.000000000000000000e+00
1.699000000000000000e+03,0.000000000000000000e+00,1.699000000000000000e+03,0.000000000000000000e+00
1.700000000000000000e+03,0.000000000000000000e+00,1.700000000000000000e+03,0.000000000000000000e+00
1.701000000000000000e+03,0.000000000000000000e+00,1.701000000000000000e+03,0.000000000000000000e+00
1.702000000000000000e+03,0.000000000000000000e+00,1.702000000000000000e+03,0.000000000000000000e+00
1.703000000000000000e+03,0.000000000000000000e+00,1.703000000000000000e+03,0.000000000000000000e+00
1.704000000000000000e+03,0.000000000000000000e+00,1.704000000000000000e+03,0.000000000000000000e+00
1.705000000000000000e+03,0.000000000000000000e+00,1.705000000000000000e+03,0.000000000000000000e+00
1.706000000000000000e+03,0.000000000000000000e+00,1.706000000000000000e+03,0.000000000000000000e+00
1.707000000000000000e+03,0.000000000000000000e+00,1.707000000000000000e+03,0.000000000000000000e+00
1.708000000000000000e+03,0.000000000000000000e+00,1.708000000000000000e+03,0.000000000000000000e+00
1.709000000000000000e+03,0.000000000000000000e+00,1.709000000000000000e+03,0.000000000000000000e+00
1.710000000000000000e+03,0.000000000000000000e+00,1.710000000000000000e+03,0.000000000000000000e+00
1.711000000000000000e+03,0.000000000000000000e+00,1.711000000000000000e+03,0.000000000000000000e+00
1.712000000000000000e+03,0.000000000000000000e+00,1.712000000000000000e+03,0.000000000000000000e+00
1.713000000000000000e+03,0.000000000000000000e+00,1.713000000000000000e+03,0.000000000000000000e+00
1.714000000000000000e+03,0.000000000000000000e+00,1.714000000000000000e+03,0.000000000000000000e+00
1.715000000000000000e+03,0.000000000000000000e+00,1.715000000000000000e+03,0.000000000000000000e+00
1.716000000000000000e+03,0.000000000000000000e+00,1.716000000000000000e+03,0.000000000000000000e+00
1.717000000000000000e+03,0.000000000000000000e+00,1.717000000000000000e+03,0.000000000000000000e+00
1.718000000000000000e+03,0.000000000000000000e+00,1.718000000000000000e+03,0.000000000000000000e+00
1.719000000000000000e+03,0.000000000000000000e+00,1.719000000000000000e+03,0.000000000000000000e+00
1.720000000000000000e+03,0.000000000000000000e+00,1.720000000000000000e+03,0.000000000000000000e+00
1.721000000000000000e+03,0.000000000000000000e+00,1.721000000000000000e+03,0.000000000000000000e+00
1.722000000000000000e+03,0.000000000000000000e+00,1.722000000000000000e+03,0.000000000000000000e+00
1.723000000000000000e+03,0.000000000000000000e+00,1.723000000000000000e+03,0.000000000000000000e+00
1.724000000000000000e+03,0.000000000000000000e+00,1.724000000000000000e+03,0.000000000000000000e+00
1.725000000000000000e+03,0.000000000000000000e+00,1.725000000000000000e+03,0.000000000000000000e+00
1.726000000000000000e+03,0.000000000000000000e+00,1.726000000000000000e+03,0.000000000000000000e+00
1.727000000000000000e+03,0.000000000000000000e+00,1.727000000000000000e+03,0.000000000000000000e+00
1.728000000000000000e+03,0.000000000000000000e+00,1.728000000000000000e+03,0.000000000000000000e+00
1.729000000000000000e+03,0.000000000000000000e+00,1.729000000000000000e+03,0.000000000000000000e+00
1.730000000000000000e+03,0.000000000000000000e+00,1.730000000000000000e+03,0.000000000000000000e+00
1.731000000000000000e+03,0.000000000000000000e+00,1.731000000000000000e+03,0.000000000000000000e+00
1.732000000000000000e+03,0.000000000000000000e+00,1.732000000000000000e+03,0.000000000000000000e+00
1.733000000000000000e+03,0.000000000000000000e+00,1.733000000000000000e+03,0.000000000000000000e+00
1.734000000000000000e+03,0.000000000000000000e+00,1.734000000000000000e+03,0.000000000000000000e+00
1.735000000000000000e+03,0.000000000000000000e+00,1.735000000000000000e+03,0.000000000000000000e+00
1.736000000000000000e+03,0.000000000000000000e+00,1.736000000000000000e+03,0.000000000000000000e+00
1.737000000000000000e+03,0.000000000000000000e+00,1.737000000000000000e+03,0.000000000000000000e+00
1.738000000000000000e+03,0.000000000000000000e+00,1.738000000000000000e+03,0.000000000000000000e+00
1.739000000000000000e+03,0.000000000000000000e+00,1.739000000000000000e+03,0.000000000000000000e+00
1.740000000000000000e+03,0.000000000000000000e+00,1.740000000000000000e+03,0.000000000000000000e+00
1.741000000000000000e+03,0.000000000000000000e+00,1.741000000000000000e+03,0.000000000000000000e+00
1.742000000000000000e+03,0.000000000000000000e+00,1.742000000000000000e+03,0.000000000000000000e+00
1.743000000000000000e+03,0.000000000000000000e+00,1.743000000000000000e+03,0.000000000000000000e+00
1.744000000000000000e+03,0.000000000000000000e+00,1.744000000000000000e+03,0.000000000000000000e+00
1.745000000000000000e+03,0.000000000000000000e+00,1.745000000000000000e+03,0.000000000000000000e+00
1.746000000000000000e+03,0.000000000000000000e+00,1.746000000000000000e+03,0.000000000000000000e+00
1.747000000000000000e+03,0.000000000000000000e+00,1.747000000000000000e+03,0.000000000000000000e+00
1.748000000000000000e+03,0.000000000000000000e+00,1.748000000000000000e+03,0.000000000000000000e+00
1.749000000000000000e+03,0.000000000000000000e+00,1.749000000000000000e+03,0.000000000000000000e+00
1.750000000000000000e+03,0.000000000000000000e+00,1.750000000000000000e+03,0.000000000000000000e+00
1.751000000000000000e+03,0.000000000000000000e+00,1.751000000000000000e+03,0.000000000000000000e+00
1.752000000000000000e+03,0.000000000000000000e+00,1.752000000000000000e+03,0.000000000000000000e+00
1.753000000000000000e+03,0.000000000000000000e+00,1.753000000000000000e+03,0.000000000000000000e+00
1.754000000000000000e+03,0.000000000000000000e+00,1.754000000000000000e+03,0.000000000000000000e+00
1.755000000000000000e+03,0.000000000000000000e+00,1.755000000000000000e+03,0.000000000000000000e+00
1.756000000000000000e+03,0.000000000000000000e+00,1.756000000000000000e+03,0.000000000000000000e+00
1.757000000000000000e+03,0.000000000000000000e+00,1.757000000000000000e+03,0.000000000000000000e+00
1.758000000000000000e+03,0.000000000000000000e+00,1.758000000000000000e+03,0.000000000000000000e+00
1.759000000000000000e+03,0.000000000000000000e+00,1.759000000000000000e+03,0.000000000000000000e+00
1.760000000000000000e+03,0.000000000000000000e+00,1.760000000000000000e+03,0.000000000000000000e+00
1.761000000000000000e+03,0.000000000000000000e+00,1.761000000000000000e+03,0.000000000000000000e+00
1.762000000000000000e+03,0.000000000000000000e+00,1.762000000000000000e+03,0.000000000000000000e+00
1.763000000000000000e+03,0.000000000000000000e+00,1.763000000000000000e+03,0.000000000000000000e+00
1.764000000000000000e+03,0.000000000000000000e+00,1.764000000000000000e+03,0.000000000000000000e+00
1.765000000000000000e+03,0.000000000000000000e+00,1.765000000000000000e+03,0.000000000000000000e+00
1.766000000000000000e+03,0.000000000000000000e+00,1.766000000000000000e+03,0.000000000000000000e+00
1.767000000000000000e+03,0.000000000000000000e+00,1.767000000000000000e+03,0.000000000000000000e+00
1.768000000000000000e+03,0.000000000000000000e+00,1.768000000000000000e+03,0.000000000000000000e+00
1.769000000000000000e+03,0.000000000000000000e+00,1.769000000000000000e+03,0.000000000000000000e+00
1.770000000000000000e+03,0.000000000000000000e+00,1.770000000000000000e+03,0.000000000000000000e+00
1.771000000000000000e+03,0.000000000000000000e+00,1.771000000000000000e+03,0.000000000000000000e+00
1.772000000000000000e+03,0.000000000000000000e+00,1.772000000000000000e+03,0.000000000000000000e+00
1.773000000000000000e+03,0.000000000000000000e+00,1.773000000000000000e+03,0.000000000000000000e+00
1.774000000000000000e+03,0.000000000000000000e+00,1.774000000000000000e+03,0.000000000000000000e+00
1.775000000000000000e+03,0.000000000000000000e+00,1.775000000000000000e+03,0.000000000000000000e+00
1.776000000000000000e+03,0.000000000000000000e+00,1.776000000000000000e+03,0.000000000000000000e+00
1.777000000000000000e+03,0.000000000000000000e+00,1.777000000000000000e+03,0.000000000000000000e+00
1.778000000000000000e+03,0.000000000000000000e+00,1.778000000000000000e+03,0.000000000000000000e+00
1.779000000000000000e+03,0.000000000000000000e+00,1.779000000000000000e+03,0.000000000000000000e+00
1.780000000000000000e+03,0.000000000000000000e+00,1.780000000000000000e+03,0.000000000000000000e+00
1.781000000000000000e+03,0.000000000000000000e+00,1.781000000000000000e+03,0.000000000000000000e+00
1.782000000000000000e+03,0.000000000000000000e+00,1.782000000000000000e+03,0.000000000000000000e+00
1.783000000000000000e+03,0.000000000000000000e+00,1.783000000000000000e+03,0.000000000000000000e+00
1.784000000000000000e+03,0.000000000000000000e+00,1.784000000000000000e+03,0.000000000000000000e+00
1.785000000000000000e+03,0.000000000000000000e+00,1.785000000000000000e+03,0.000000000000000000e+00
1.786000000000000000e+03,0.000000000000000000e+00,1.786000000000000000e+03,0.000000000000000000e+00
1.787000000000000000e+03,0.000000000000000000e+00,1.787000000000000000e+03,0.000000000000000000e+00
1.788000000000000000e+03,0.000000000000000000e+00,1.788000000000000000e+03,0.000000000000000000e+00
1.789000000000000000e+03,0.000000000000000000e+00,1.789000000000000000e+03,0.000000000000000000e+00
1.790000000000000000e+03,0.000000000000000000e+00,1.790000000000000000e+03,0.000000000000000000e+00
1.791000000000000000e+03,0.000000000000000000e+00,1.791000000000000000e+03,0.000000000000000000e+00
1.792000000000000000e+03,0.000000000000000000e+00,1.792000000000000000e+03,0.000000000000000000e+00
1.793000000000000000e+03,0.000000000000000000e+00,1.793000000000000000e+03,0.000000000000000000e+00
1.794000000000000000e+03,0.000000000000000000e+00,1.794000000000000000e+03,0.000000000000000000e+00
1.795000000000000000e+03,0.000000000000000000e+00,1.795000000000000000e+03,0.000000000000000000e+00
1.796000000000000000e+03,0.000000000000000000e+00,1.796000000000000000e+03,0.000000000000000000e+00
1.797000000000000000e+03,0.000000000000000000e+00,1.797000000000000000e+03,0.000000000000000000e+00
1.798000000000000000e+03,0.000000000000000000e+00,1.798000000000000000e+03,0.000000000000000000e+00
1.799000000000000000e+03,0.000000000000000000e+00,1.799000000000000000e+03,0.000000000000000000e+00
1.800000000000000000e+03,0.000000000000000000e+00,1.800000000000000000e+03,0.000000000000000000e+00
1.801000000000000000e+03,0.000000000000000000e+00,1.801000000000000000e+03,0.000000000000000000e+00
1.802000000000000000e+03,0.000000000000000000e+00,1.802000000000000000e+03,0.000000000000000000e+00
1.803000000000000000e+03,0.000000000000000000e+00,1.803000000000000000e+03,0.000000000000000000e+00
1.804000000000000000e+03,0.000000000000000000e+00,1.804000000000000000e+03,0.000000000000000000e+00
1.805000000000000000e+03,0.000000000000000000e+00,1.805000000000000000e+03,0.000000000000000000e+00
1.806000000000000000e+03,0.000000000000000000e+00,1.806000000000000000e+03,0.000000000000000000e+00
1.807000000000000000e+03,0.000000000000000000e+00,1.807000000000000000e+03,0.000000000000000000e+00
1.808000000000000000e+03,0.000000000000000000e+00,1.808000000000000000e+03,0.000000000000000000e+00
1.809000000000000000e+03,0.000000000000000000e+00,1.809000000000000000e+03,0.000000000000000000e+00
1.810000000000000000e+03,0.000000000000000000e+00,1.810000000000000000e+03,0.000000000000000000e+00
1.811000000000000000e+03,0.000000000000000000e+00,1.811000000000000000e+03,0.000000000000000000e+00
1.812000000000000000e+03,0.000000000000000000e+00,1.812000000000000000e+03,0.000000000000000000e+00
1.813000000000000000e+03,0.000000000000000000e+00,1.813000000000000000e+03,0.000000000000000000e+00
1.814000000000000000e+03,0.000000000000000000e+00,1.814000000000000000e+03,0.000000000000000000e+00
1.815000000000000000e+03,0.000000000000000000e+00,1.815000000000000000e+03,0.000000000000000000e+00
1.816000000000000000e+03,0.000000000000000000e+00,1.816000000000000000e+03,0.000000000000000000e+00
1.817000000000000000e+03,0.000000000000000000e+00,1.817000000000000000e+03,0.000000000000000000e+00
1.818000000000000000e+03,0.000000000000000000e+00,1.818000000000000000e+03,0.000000000000000000e+00
1.819000000000000000e+03,0.000000000000000000e+00,1.819000000000000000e+03,0.000000000000000000e+00
1.820000000000000000e+03,0.000000000000000000e+00,1.820000000000000000e+03,0.000000000000000000e+00
1.821000000000000000e+03,0.000000000000000000e+00,1.821000000000000000e+03,0.000000000000000000e+00
1.822000000000000000e+03,0.000000000000000000e+00,1.822000000000000000e+03,0.000000000000000000e+00
1.823000000000000000e+03,0.000000000000000000e+00,1.823000000000000000e+03,0.000000000000000000e+00
1.824000000000000000e+03,0.000000000000000000e+00,1.824000000000000000e+03,0.000000000000000000e+00
1.825000000000000000e+03,0.000000000000000000e+00,1.825000000000000000e+03,0.000000000000000000e+00
1.826000000000000000e+03,0.000000000000000000e+00,1.826000000000000000e+03,0.000000000000000000e+00
1.827000000000000000e+03,0.000000000000000000e+00,1.827000000000000000e+03,0.000000000000000000e+00
1.828000000000000000e+03,0.000000000000000000e+00,1.828000000000000000e+03,0.000000000000000000e+00
1.829000000000000000e+03,0.000000000000000000e+00,1.829000000000000000e+03,0.000000000000000000e+00
1.830000000000000000e+03,0.000000000000000000e+00,1.830000000000000000e+03,0.000000000000000000e+00
1.831000000000000000e+03,0.000000000000000000e+00,1.831000000000000000e+03,0.000000000000000000e+00
1.832000000000000000e+03,0.000000000000000000e+00,1.832000000000000000e+03,0.000000000000000000e+00
1.833000000000000000e+03,0.000000000000000000e+00,1.833000000000000000e+03,0.000000000000000000e+00
1.834000000000000000e+03,0.000000000000000000e+00,1.834000000000000000e+03,0.000000000000000000e+00
1.835000000000000000e+03,0.000000000000000000e+00,1.835000000000000000e+03,0.000000000000000000e+00
1.836000000000000000e+03,0.000000000000000000e+00,1.836000000000000000e+03,0.000000000000000000e+00
1.837000000000000000e+03,0.000000000000000000e+00,1.837000000000000000e+03,0.000000000000000000e+00
1.838000000000000000e+03,0.000000000000000000e+00,1.838000000000000000e+03,0.000000000000000000e+00
1.839000000000000000e+03,0.000000000000000000e+00,1.839000000000000000e+03,0.000000000000000000e+00
1.840000000000000000e+03,0.000000000000000000e+00,1.840000000000000000e+03,0.000000000000000000e+00
1.841000000000000000e+03,0.000000000000000000e+00,1.841000000000000000e+03,0.000000000000000000e+00
1.842000000000000000e+03,0.000000000000000000e+00,1.842000000000000000e+03,0.000000000000000000e+00
1.843000000000000000e+03,0.000000000000000000e+00,1.843000000000000000e+03,0.000000000000000000e+00
1.844000000000000000e+03,0.000000000000000000e+00,1.844000000000000000e+03,0.000000000000000000e+00
1.845000000000000000e+03,0.000000000000000000e+00,1.845000000000000000e+03,0.000000000000000000e+00
1.846000000000000000e+03,0.000000000000000000e+00,1.846000000000000000e+03,0.000000000000000000e+00
1.847000000000000000e+03,0.000000000000000000e+00,1.847000000000000000e+03,0.000000000000000000e+00
1.848000000000000000e+03,0.000000000000000000e+00,1.848000000000000000e+03,0.000000000000000000e+00
1.849000000000000000e+03,0.000000000000000000e+00,1.849000000000000000e+03,0.000000000000000000e+00
1.850000000000000000e+03,0.000000000000000000e+00,1.850000000000000000e+03,0.000000000000000000e+00
1.851000000000000000e+03,0.000000000000000000e+00,1.851000000000000000e+03,0.000000000000000000e+00
1.852000000000000000e+03,0.000000000000000000e+00,1.852000000000000000e+03,0.000000000000000000e+00
1.853000000000000000e+03,0.000000000000000000e+00,1.853000000000000000e+03,0.000000000000000000e+00
1.854000000000000000e+03,0.000000000000000000e+00,1.854000000000000000e+03,0.000000000000000000e+00
1.855000000000000000e+03,0.000000000000000000e+00,1.855000000000000000e+03,0.000000000000000000e+00
1.856000000000000000e+03,0.000000000000000000e+00,1.856000000000000000e+03,0.000000000000000000e+00
1.857000000000000000e+03,0.000000000000000000e+00,1.857000000000000000e+03,0.000000000000000000e+00
1.858000000000000000e+03,0.000000000000000000e+00,1.858000000000000000e+03,0.000000000000000000e+00
1.859000000000000000e+03,0.000000000000000000e+00,1.859000000000000000e+03,0.000000000000000000e+00
1.860000000000000000e+03,0.000000000000000000e+00,1.860000000000000000e+03,0.000000000000000000e+00
1.861000000000000000e+03,0.000000000000000000e+00,1.861000000000000000e+03,0.000000000000000000e+00
1.862000000000000000e+03,0.000000000000000000e+00,1.862000000000000000e+03,0.000000000000000000e+00
1.863000000000000000e+03,0.000000000000000000e+00,1.863000000000000000e+03,0.000000000000000000e+00
1.864000000000000000e+03,0.000000000000000000e+00,1.864000000000000000e+03,0.000000000000000000e+00
1.865000000000000000e+03,0.000000000000000000e+00,1.865000000000000000e+03,0.000000000000000000e+00
1.866000000000000000e+03,0.000000000000000000e+00,1.866000000000000000e+03,0.000000000000000000e+00
1.867000000000000000e+03,0.000000000000000000e+00,1.867000000000000000e+03,0.000000000000000000e+00
1.868000000000000000e+03,0.000000000000000000e+00,1.868000000000000000e+03,0.000000000000000000e+00
1.869000000000000000e+03,0.000000000000000000e+00,1.869000000000000000e+03,0.000000000000000000e+00
1.870000000000000000e+03,0.000000000000000000e+00,1.870000000000000000e+03,0.000000000000000000e+00
1.871000000000000000e+03,0.000000000000000000e+00,1.871000000000000000e+03,0.000000000000000000e+00
1.872000000000000000e+03,0.000000000000000000e+00,1.872000000000000000e+03,0.000000000000000000e+00
1.873000000000000000e+03,0.000000000000000000e+00,1.873000000000000000e+03,0.000000000000000000e+00
1.874000000000000000e+03,0.000000000000000000e+00,1.874000000000000000e+03,0.000000000000000000e+00
1.875000000000000000e+03,0.000000000000000000e+00,1.875000000000000000e+03,0.000000000000000000e+00
1.876000000000000000e+03,0.000000000000000000e+00,1.876000000000000000e+03,0.000000000000000000e+00
1.877000000000000000e+03,0.000000000000000000e+00,1.877000000000000000e+03,0.000000000000000000e+00
1.878000000000000000e+03,0.000000000000000000e+00,1.878000000000000000e+03,0.000000000000000000e+00
1.879000000000000000e+03,0.000000000000000000e+00,1.879000000000000000e+03,0.000000000000000000e+00
1.880000000000000000e+03,0.000000000000000000e+00,1.880000000000000000e+03,0.000000000000000000e+00
1.881000000000000000e+03,0.000000000000000000e+00,1.881000000000000000e+03,0.000000000000000000e+00
1.882000000000000000e+03,0.000000000000000000e+00,1.882000000000000000e+03,0.000000000000000000e+00
1.883000000000000000e+03,0.000000000000000000e+00,1.883000000000000000e+03,0.000000000000000000e+00
1.884000000000000000e+03,0.000000000000000000e+00,1.884000000000000000e+03,0.000000000000000000e+00
1.885000000000000000e+03,0.000000000000000000e+00,1.885000000000000000e+03,0.000000000000000000e+00
1.886000000000000000e+03,0.000000000000000000e+00,1.886000000000000000e+03,0.000000000000000000e+00
1.887000000000000000e+03,0.000000000000000000e+00,1.887000000000000000e+03,0.000000000000000000e+00
1.888000000000000000e+03,0.000000000000000000e+00,1.888000000000000000e+03,0.000000000000000000e+00
1.889000000000000000e+03,0.000000000000000000e+00,1.889000000000000000e+03,0.000000000000000000e+00
1.890000000000000000e+03,0.000000000000000000e+00,1.890000000000000000e+03,0.000000000000000000e+00
1.891000000000000000e+03,0.000000000000000000e+00,1.891000000000000000e+03,0.000000000000000000e+00
1.892000000000000000e+03,0.000000000000000000e+00,1.892000000000000000e+03,0.000000000000000000e+00
1.893000000000000000e+03,0.000000000000000000e+00,1.893000000000000000e+03,0.000000000000000000e+00
1.894000000000000000e+03,0.000000000000000000e+00,1.894000000000000000e+03,0.000000000000000000e+00
1.895000000000000000e+03,0.000000000000000000e+00,1.895000000000000000e+03,0.000000000000000000e+00
1.896000000000000000e+03,0.000000000000000000e+00,1.896000000000000000e+03,0.000000000000000000e+00
1.897000000000000000e+03,0.000000000000000000e+00,1.897000000000000000e+03,0.000000000000000000e+00
1.898000000000000000e+03,0.000000000000000000e+00,1.898000000000000000e+03,0.000000000000000000e+00
1.899000000000000000e+03,0.000000000000000000e+00,1.899000000000000000e+03,0.000000000000000000e+00
1.900000000000000000e+03,0.000000000000000000e+00,1.900000000000000000e+03,0.000000000000000000e+00
1.901000000000000000e+03,0.000000000000000000e+00,1.901000000000000000e+03,0.000000000000000000e+00
1.902000000000000000e+03,0.000000000000000000e+00,1.902000000000000000e+03,0.000000000000000000e+00
1.903000000000000000e+03,0.000000000000000000e+00,1.903000000000000000e+03,0.000000000000000000e+00
1.904000000000000000e+03,0.000000000000000000e+00,1.904000000000000000e+03,0.000000000000000000e+00
1.905000000000000000e+03,0.000000000000000000e+00,1.905000000000000000e+03,0.000000000000000000e+00
1.906000000000000000e+03,0.000000000000000000e+00,1.906000000000000000e+03,0.000000000000000000e+00
1.907000000000000000e+03,0.000000000000000000e+00,1.907000000000000000e+03,0.000000000000000000e+00
1.908000000000000000e+03,0.000000000000000000e+00,1.908000000000000000e+03,0.000000000000000000e+00
1.909000000000000000e+03,0.000000000000000000e+00,1.909000000000000000e+03,0.000000000000000000e+00
1.910000000000000000e+03,0.000000000000000000e+00,1.910000000000000000e+03,0.000000000000000000e+00
1.911000000000000000e+03,0.000000000000000000e+00,1.911000000000000000e+03,0.000000000000000000e+00
1.912000000000000000e+03,0.000000000000000000e+00,1.912000000000000000e+03,0.000000000000000000e+00
1.913000000000000000e+03,0.000000000000000000e+00,1.913000000000000000e+03,0.000000000000000000e+00
1.914000000000000000e+03,0.000000000000000000e+00,1.914000000000000000e+03,0.000000000000000000e+00
1.915000000000000000e+03,0.000000000000000000e+00,1.915000000000000000e+03,0.000000000000000000e+00
1.916000000000000000e+03,0.000000000000000000e+00,1.916000000000000000e+03,0.000000000000000000e+00
1.917000000000000000e+03,0.000000000000000000e+00,1.917000000000000000e+03,0.000000000000000000e+00
1.918000000000000000e+03,0.000000000000000000e+00,1.918000000000000000e+03,0.000000000000000000e+00
1.919000000000000000e+03,0.000000000000000000e+00,1.919000000000000000e+03,0.000000000000000000e+00
1.920000000000000000e+03,0.000000000000000000e+00,1.920000000000000000e+03,0.000000000000000000e+00
1.921000000000000000e+03,0.000000000000000000e+00,1.921000000000000000e+03,0.000000000000000000e+00
1.922000000000000000e+03,0.000000000000000000e+00,1.922000000000000000e+03,0.000000000000000000e+00
1.923000000000000000e+03,0.000000000000000000e+00,1.923000000000000000e+03,0.000000000000000000e+00
1.924000000000000000e+03,0.000000000000000000e+00,1.924000000000000000e+03,0.000000000000000000e+00
1.925000000000000000e+03,0.000000000000000000e+00,1.925000000000000000e+03,0.000000000000000000e+00
1.926000000000000000e+03,0.000000000000000000e+00,1.926000000000000000e+03,0.000000000000000000e+00
1.927000000000000000e+03,0.000000000000000000e+00,1.927000000000000000e+03,0.000000000000000000e+00
1.928000000000000000e+03,0.000000000000000000e+00,1.928000000000000000e+03,0.000000000000000000e+00
1.929000000000000000e+03,0.000000000000000000e+00,1.929000000000000000e+03,0.000000000000000000e+00
1.930000000000000000e+03,0.000000000000000000e+00,1.930000000000000000e+03,0.000000000000000000e+00
1.931000000000000000e+03,0.000000000000000000e+00,1.931000000000000000e+03,0.000000000000000000e+00
1.932000000000000000e+03,0.000000000000000000e+00,1.932000000000000000e+03,0.000000000000000000e+00
1.933000000000000000e+03,0.000000000000000000e+00,1.933000000000000000e+03,0.000000000000000000e+00
1.934000000000000000e+03,0.000000000000000000e+00,1.934000000000000000e+03,0.000000000000000000e+00
1.935000000000000000e+03,0.000000000000000000e+00,1.935000000000000000e+03,0.000000000000000000e+00
1.936000000000000000e+03,0.000000000000000000e+00,1.936000000000000000e+03,0.000000000000000000e+00
1.937000000000000000e+03,0.000000000000000000e+00,1.937000000000000000e+03,0.000000000000000000e+00
1.938000000000000000e+03,0.000000000000000000e+00,1.938000000000000000e+03,0.000000000000000000e+00
1.939000000000000000e+03,0.000000000000000000e+00,1.939000000000000000e+03,0.000000000000000000e+00
1.940000000000000000e+03,0.000000000000000000e+00,1.940000000000000000e+03,0.000000000000000000e+00
1.941000000000000000e+03,0.000000000000000000e+00,1.941000000000000000e+03,0.000000000000000000e+00
1.942000000000000000e+03,0.000000000000000000e+00,1.942000000000000000e+03,0.000000000000000000e+00
1.943000000000000000e+03,0.000000000000000000e+00,1.943000000000000000e+03,0.000000000000000000e+00
1.944000000000000000e+03,0.000000000000000000e+00,1.944000000000000000e+03,0.000000000000000000e+00
1.945000000000000000e+03,0.000000000000000000e+00,1.945000000000000000e+03,0.000000000000000000e+00
1.946000000000000000e+03,0.000000000000000000e+00,1.946000000000000000e+03,0.000000000000000000e+00
1.947000000000000000e+03,0.000000000000000000e+00,1.947000000000000000e+03,0.000000000000000000e+00
1.948000000000000000e+03,0.000000000000000000e+00,1.948000000000000000e+03,0.000000000000000000e+00
1.949000000000000000e+03,0.000000000000000000e+00,1.949000000000000000e+03,0.000000000000000000e+00
1.950000000000000000e+03,0.000000000000000000e+00,1.950000000000000000e+03,0.000000000000000000e+00
1.951000000000000000e+03,0.000000000000000000e+00,1.951000000000000000e+03,0.000000000000000000e+00
1.952000000000000000e+03,0.000000000000000000e+00,1.952000000000000000e+03,0.000000000000000000e+00
1.953000000000000000e+03,0.000000000000000000e+00,1.953000000000000000e+03,0.000000000000000000e+00
1.954000000000000000e+03,0.000000000000000000e+00,1.954000000000000000e+03,0.000000000000000000e+00
1.955000000000000000e+03,0.000000000000000000e+00,1.955000000000000000e+03,0.000000000000000000e+00
1.956000000000000000e+03,0.000000000000000000e+00,1.956000000000000000e+03,0.000000000000000000e+00
1.957000000000000000e+03,0.000000000000000000e+00,1.957000000000000000e+03,0.000000000000000000e+00
1.958000000000000000e+03,0.000000000000000000e+00,1.958000000000000000e+03,0.000000000000000000e+00
1.959000000000000000e+03,0.000000000000000000e+00,1.959000000000000000e+03,0.000000000000000000e+00
1.960000000000000000e+03,0.000000000000000000e+00,1.960000000000000000e+03,0.000000000000000000e+00
1.961000000000000000e+03,0.000000000000000000e+00,1.961000000000000000e+03,0.000000000000000000e+00
1.962000000000000000e+03,0.000000000000000000e+00,1.962000000000000000e+03,0.000000000000000000e+00
1.963000000000000000e+03,0.000000000000000000e+00,1.963000000000000000e+03,0.000000000000000000e+00
1.964000000000000000e+03,0.000000000000000000e+00,1.964000000000000000e+03,0.000000000000000000e+00
1.965000000000000000e+03,0.000000000000000000e+00,1.965000000000000000e+03,0.000000000000000000e+00
1.966000000000000000e+03,0.000000000000000000e+00,1.966000000000000000e+03,0.000000000000000000e+00
1.967000000000000000e+03,0.000000000000000000e+00,1.967000000000000000e+03,0.000000000000000000e+00
1.968000000000000000e+03,0.000000000000000000e+00,1.968000000000000000e+03,0.000000000000000000e+00
1.969000000000000000e+03,0.000000000000000000e+00,1.969000000000000000e+03,0.000000000000000000e+00
1.970000000000000000e+03,0.000000000000000000e+00,1.970000000000000000e+03,0.000000000000000000e+00
1.971000000000000000e+03,0.000000000000000000e+00,1.971000000000000000e+03,0.000000000000000000e+00
1.972000000000000000e+03,0.000000000000000000e+00,1.972000000000000000e+03,0.000000000000000000e+00
1.973000000000000000e+03,0.000000000000000000e+00,1.973000000000000000e+03,0.000000000000000000e+00
1.974000000000000000e+03,0.000000000000000000e+00,1.974000000000000000e+03,0.000000000000000000e+00
1.975000000000000000e+03,0.000000000000000000e+00,1.975000000000000000e+03,0.000000000000000000e+00
1.976000000000000000e+03,0.000000000000000000e+00,1.976000000000000000e+03,0.000000000000000000e+00
1.977000000000000000e+03,0.000000000000000000e+00,1.977000000000000000e+03,0.000000000000000000e+00
1.978000000000000000e+03,0.000000000000000000e+00,1.978000000000000000e+03,0.000000000000000000e+00
1.979000000000000000e+03,0.000000000000000000e+00,1.979000000000000000e+03,0.000000000000000000e+00
1.980000000000000000e+03,0.000000000000000000e+00,1.980000000000000000e+03,0.000000000000000000e+00
1.981000000000000000e+03,0.000000000000000000e+00,1.981000000000000000e+03,0.000000000000000000e+00
1.982000000000000000e+03,0.000000000000000000e+00,1.982000000000000000e+03,0.000000000000000000e+00
1.983000000000000000e+03,0.000000000000000000e+00,1.983000000000000000e+03,0.000000000000000000e+00
1.984000000000000000e+03,0.000000000000000000e+00,1.984000000000000000e+03,0.000000000000000000e+00
1.985000000000000000e+03,0.000000000000000000e+00,1.985000000000000000e+03,0.000000000000000000e+00
1.986000000000000000e+03,0.000000000000000000e+00,1.986000000000000000e+03,0.000000000000000000e+00
1.987000000000000000e+03,0.000000000000000000e+00,1.987000000000000000e+03,0.000000000000000000e+00
1.988000000000000000e+03,0.000000000000000000e+00,1.988000000000000000e+03,0.000000000000000000e+00
1.989000000000000000e+03,0.000000000000000000e+00,1.989000000000000000e+03,0.000000000000000000e+00
1.990000000000000000e+03,0.000000000000000000e+00,1.990000000000000000e+03,0.000000000000000000e+00
1.991000000000000000e+03,0.000000000000000000e+00,1.991000000000000000e+03,0.000000000000000000e+00
1.992000000000000000e+03,0.000000000000000000e+00,1.992000000000000000e+03,0.000000000000000000e+00
1.993000000000000000e+03,0.000000000000000000e+00,1.993000000000000000e+03,0.000000000000000000e+00
1.994000000000000000e+03,0.000000000000000000e+00,1.994000000000000000e+03,0.000000000000000000e+00
1.995000000000000000e+03,0.000000000000000000e+00,1.995000000000000000e+03,0.000000000000000000e+00
1.996000000000000000e+03,0.000000000000000000e+00,1.996000000000000000e+03,0.000000000000000000e+00
1.997000000000000000e+03,0.000000000000000000e+00,1.997000000000000000e+03,0.000000000000000000e+00
1.998000000000000000e+03,0.000000000000000000e+00,1.998000000000000000e+03,0.000000000000000000e+00
1.999000000000000000e+03,0.000000000000000000e+00,1.999000000000000000e+03,0.000000000000000000e+00
2.000000000000000000e+03,0.000000000000000000e+00,2.000000000000000000e+03,0.000000000000000000e+00
2.001000000000000000e+03,0.000000000000000000e+00,2.001000000000000000e+03,0.000000000000000000e+00
2.002000000000000000e+03,0.000000000000000000e+00,2.002000000000000000e+03,0.000000000000000000e+00
2.003000000000000000e+03,0.000000000000000000e+00,2.003000000000000000e+03,0.000000000000000000e+00
2.004000000000000000e+03,0.000000000000000000e+00,2.004000000000000000e+03,0.000000000000000000e+00
2.005000000000000000e+03,0.000000000000000000e+00,2.005000000000000000e+03,0.000000000000000000e+00
2.006000000000000000e+03,0.000000000000000000e+00,2.006000000000000000e+03,0.000000000000000000e+00
2.007000000000000000e+03,0.000000000000000000e+00,2.007000000000000000e+03,0.000000000000000000e+00
2.008000000000000000e+03,0.000000000000000000e+00,2.008000000000000000e+03,0.000000000000000000e+00
2.009000000000000000e+03,0.000000000000000000e+00,2.009000000000000000e+03,0.000000000000000000e+00
2.010000000000000000e+03,0.000000000000000000e+00,2.010000000000000000e+03,0.000000000000000000e+00
2.011000000000000000e+03,0.000000000000000000e+00,2.011000000000000000e+03,0.000000000000000000e+00
2.012000000000000000e+03,0.000000000000000000e+00,2.012000000000000000e+03,0.000000000000000000e+00
2.013000000000000000e+03,0.000000000000000000e+00,2.013000000000000000e+03,0.000000000000000000e+00
2.014000000000000000e+03,0.000000000000000000e+00,2.014000000000000000e+03,0.000000000000000000e+00
2.015000000000000000e+03,0.000000000000000000e+00,2.015000000000000000e+03,0.000000000000000000e+00
2.016000000000000000e+03,0.000000000000000000e+00,2.016000000000000000e+03,0.000000000000000000e+00
2.017000000000000000e+03,0.000000000000000000e+00,2.017000000000000000e+03,0.000000000000000000e+00
2.018000000000000000e+03,0.000000000000000000e+00,2.018000000000000000e+03,0.000000000000000000e+00
2.019000000000000000e+03,0.000000000000000000e+00,2.019000000000000000e+03,0.000000000000000000e+00
2.020000000000000000e+03,0.000000000000000000e+00,2.020000000000000000e+03,0.000000000000000000e+00
2.021000000000000000e+03,0.000000000000000000e+00,2.021000000000000000e+03,0.000000000000000000e+00
2.022000000000000000e+03,0.000000000000000000e+00,2.022000000000000000e+03,0.000000000000000000e+00
2.023000000000000000e+03,0.000000000000000000e+00,2.023000000000000000e+03,0.000000000000000000e+00
2.024000000000000000e+03,0.000000000000000000e+00,2.024000000000000000e+03,0.000000000000000000e+00
2.025000000000000000e+03,0.000000000000000000e+00,2.025000000000000000e+03,0.000000000000000000e+00
2.026000000000000000e+03,0.000000000000000000e+00,2.026000000000000000e+03,0.000000000000000000e+00
2.027000000000000000e+03,0.000000000000000000e+00,2.027000000000000000e+03,0.000000000000000000e+00
2.028000000000000000e+03,0.000000000000000000e+00,2.028000000000000000e+03,0.000000000000000000e+00
2.029000000000000000e+03,0.000000000000000000e+00,2.029000000000000000e+03,0.000000000000000000e+00
2.030000000000000000e+03,0.000000000000000000e+00,2.030000000000000000e+03,0.000000000000000000e+00
2.031000000000000000e+03,0.000000000000000000e+00,2.031000000000000000e+03,0.000000000000000000e+00
2.032000000000000000e+03,0.000000000000000000e+00,2.032000000000000000e+03,0.000000000000000000e+00
2.033000000000000000e+03,0.000000000000000000e+00,2.033000000000000000e+03,0.000000000000000000e+00
2.034000000000000000e+03,0.000000000000000000e+00,2.034000000000000000e+03,0.000000000000000000e+00
2.035000000000000000e+03,0.000000000000000000e+00,2.035000000000000000e+03,0.000000000000000000e+00
2.036000000000000000e+03,0.000000000000000000e+00,2.036000000000000000e+03,0.000000000000000000e+00
2.037000000000000000e+03,0.000000000000000000e+00,2.037000000000000000e+03,0.000000000000000000e+00
2.038000000000000000e+03,0.000000000000000000e+00,2.038000000000000000e+03,0.000000000000000000e+00
2.039000000000000000e+03,0.000000000000000000e+00,2.039000000000000000e+03,0.000000000000000000e+00
