pixels_100s,photons_100s,pixels_1000s,photons_1000s
0.000000000000000000e+00,0.000000000000000000e+00,0.000000000000000000e+00,0.000000000000000000e+00
1.000000000000000000e+00,0.000000000000000000e+00,1.000000000000000000e+00,0.000000000000000000e+00
2.000000000000000000e+00,0.000000000000000000e+00,2.000000000000000000e+00,0.000000000000000000e+00
3.000000000000000000e+00,0.000000000000000000e+00,3.000000000000000000e+00,0.000000000000000000e+00
4.000000000000000000e+00,0.000000000000000000e+00,4.000000000000000000e+00,0.000000000000000000e+00
5.000000000000000000e+00,0.000000000000000000e+00,5.000000000000000000e+00,0.000000000000000000e+00
6.000000000000000000e+00,0.000000000000000000e+00,6.000000000000000000e+00,0.000000000000000000e+00
7.000000000000000000e+00,0.000000000000000000e+00,7.000000000000000000e+00,0.000000000000000000e+00
8.000000000000000000e+00,0.000000000000000000e+00,8.000000000000000000e+00,0.000000000000000000e+00
9.000000000000000000e+00,0.000000000000000000e+00,9.000000000000000000e+00,0.000000000000000000e+00
1.000000000000000000e+01,0.000000000000000000e+00,1.000000000000000000e+01,0.000000000000000000e+00
1.100000000000000000e+01,0.000000000000000000e+00,1.100000000000000000e+01,0.000000000000000000e+00
1.200000000000000000e+01,0.000000000000000000e+00,1.200000000000000000e+01,0.000000000000000000e+00
1.300000000000000000e+01,0.000000000000000000e+00,1.300000000000000000e+01,0.000000000000000000e+00
1.400000000000000000e+01,0.000000000000000000e+00,1.400000000000000000e+01,0.000000000000000000e+00
1.500000000000000000e+01,0.000000000000000000e+00,1.500000000000000000e+01,0.000000000000000000e+00
1.600000000000000000e+01,0.000000000000000000e+00,1.600000000000000000e+01,0.000000000000000000e+00
1.700000000000000000e+01,0.000000000000000000e+00,1.700000000000000000e+01,0.000000000000000000e+00
1.800000000000000000e+01,0.000000000000000000e+00,1.800000000000000000e+01,0.000000000000000000e+00
1.900000000000000000e+01,0.000000000000000000e+00,1.900000000000000000e+01,0.000000000000000000e+00
2.000000000000000000e+01,0.000000000000000000e+00,2.000000000000000000e+01,0.000000000000000000e+00
2.100000000000000000e+01,0.000000000000000000e+00,2.100000000000000000e+01,0.000000000000000000e+00
2.200000000000000000e+01,0.000000000000000000e+00,2.200000000000000000e+01,0.000000000000000000e+00
2.300000000000000000e+01,0.000000000000000000e+00,2.300000000000000000e+01,0.000000000000000000e+00
2.400000000000000000e+01,0.000000000000000000e+00,2.400000000000000000e+01,0.000000000000000000e+00
2.500000000000000000e+01,0.000000000000000000e+00,2.500000000000000000e+01,0.000000000000000000e+00
2.600000000000000000e+01,0.000000000000000000e+00,2.600000000000000000e+01,0.000000000000000000e+00
2.700000000000000000e+01,0.000000000000000000e+00,2.700000000000000000e+01,0.000000000000000000e+00
2.800000000000000000e+01,0.000000000000000000e+00,2.800000000000000000e+01,0.000000000000000000e+00
2.900000000000000000e+01,0.000000000000000000e+00,2.900000000000000000e+01,0.000000000000000000e+00
3.000000000000000000e+01,0.000000000000000000e+00,3.000000000000000000e+01,0.000000000000000000e+00
3.100000000000000000e+01,0.000000000000000000e+00,3.100000000000000000e+01,0.000000000000000000e+00
3.200000000000000000e+01,0.000000000000000000e+00,3.200000000000000000e+01,0.000000000000000000e+00
3.300000000000000000e+01,0.000000000000000000e+00,3.300000000000000000e+01,0.000000000000000000e+00
3.400000000000000000e+01,0.000000000000000000e+00,3.400000000000000000e+01,0.000000000000000000e+00
3.500000000000000000e+01,0.000000000000000000e+00,3.500000000000000000e+01,0.000000000000000000e+00
3.600000000000000000e+01,0.000000000000000000e+00,3.600000000000000000e+01,0.000000000000000000e+00
3.700000000000000000e+01,0.000000000000000000e+00,3.700000000000000000e+01,0.000000000000000000e+00
3.800000000000000000e+01,0.000000000000000000e+00,3.800000000000000000e+01,0.000000000000000000e+00
3.900000000000000000e+01,0.000000000000000000e+00,3.900000000000000000e+01,0.000000000000000000e+00
4.000000000000000000e+01,0.000000000000000000e+00,4.000000000000000000e+01,0.000000000000000000e+00
4.100000000000000000e+01,0.000000000000000000e+00,4.100000000000000000e+01,0.000000000000000000e+00
4.200000000000000000e+01,0.000000000000000000e+00,4.200000000000000000e+01,0.000000000000000000e+00
4.300000000000000000e+01,0.000000000000000000e+00,4.300000000000000000e+01,0.000000000000000000e+00
4.400000000000000000e+01,0.000000000000000000e+00,4.400000000000000000e+01,0.000000000000000000e+00
4.500000000000000000e+01,0.000000000000000000e+00,4.500000000000000000e+01,0.000000000000000000e+00
4.600000000000000000e+01,0.000000000000000000e+00,4.600000000000000000e+01,0.000000000000000000e+00
4.700000000000000000e+01,0.000000000000000000e+00,4.700000000000000000e+01,0.000000000000000000e+00
4.800000000000000000e+01,0.000000000000000000e+00,4.800000000000000000e+01,0.000000000000000000e+00
4.900000000000000000e+01,0.000000000000000000e+00,4.900000000000000000e+01,0.000000000000000000e+00
5.000000000000000000e+01,0.000000000000000000e+00,5.000000000000000000e+01,0.000000000000000000e+00
5.100000000000000000e+01,0.000000000000000000e+00,5.100000000000000000e+01,0.000000000000000000e+00
5.200000000000000000e+01,0.000000000000000000e+00,5.200000000000000000e+01,0.000000000000000000e+00
5.300000000000000000e+01,0.000000000000000000e+00,5.300000000000000000e+01,0.000000000000000000e+00
5.400000000000000000e+01,0.000000000000000000e+00,5.400000000000000000e+01,0.000000000000000000e+00
5.500000000000000000e+01,0.000000000000000000e+00,5.500000000000000000e+01,0.000000000000000000e+00
5.600000000000000000e+01,0.000000000000000000e+00,5.600000000000000000e+01,0.000000000000000000e+00
5.700000000000000000e+01,0.000000000000000000e+00,5.700000000000000000e+01,0.000000000000000000e+00
5.800000000000000000e+01,0.000000000000000000e+00,5.800000000000000000e+01,0.000000000000000000e+00
5.900000000000000000e+01,0.000000000000000000e+00,5.900000000000000000e+01,0.000000000000000000e+00
6.000000000000000000e+01,0.000000000000000000e+00,6.000000000000000000e+01,0.000000000000000000e+00
6.100000000000000000e+01,0.000000000000000000e+00,6.100000000000000000e+01,0.000000000000000000e+00
6.200000000000000000e+01,0.000000000000000000e+00,6.200000000000000000e+01,0.000000000000000000e+00
6.300000000000000000e+01,0.000000000000000000e+00,6.300000000000000000e+01,0.000000000000000000e+00
6.400000000000000000e+01,0.000000000000000000e+00,6.400000000000000000e+01,0.000000000000000000e+00
6.500000000000000000e+01,0.000000000000000000e+00,6.500000000000000000e+01,0.000000000000000000e+00
6.600000000000000000e+01,0.000000000000000000e+00,6.600000000000000000e+01,0.000000000000000000e+00
6.700000000000000000e+01,0.000000000000000000e+00,6.700000000000000000e+01,0.000000000000000000e+00
6.800000000000000000e+01,0.000000000000000000e+00,6.800000000000000000e+01,0.000000000000000000e+00
6.900000000000000000e+01,0.000000000000000000e+00,6.900000000000000000e+01,0.000000000000000000e+00
7.000000000000000000e+01,0.000000000000000000e+00,7.000000000000000000e+01,0.000000000000000000e+00
7.100000000000000000e+01,0.000000000000000000e+00,7.100000000000000000e+01,0.000000000000000000e+00
7.200000000000000000e+01,0.000000000000000000e+00,7.200000000000000000e+01,0.000000000000000000e+00
7.300000000000000000e+01,0.000000000000000000e+00,7.300000000000000000e+01,0.000000000000000000e+00
7.400000000000000000e+01,0.000000000000000000e+00,7.400000000000000000e+01,0.000000000000000000e+00
7.500000000000000000e+01,0.000000000000000000e+00,7.500000000000000000e+01,0.000000000000000000e+00
7.600000000000000000e+01,0.000000000000000000e+00,7.600000000000000000e+01,0.000000000000000000e+00
7.700000000000000000e+01,0.000000000000000000e+00,7.700000000000000000e+01,0.000000000000000000e+00
7.800000000000000000e+01,0.000000000000000000e+00,7.800000000000000000e+01,0.000000000000000000e+00
7.900000000000000000e+01,0.000000000000000000e+00,7.900000000000000000e+01,0.000000000000000000e+00
8.000000000000000000e+01,0.000000000000000000e+00,8.000000000000000000e+01,0.000000000000000000e+00
8.100000000000000000e+01,0.000000000000000000e+00,8.100000000000000000e+01,0.000000000000000000e+00
8.200000000000000000e+01,0.000000000000000000e+00,8.200000000000000000e+01,0.000000000000000000e+00
8.300000000000000000e+01,0.000000000000000000e+00,8.300000000000000000e+01,0.000000000000000000e+00
8.400000000000000000e+01,0.000000000000000000e+00,8.400000000000000000e+01,0.000000000000000000e+00
8.500000000000000000e+01,0.000000000000000000e+00,8.500000000000000000e+01,0.000000000000000000e+00
8.600000000000000000e+01,0.000000000000000000e+00,8.600000000000000000e+01,0.000000000000000000e+00
8.700000000000000000e+01,0.000000000000000000e+00,8.700000000000000000e+01,0.000000000000000000e+00
8.800000000000000000e+01,0.000000000000000000e+00,8.800000000000000000e+01,0.000000000000000000e+00
8.900000000000000000e+01,0.000000000000000000e+00,8.900000000000000000e+01,0.000000000000000000e+00
9.000000000000000000e+01,0.000000000000000000e+00,9.000000000000000000e+01,0.000000000000000000e+00
9.100000000000000000e+01,0.000000000000000000e+00,9.100000000000000000e+01,0.000000000000000000e+00
9.200000000000000000e+01,0.000000000000000000e+00,9.200000000000000000e+01,0.000000000000000000e+00
9.300000000000000000e+01,0.000000000000000000e+00,9.300000000000000000e+01,0.000000000000000000e+00
9.400000000000000000e+01,0.000000000000000000e+00,9.400000000000000000e+01,0.000000000000000000e+00
9.500000000000000000e+01,0.000000000000000000e+00,9.500000000000000000e+01,0.000000000000000000e+00
9.600000000000000000e+01,0.000000000000000000e+00,9.600000000000000000e+01,0.000000000000000000e+00
9.700000000000000000e+01,0.000000000000000000e+00,9.700000000000000000e+01,0.000000000000000000e+00
9.800000000000000000e+01,0.000000000000000000e+00,9.800000000000000000e+01,0.000000000000000000e+00
9.900000000000000000e+01,0.000000000000000000e+00,9.900000000000000000e+01,0.000000000000000000e+00
1.000000000000000000e+02,0.000000000000000000e+00,1.000000000000000000e+02,0.000000000000000000e+00
1.010000000000000000e+02,0.000000000000000000e+00,1.010000000000000000e+02,0.000000000000000000e+00
1.020000000000000000e+02,0.000000000000000000e+00,1.020000000000000000e+02,0.000000000000000000e+00
1.030000000000000000e+02,0.000000000000000000e+00,1.030000000000000000e+02,0.000000000000000000e+00
1.040000000000000000e+02,0.000000000000000000e+00,1.040000000000000000e+02,0.000000000000000000e+00
1.050000000000000000e+02,0.000000000000000000e+00,1.050000000000000000e+02,0.000000000000000000e+00
1.060000000000000000e+02,0.000000000000000000e+00,1.060000000000000000e+02,0.000000000000000000e+00
1.070000000000000000e+02,0.000000000000000000e+00,1.070000000000000000e+02,0.000000000000000000e+00
1.080000000000000000e+02,0.000000000000000000e+00,1.080000000000000000e+02,0.000000000000000000e+00
1.090000000000000000e+02,0.000000000000000000e+00,1.090000000000000000e+02,0.000000000000000000e+00
1.100000000000000000e+02,0.000000000000000000e+00,1.100000000000000000e+02,0.000000000000000000e+00
1.110000000000000000e+02,0.000000000000000000e+00,1.110000000000000000e+02,0.000000000000000000e+00
1.120000000000000000e+02,0.000000000000000000e+00,1.120000000000000000e+02,0.000000000000000000e+00
1.130000000000000000e+02,0.000000000000000000e+00,1.130000000000000000e+02,0.000000000000000000e+00
1.140000000000000000e+02,0.000000000000000000e+00,1.140000000000000000e+02,0.000000000000000000e+00
1.150000000000000000e+02,0.000000000000000000e+00,1.150000000000000000e+02,0.000000000000000000e+00
1.160000000000000000e+02,0.000000000000000000e+00,1.160000000000000000e+02,0.000000000000000000e+00
1.170000000000000000e+02,0.000000000000000000e+00,1.170000000000000000e+02,0.000000000000000000e+00
1.180000000000000000e+02,0.000000000000000000e+00,1.180000000000000000e+02,0.000000000000000000e+00
1.190000000000000000e+02,0.000000000000000000e+00,1.190000000000000000e+02,0.000000000000000000e+00
1.200000000000000000e+02,0.000000000000000000e+00,1.200000000000000000e+02,0.000000000000000000e+00
1.210000000000000000e+02,0.000000000000000000e+00,1.210000000000000000e+02,0.000000000000000000e+00
1.220000000000000000e+02,0.000000000000000000e+00,1.220000000000000000e+02,0.000000000000000000e+00
1.230000000000000000e+02,0.000000000000000000e+00,1.230000000000000000e+02,0.000000000000000000e+00
1.240000000000000000e+02,0.000000000000000000e+00,1.240000000000000000e+02,0.000000000000000000e+00
1.250000000000000000e+02,0.000000000000000000e+00,1.250000000000000000e+02,0.000000000000000000e+00
1.260000000000000000e+02,0.000000000000000000e+00,1.260000000000000000e+02,0.000000000000000000e+00
1.270000000000000000e+02,0.000000000000000000e+00,1.270000000000000000e+02,0.000000000000000000e+00
1.280000000000000000e+02,0.000000000000000000e+00,1.280000000000000000e+02,0.000000000000000000e+00
1.290000000000000000e+02,0.000000000000000000e+00,1.290000000000000000e+02,0.000000000000000000e+00
1.300000000000000000e+02,0.000000000000000000e+00,1.300000000000000000e+02,0.000000000000000000e+00
1.310000000000000000e+02,0.000000000000000000e+00,1.310000000000000000e+02,0.000000000000000000e+00
1.320000000000000000e+02,0.000000000000000000e+00,1.320000000000000000e+02,0.000000000000000000e+00
1.330000000000000000e+02,0.000000000000000000e+00,1.330000000000000000e+02,0.000000000000000000e+00
1.340000000000000000e+02,0.000000000000000000e+00,1.340000000000000000e+02,0.000000000000000000e+00
1.350000000000000000e+02,0.000000000000000000e+00,1.350000000000000000e+02,0.000000000000000000e+00
1.360000000000000000e+02,0.000000000000000000e+00,1.360000000000000000e+02,0.000000000000000000e+00
1.370000000000000000e+02,0.000000000000000000e+00,1.370000000000000000e+02,0.000000000000000000e+00
1.380000000000000000e+02,0.000000000000000000e+00,1.380000000000000000e+02,0.000000000000000000e+00
1.390000000000000000e+02,0.000000000000000000e+00,1.390000000000000000e+02,0.000000000000000000e+00
1.400000000000000000e+02,0.000000000000000000e+00,1.400000000000000000e+02,0.000000000000000000e+00
1.410000000000000000e+02,0.000000000000000000e+00,1.410000000000000000e+02,0.000000000000000000e+00
1.420000000000000000e+02,0.000000000000000000e+00,1.420000000000000000e+02,0.000000000000000000e+00
1.430000000000000000e+02,0.000000000000000000e+00,1.430000000000000000e+02,0.000000000000000000e+00
1.440000000000000000e+02,0.000000000000000000e+00,1.440000000000000000e+02,0.000000000000000000e+00
1.450000000000000000e+02,0.000000000000000000e+00,1.450000000000000000e+02,0.000000000000000000e+00
1.460000000000000000e+02,0.000000000000000000e+00,1.460000000000000000e+02,0.000000000000000000e+00
1.470000000000000000e+02,0.000000000000000000e+00,1.470000000000000000e+02,0.000000000000000000e+00
1.480000000000000000e+02,0.000000000000000000e+00,1.480000000000000000e+02,0.000000000000000000e+00
1.490000000000000000e+02,0.000000000000000000e+00,1.490000000000000000e+02,0.000000000000000000e+00
1.500000000000000000e+02,0.000000000000000000e+00,1.500000000000000000e+02,0.000000000000000000e+00
1.510000000000000000e+02,0.000000000000000000e+00,1.510000000000000000e+02,0.000000000000000000e+00
1.520000000000000000e+02,0.000000000000000000e+00,1.520000000000000000e+02,0.000000000000000000e+00
1.530000000000000000e+02,0.000000000000000000e+00,1.530000000000000000e+02,0.000000000000000000e+00
1.540000000000000000e+02,0.000000000000000000e+00,1.540000000000000000e+02,0.000000000000000000e+00
1.550000000000000000e+02,0.000000000000000000e+00,1.550000000000000000e+02,0.000000000000000000e+00
1.560000000000000000e+02,0.000000000000000000e+00,1.560000000000000000e+02,0.000000000000000000e+00
1.570000000000000000e+02,0.000000000000000000e+00,1.570000000000000000e+02,0.000000000000000000e+00
1.580000000000000000e+02,0.000000000000000000e+00,1.580000000000000000e+02,0.000000000000000000e+00
1.590000000000000000e+02,0.000000000000000000e+00,1.590000000000000000e+02,0.000000000000000000e+00
1.600000000000000000e+02,0.000000000000000000e+00,1.600000000000000000e+02,0.000000000000000000e+00
1.610000000000000000e+02,0.000000000000000000e+00,1.610000000000000000e+02,0.000000000000000000e+00
1.620000000000000000e+02,0.000000000000000000e+00,1.620000000000000000e+02,0.000000000000000000e+00
1.630000000000000000e+02,0.000000000000000000e+00,1.630000000000000000e+02,0.000000000000000000e+00
1.640000000000000000e+02,0.000000000000000000e+00,1.640000000000000000e+02,0.000000000000000000e+00
1.650000000000000000e+02,0.000000000000000000e+00,1.650000000000000000e+02,0.000000000000000000e+00
1.660000000000000000e+02,0.000000000000000000e+00,1.660000000000000000e+02,0.000000000000000000e+00
1.670000000000000000e+02,0.000000000000000000e+00,1.670000000000000000e+02,0.000000000000000000e+00
1.680000000000000000e+02,0.000000000000000000e+00,1.680000000000000000e+02,0.000000000000000000e+00
1.690000000000000000e+02,0.000000000000000000e+00,1.690000000000000000e+02,0.000000000000000000e+00
1.700000000000000000e+02,0.000000000000000000e+00,1.700000000000000000e+02,0.000000000000000000e+00
1.710000000000000000e+02,0.000000000000000000e+00,1.710000000000000000e+02,0.000000000000000000e+00
1.720000000000000000e+02,0.000000000000000000e+00,1.720000000000000000e+02,0.000000000000000000e+00
1.730000000000000000e+02,0.000000000000000000e+00,1.730000000000000000e+02,0.000000000000000000e+00
1.740000000000000000e+02,0.000000000000000000e+00,1.740000000000000000e+02,0.000000000000000000e+00
1.750000000000000000e+02,0.000000000000000000e+00,1.750000000000000000e+02,0.000000000000000000e+00
1.760000000000000000e+02,0.000000000000000000e+00,1.760000000000000000e+02,0.000000000000000000e+00
1.770000000000000000e+02,0.000000000000000000e+00,1.770000000000000000e+02,0.000000000000000000e+00
1.780000000000000000e+02,0.000000000000000000e+00,1.780000000000000000e+02,0.000000000000000000e+00
1.790000000000000000e+02,0.000000000000000000e+00,1.790000000000000000e+02,0.000000000000000000e+00
1.800000000000000000e+02,0.000000000000000000e+00,1.800000000000000000e+02,0.000000000000000000e+00
1.810000000000000000e+02,0.000000000000000000e+00,1.810000000000000000e+02,0.000000000000000000e+00
1.820000000000000000e+02,0.000000000000000000e+00,1.820000000000000000e+02,0.000000000000000000e+00
1.830000000000000000e+02,0.000000000000000000e+00,1.830000000000000000e+02,0.000000000000000000e+00
1.840000000000000000e+02,0.000000000000000000e+00,1.840000000000000000e+02,0.000000000000000000e+00
1.850000000000000000e+02,0.000000000000000000e+00,1.850000000000000000e+02,0.000000000000000000e+00
1.860000000000000000e+02,0.000000000000000000e+00,1.860000000000000000e+02,0.000000000000000000e+00
1.870000000000000000e+02,0.000000000000000000e+00,1.870000000000000000e+02,0.000000000000000000e+00
1.880000000000000000e+02,0.000000000000000000e+00,1.880000000000000000e+02,0.000000000000000000e+00
1.890000000000000000e+02,0.000000000000000000e+00,1.890000000000000000e+02,0.000000000000000000e+00
1.900000000000000000e+02,0.000000000000000000e+00,1.900000000000000000e+02,0.000000000000000000e+00
1.910000000000000000e+02,0.000000000000000000e+00,1.910000000000000000e+02,0.000000000000000000e+00
1.920000000000000000e+02,0.000000000000000000e+00,1.920000000000000000e+02,0.000000000000000000e+00
1.930000000000000000e+02,0.000000000000000000e+00,1.930000000000000000e+02,0.000000000000000000e+00
1.940000000000000000e+02,0.000000000000000000e+00,1.940000000000000000e+02,0.000000000000000000e+00
1.950000000000000000e+02,0.000000000000000000e+00,1.950000000000000000e+02,0.000000000000000000e+00
1.960000000000000000e+02,0.000000000000000000e+00,1.960000000000000000e+02,0.000000000000000000e+00
1.970000000000000000e+02,0.000000000000000000e+00,1.970000000000000000e+02,0.000000000000000000e+00
1.980000000000000000e+02,0.000000000000000000e+00,1.980000000000000000e+02,0.000000000000000000e+00
1.990000000000000000e+02,0.000000000000000000e+00,1.990000000000000000e+02,0.000000000000000000e+00
2.000000000000000000e+02,0.000000000000000000e+00,2.000000000000000000e+02,0.000000000000000000e+00
2.010000000000000000e+02,0.000000000000000000e+00,2.010000000000000000e+02,0.000000000000000000e+00
2.020000000000000000e+02,0.000000000000000000e+00,2.020000000000000000e+02,0.000000000000000000e+00
2.030000000000000000e+02,0.000000000000000000e+00,2.030000000000000000e+02,0.000000000000000000e+00
2.040000000000000000e+02,0.000000000000000000e+00,2.040000000000000000e+02,0.000000000000000000e+00
2.050000000000000000e+02,0.000000000000000000e+00,2.050000000000000000e+02,0.000000000000000000e+00
2.060000000000000000e+02,0.000000000000000000e+00,2.060000000000000000e+02,0.000000000000000000e+00
2.070000000000000000e+02,0.000000000000000000e+00,2.070000000000000000e+02,0.000000000000000000e+00
2.080000000000000000e+02,0.000000000000000000e+00,2.080000000000000000e+02,0.000000000000000000e+00
2.090000000000000000e+02,0.000000000000000000e+00,2.090000000000000000e+02,0.000000000000000000e+00
2.100000000000000000e+02,0.000000000000000000e+00,2.100000000000000000e+02,0.000000000000000000e+00
2.110000000000000000e+02,0.000000000000000000e+00,2.110000000000000000e+02,0.000000000000000000e+00
2.120000000000000000e+02,0.000000000000000000e+00,2.120000000000000000e+02,0.000000000000000000e+00
2.130000000000000000e+02,0.000000000000000000e+00,2.130000000000000000e+02,0.000000000000000000e+00
2.140000000000000000e+02,0.000000000000000000e+00,2.140000000000000000e+02,0.000000000000000000e+00
2.150000000000000000e+02,0.000000000000000000e+00,2.150000000000000000e+02,0.000000000000000000e+00
2.160000000000000000e+02,0.000000000000000000e+00,2.160000000000000000e+02,0.000000000000000000e+00
2.170000000000000000e+02,0.000000000000000000e+00,2.170000000000000000e+02,0.000000000000000000e+00
2.180000000000000000e+02,0.000000000000000000e+00,2.180000000000000000e+02,0.000000000000000000e+00
2.190000000000000000e+02,0.000000000000000000e+00,2.190000000000000000e+02,0.000000000000000000e+00
2.200000000000000000e+02,0.000000000000000000e+00,2.200000000000000000e+02,0.000000000000000000e+00
2.210000000000000000e+02,0.000000000000000000e+00,2.210000000000000000e+02,0.000000000000000000e+00
2.220000000000000000e+02,0.000000000000000000e+00,2.220000000000000000e+02,0.000000000000000000e+00
2.230000000000000000e+02,0.000000000000000000e+00,2.230000000000000000e+02,0.000000000000000000e+00
2.240000000000000000e+02,0.000000000000000000e+00,2.240000000000000000e+02,0.000000000000000000e+00
2.250000000000000000e+02,0.000000000000000000e+00,2.250000000000000000e+02,0.000000000000000000e+00
2.260000000000000000e+02,0.000000000000000000e+00,2.260000000000000000e+02,0.000000000000000000e+00
2.270000000000000000e+02,0.000000000000000000e+00,2.270000000000000000e+02,0.000000000000000000e+00
2.280000000000000000e+02,0.000000000000000000e+00,2.280000000000000000e+02,0.000000000000000000e+00
2.290000000000000000e+02,0.000000000000000000e+00,2.290000000000000000e+02,0.000000000000000000e+00
2.300000000000000000e+02,0.000000000000000000e+00,2.300000000000000000e+02,0.000000000000000000e+00
2.310000000000000000e+02,0.000000000000000000e+00,2.310000000000000000e+02,0.000000000000000000e+00
2.320000000000000000e+02,0.000000000000000000e+00,2.320000000000000000e+02,0.000000000000000000e+00
2.330000000000000000e+02,0.000000000000000000e+00,2.330000000000000000e+02,0.000000000000000000e+00
2.340000000000000000e+02,0.000000000000000000e+00,2.340000000000000000e+02,0.000000000000000000e+00
2.350000000000000000e+02,0.000000000000000000e+00,2.350000000000000000e+02,0.000000000000000000e+00
2.360000000000000000e+02,0.000000000000000000e+00,2.360000000000000000e+02,0.000000000000000000e+00
2.370000000000000000e+02,0.000000000000000000e+00,2.370000000000000000e+02,0.000000000000000000e+00
2.380000000000000000e+02,0.000000000000000000e+00,2.380000000000000000e+02,0.000000000000000000e+00
2.390000000000000000e+02,0.000000000000000000e+00,2.390000000000000000e+02,0.000000000000000000e+00
2.400000000000000000e+02,0.000000000000000000e+00,2.400000000000000000e+02,0.000000000000000000e+00
2.410000000000000000e+02,0.000000000000000000e+00,2.410000000000000000e+02,0.000000000000000000e+00
2.420000000000000000e+02,0.000000000000000000e+00,2.420000000000000000e+02,0.000000000000000000e+00
2.430000000000000000e+02,0.000000000000000000e+00,2.430000000000000000e+02,0.000000000000000000e+00
2.440000000000000000e+02,0.000000000000000000e+00,2.440000000000000000e+02,0.000000000000000000e+00
2.450000000000000000e+02,0.000000000000000000e+00,2.450000000000000000e+02,0.000000000000000000e+00
2.460000000000000000e+02,0.000000000000000000e+00,2.460000000000000000e+02,0.000000000000000000e+00
2.470000000000000000e+02,0.000000000000000000e+00,2.470000000000000000e+02,0.000000000000000000e+00
2.480000000000000000e+02,0.000000000000000000e+00,2.480000000000000000e+02,0.000000000000000000e+00
2.490000000000000000e+02,0.000000000000000000e+00,2.490000000000000000e+02,0.000000000000000000e+00
2.500000000000000000e+02,0.000000000000000000e+00,2.500000000000000000e+02,0.000000000000000000e+00
2.510000000000000000e+02,0.000000000000000000e+00,2.510000000000000000e+02,0.000000000000000000e+00
2.520000000000000000e+02,0.000000000000000000e+00,2.520000000000000000e+02,0.000000000000000000e+00
2.530000000000000000e+02,0.000000000000000000e+00,2.530000000000000000e+02,0.000000000000000000e+00
2.540000000000000000e+02,0.000000000000000000e+00,2.540000000000000000e+02,0.000000000000000000e+00
2.550000000000000000e+02,0.000000000000000000e+00,2.550000000000000000e+02,0.000000000000000000e+00
2.560000000000000000e+02,0.000000000000000000e+00,2.560000000000000000e+02,0.000000000000000000e+00
2.570000000000000000e+02,0.000000000000000000e+00,2.570000000000000000e+02,0.000000000000000000e+00
2.580000000000000000e+02,0.000000000000000000e+00,2.580000000000000000e+02,0.000000000000000000e+00
2.590000000000000000e+02,0.000000000000000000e+00,2.590000000000000000e+02,0.000000000000000000e+00
2.600000000000000000e+02,0.000000000000000000e+00,2.600000000000000000e+02,0.000000000000000000e+00
2.610000000000000000e+02,0.000000000000000000e+00,2.610000000000000000e+02,0.000000000000000000e+00
2.620000000000000000e+02,0.000000000000000000e+00,2.620000000000000000e+02,0.000000000000000000e+00
2.630000000000000000e+02,0.000000000000000000e+00,2.630000000000000000e+02,0.000000000000000000e+00
2.640000000000000000e+02,0.000000000000000000e+00,2.640000000000000000e+02,0.000000000000000000e+00
2.650000000000000000e+02,0.000000000000000000e+00,2.650000000000000000e+02,0.000000000000000000e+00
2.660000000000000000e+02,0.000000000000000000e+00,2.660000000000000000e+02,0.000000000000000000e+00
2.670000000000000000e+02,0.000000000000000000e+00,2.670000000000000000e+02,0.000000000000000000e+00
2.680000000000000000e+02,0.000000000000000000e+00,2.680000000000000000e+02,0.000000000000000000e+00
2.690000000000000000e+02,0.000000000000000000e+00,2.690000000000000000e+02,0.000000000000000000e+00
2.700000000000000000e+02,0.000000000000000000e+00,2.700000000000000000e+02,0.000000000000000000e+00
2.710000000000000000e+02,0.000000000000000000e+00,2.710000000000000000e+02,0.000000000000000000e+00
2.720000000000000000e+02,0.000000000000000000e+00,2.720000000000000000e+02,0.000000000000000000e+00
2.730000000000000000e+02,0.000000000000000000e+00,2.730000000000000000e+02,0.000000000000000000e+00
2.740000000000000000e+02,0.000000000000000000e+00,2.740000000000000000e+02,0.000000000000000000e+00
2.750000000000000000e+02,0.000000000000000000e+00,2.750000000000000000e+02,0.000000000000000000e+00
2.760000000000000000e+02,0.000000000000000000e+00,2.760000000000000000e+02,0.000000000000000000e+00
2.770000000000000000e+02,0.000000000000000000e+00,2.770000000000000000e+02,0.000000000000000000e+00
2.780000000000000000e+02,0.000000000000000000e+00,2.780000000000000000e+02,0.000000000000000000e+00
2.790000000000000000e+02,0.000000000000000000e+00,2.790000000000000000e+02,0.000000000000000000e+00
2.800000000000000000e+02,0.000000000000000000e+00,2.800000000000000000e+02,0.000000000000000000e+00
2.810000000000000000e+02,0.000000000000000000e+00,2.810000000000000000e+02,0.000000000000000000e+00
2.820000000000000000e+02,0.000000000000000000e+00,2.820000000000000000e+02,0.000000000000000000e+00
2.830000000000000000e+02,0.000000000000000000e+00,2.830000000000000000e+02,0.000000000000000000e+00
2.840000000000000000e+02,0.000000000000000000e+00,2.840000000000000000e+02,0.000000000000000000e+00
2.850000000000000000e+02,0.000000000000000000e+00,2.850000000000000000e+02,0.000000000000000000e+00
2.860000000000000000e+02,0.000000000000000000e+00,2.860000000000000000e+02,0.000000000000000000e+00
2.870000000000000000e+02,0.000000000000000000e+00,2.870000000000000000e+02,0.000000000000000000e+00
2.880000000000000000e+02,0.000000000000000000e+00,2.880000000000000000e+02,0.000000000000000000e+00
2.890000000000000000e+02,0.000000000000000000e+00,2.890000000000000000e+02,0.000000000000000000e+00
2.900000000000000000e+02,0.000000000000000000e+00,2.900000000000000000e+02,0.000000000000000000e+00
2.910000000000000000e+02,0.000000000000000000e+00,2.910000000000000000e+02,0.000000000000000000e+00
2.920000000000000000e+02,0.000000000000000000e+00,2.920000000000000000e+02,0.000000000000000000e+00
2.930000000000000000e+02,0.000000000000000000e+00,2.930000000000000000e+02,0.000000000000000000e+00
2.940000000000000000e+02,0.000000000000000000e+00,2.940000000000000000e+02,0.000000000000000000e+00
2.950000000000000000e+02,0.000000000000000000e+00,2.950000000000000000e+02,0.000000000000000000e+00
2.960000000000000000e+02,0.000000000000000000e+00,2.960000000000000000e+02,0.000000000000000000e+00
2.970000000000000000e+02,0.000000000000000000e+00,2.970000000000000000e+02,0.000000000000000000e+00
2.980000000000000000e+02,0.000000000000000000e+00,2.980000000000000000e+02,0.000000000000000000e+00
2.990000000000000000e+02,0.000000000000000000e+00,2.990000000000000000e+02,0.000000000000000000e+00
3.000000000000000000e+02,0.000000000000000000e+00,3.000000000000000000e+02,0.000000000000000000e+00
3.010000000000000000e+02,0.000000000000000000e+00,3.010000000000000000e+02,0.000000000000000000e+00
3.020000000000000000e+02,0.000000000000000000e+00,3.020000000000000000e+02,0.000000000000000000e+00
3.030000000000000000e+02,0.000000000000000000e+00,3.030000000000000000e+02,0.000000000000000000e+00
3.040000000000000000e+02,0.000000000000000000e+00,3.040000000000000000e+02,0.000000000000000000e+00
3.050000000000000000e+02,0.000000000000000000e+00,3.050000000000000000e+02,0.000000000000000000e+00
3.060000000000000000e+02,0.000000000000000000e+00,3.060000000000000000e+02,0.000000000000000000e+00
3.070000000000000000e+02,0.000000000000000000e+00,3.070000000000000000e+02,0.000000000000000000e+00
3.080000000000000000e+02,0.000000000000000000e+00,3.080000000000000000e+02,0.000000000000000000e+00
3.090000000000000000e+02,0.000000000000000000e+00,3.090000000000000000e+02,0.000000000000000000e+00
3.100000000000000000e+02,0.000000000000000000e+00,3.100000000000000000e+02,0.000000000000000000e+00
3.110000000000000000e+02,0.000000000000000000e+00,3.110000000000000000e+02,0.000000000000000000e+00
3.120000000000000000e+02,0.000000000000000000e+00,3.120000000000000000e+02,0.000000000000000000e+00
3.130000000000000000e+02,0.000000000000000000e+00,3.130000000000000000e+02,0.000000000000000000e+00
3.140000000000000000e+02,0.000000000000000000e+00,3.140000000000000000e+02,0.000000000000000000e+00
3.150000000000000000e+02,0.000000000000000000e+00,3.150000000000000000e+02,0.000000000000000000e+00
3.160000000000000000e+02,0.000000000000000000e+00,3.160000000000000000e+02,0.000000000000000000e+00
3.170000000000000000e+02,0.000000000000000000e+00,3.170000000000000000e+02,0.000000000000000000e+00
3.180000000000000000e+02,0.000000000000000000e+00,3.180000000000000000e+02,0.000000000000000000e+00
3.190000000000000000e+02,0.000000000000000000e+00,3.190000000000000000e+02,0.000000000000000000e+00
3.200000000000000000e+02,2.764930955104599661e+02,3.200000000000000000e+02,2.764930955104599434e+03
3.210000000000000000e+02,3.004754763776516029e+02,3.210000000000000000e+02,3.004754763776516029e+03
3.220000000000000000e+02,2.713545164611876430e+02,3.220000000000000000e+02,2.713545164611876316e+03
3.230000000000000000e+02,2.212295045012152741e+02,3.230000000000000000e+02,2.212295045012152514e+03
3.240000000000000000e+02,2.307165145672364304e+02,3.240000000000000000e+02,2.307165145672364361e+03
3.250000000000000000e+02,2.631500533334661895e+02,3.250000000000000000e+02,2.631500533334662123e+03
3.260000000000000000e+02,3.000449782887307606e+02,3.260000000000000000e+02,3.000449782887307720e+03
3.270000000000000000e+02,3.386106505576497057e+02,3.270000000000000000e+02,3.386106505576496602e+03
3.280000000000000000e+02,2.821351619672051925e+02,3.280000000000000000e+02,2.821351619672052038e+03
3.290000000000000000e+02,1.910450867827028674e+02,3.290000000000000000e+02,1.910450867827028787e+03
3.300000000000000000e+02,2.086057649038081649e+02,3.300000000000000000e+02,2.086057649038082218e+03
3.310000000000000000e+02,2.646369225172863935e+02,3.310000000000000000e+02,2.646369225172864844e+03
3.320000000000000000e+02,3.220669450547339920e+02,3.320000000000000000e+02,3.220669450547340602e+03
3.330000000000000000e+02,3.799783064492635276e+02,3.330000000000000000e+02,3.799783064492635731e+03
3.340000000000000000e+02,3.574493145755012051e+02,3.340000000000000000e+02,3.574493145755012847e+03
3.350000000000000000e+02,3.080326255056594960e+02,3.350000000000000000e+02,3.080326255056595528e+03
3.360000000000000000e+02,3.589371837109234775e+02,3.360000000000000000e+02,3.589371837109235003e+03
3.370000000000000000e+02,4.424023195218760520e+02,3.370000000000000000e+02,4.424023195218760520e+03
3.380000000000000000e+02,4.563793387257877612e+02,3.380000000000000000e+02,4.563793387257877839e+03
3.390000000000000000e+02,4.484669239264075031e+02,3.390000000000000000e+02,4.484669239264075259e+03
3.400000000000000000e+02,5.794548992505867773e+02,3.400000000000000000e+02,5.794548992505866408e+03
3.410000000000000000e+02,7.528898875426343693e+02,3.410000000000000000e+02,7.528898875426344603e+03
3.420000000000000000e+02,8.012054376870282795e+02,3.420000000000000000e+02,8.012054376870283704e+03
3.430000000000000000e+02,8.124467807554048022e+02,3.430000000000000000e+02,8.124467807554048704e+03
3.440000000000000000e+02,8.285137402950047090e+02,3.440000000000000000e+02,8.285137402950047544e+03
3.450000000000000000e+02,8.459664187411468674e+02,3.450000000000000000e+02,8.459664187411470266e+03
3.460000000000000000e+02,9.086288039380336841e+02,3.460000000000000000e+02,9.086288039380337068e+03
3.470000000000000000e+02,9.838656206449768433e+02,3.470000000000000000e+02,9.838656206449768433e+03
3.480000000000000000e+02,1.072212041974599970e+03,3.480000000000000000e+02,1.072212041974599924e+04
3.490000000000000000e+02,1.164088067107629968e+03,3.490000000000000000e+02,1.164088067107630195e+04
3.500000000000000000e+02,1.104176537990053248e+03,3.500000000000000000e+02,1.104176537990053475e+04
3.510000000000000000e+02,1.004729909727262225e+03,3.510000000000000000e+02,1.004729909727262202e+04
3.520000000000000000e+02,7.916545436144513133e+02,3.520000000000000000e+02,7.916545436144512678e+03
3.530000000000000000e+02,5.499664112625625876e+02,3.530000000000000000e+02,5.499664112625626331e+03
3.540000000000000000e+02,7.598007682409228210e+02,3.540000000000000000e+02,7.598007682409228437e+03
3.550000000000000000e+02,1.079478414182729921e+03,3.550000000000000000e+02,1.079478414182730194e+04
3.560000000000000000e+02,1.004397820917273066e+03,3.560000000000000000e+02,1.004397820917273020e+04
3.570000000000000000e+02,8.366072110121021979e+02,3.570000000000000000e+02,8.366072110121021979e+03
3.580000000000000000e+02,1.023620876325839959e+03,3.580000000000000000e+02,1.023620876325840072e+04
3.590000000000000000e+02,1.291013837443730836e+03,3.590000000000000000e+02,1.291013837443730881e+04
3.600000000000000000e+02,1.236194679180692674e+03,3.600000000000000000e+02,1.236194679180692583e+04
3.610000000000000000e+02,1.111020734511444516e+03,3.610000000000000000e+02,1.111020734511444425e+04
3.620000000000000000e+02,1.153827316448976262e+03,3.620000000000000000e+02,1.153827316448976126e+04
3.630000000000000000e+02,1.231953808178938516e+03,3.630000000000000000e+02,1.231953808178938380e+04
3.640000000000000000e+02,1.234229807447848771e+03,3.640000000000000000e+02,1.234229807447848725e+04
3.650000000000000000e+02,1.221162675555959822e+03,3.650000000000000000e+02,1.221162675555959868e+04
3.660000000000000000e+02,1.142153327021960422e+03,3.660000000000000000e+02,1.142153327021960285e+04
3.670000000000000000e+02,1.050324475323476690e+03,3.670000000000000000e+02,1.050324475323476690e+04
3.680000000000000000e+02,8.836492131311579215e+02,3.680000000000000000e+02,8.836492131311579215e+03
3.690000000000000000e+02,7.030052540990966463e+02,3.690000000000000000e+02,7.030052540990966918e+03
3.700000000000000000e+02,7.046446920794289781e+02,3.700000000000000000e+02,7.046446920794289326e+03
3.710000000000000000e+02,7.389052762570149753e+02,3.710000000000000000e+02,7.389052762570149753e+03
3.720000000000000000e+02,7.664522202017951713e+02,3.720000000000000000e+02,7.664522202017951713e+03
3.730000000000000000e+02,7.928485541605066373e+02,3.730000000000000000e+02,7.928485541605066828e+03
3.740000000000000000e+02,1.012855291202834906e+03,3.740000000000000000e+02,1.012855291202834997e+04
3.750000000000000000e+02,1.264595962497975052e+03,3.750000000000000000e+02,1.264595962497975052e+04
3.760000000000000000e+02,1.575015747781750633e+03,3.760000000000000000e+02,1.575015747781750542e+04
3.770000000000000000e+02,1.894620177514624629e+03,3.770000000000000000e+02,1.894620177514624083e+04
3.780000000000000000e+02,2.135465768455811485e+03,3.780000000000000000e+02,2.135465768455811485e+04
3.790000000000000000e+02,2.364557910882264878e+03,3.790000000000000000e+02,2.364557910882264696e+04
3.800000000000000000e+02,2.791599258329504664e+03,3.800000000000000000e+02,2.791599258329505028e+04
3.810000000000000000e+02,3.246756296146255863e+03,3.810000000000000000e+02,3.246756296146255772e+04
3.820000000000000000e+02,3.759595648917390463e+03,3.820000000000000000e+02,3.759595648917389917e+04
3.830000000000000000e+02,4.280217844318639436e+03,3.830000000000000000e+02,4.280217844318639254e+04
3.840000000000000000e+02,4.970808389215394527e+03,3.840000000000000000e+02,4.970808389215393981e+04
3.850000000000000000e+02,5.683138741395869147e+03,3.850000000000000000e+02,5.683138741395869874e+04
3.860000000000000000e+02,6.115349303831784709e+03,3.860000000000000000e+02,6.115349303831785801e+04
3.870000000000000000e+02,6.513673657072974493e+03,3.870000000000000000e+02,6.513673657072975038e+04
3.880000000000000000e+02,7.351683578127574947e+03,3.880000000000000000e+02,7.351683578127574583e+04
3.890000000000000000e+02,8.239870663072988464e+03,3.890000000000000000e+02,8.239870663072986645e+04
3.900000000000000000e+02,8.384783288749784333e+03,3.900000000000000000e+02,8.384783288749784697e+04
3.910000000000000000e+02,8.449902497426997797e+03,3.910000000000000000e+02,8.449902497426999616e+04
3.920000000000000000e+02,9.212961440801096614e+03,3.920000000000000000e+02,9.212961440801098070e+04
3.930000000000000000e+02,1.004628124505101368e+04,3.930000000000000000e+02,1.004628124505101441e+05
3.940000000000000000e+02,1.130600164563746148e+04,3.940000000000000000e+02,1.130600164563746221e+05
3.950000000000000000e+02,1.260583108707279098e+04,3.950000000000000000e+02,1.260583108707279025e+05
3.960000000000000000e+02,1.318998833750090125e+04,3.960000000000000000e+02,1.318998833750089980e+05
3.970000000000000000e+02,1.371149686961264160e+04,3.970000000000000000e+02,1.371149686961264233e+05
3.980000000000000000e+02,1.578096363135759566e+04,3.980000000000000000e+02,1.578096363135759602e+05
3.990000000000000000e+02,1.797595392903101310e+04,3.990000000000000000e+02,1.797595392903101456e+05
4.000000000000000000e+02,1.764323094310067972e+04,4.000000000000000000e+02,1.764323094310068118e+05
4.010000000000000000e+02,1.712164424361144484e+04,4.010000000000000000e+02,1.712164424361144484e+05
4.020000000000000000e+02,1.729282590123539194e+04,4.020000000000000000e+02,1.729282590123538976e+05
4.030000000000000000e+02,1.751140634414170927e+04,4.030000000000000000e+02,1.751140634414171218e+05
4.040000000000000000e+02,1.350687442646143973e+04,4.040000000000000000e+02,1.350687442646144191e+05
4.050000000000000000e+02,9.239686331418863119e+03,4.050000000000000000e+02,9.239686331418863847e+04
4.060000000000000000e+02,1.045228484458275125e+04,4.060000000000000000e+02,1.045228484458275198e+05
4.070000000000000000e+02,1.197198473622722122e+04,4.070000000000000000e+02,1.197198473622722231e+05
4.080000000000000000e+02,1.501970229645371364e+04,4.080000000000000000e+02,1.501970229645371437e+05
4.090000000000000000e+02,1.814376128416875872e+04,4.090000000000000000e+02,1.814376128416875727e+05
4.100000000000000000e+02,1.842758240709267557e+04,4.100000000000000000e+02,1.842758240709267848e+05
4.110000000000000000e+02,1.858657722955242571e+04,4.110000000000000000e+02,1.858657722955242789e+05
4.120000000000000000e+02,2.097087509111641702e+04,4.120000000000000000e+02,2.097087509111642139e+05
4.130000000000000000e+02,2.343974747963196569e+04,4.130000000000000000e+02,2.343974747963196423e+05
4.140000000000000000e+02,2.397599538130675501e+04,4.140000000000000000e+02,2.397599538130675501e+05
4.150000000000000000e+02,2.445014855497721510e+04,4.150000000000000000e+02,2.445014855497721583e+05
4.160000000000000000e+02,2.045788737184298225e+04,4.160000000000000000e+02,2.045788737184298225e+05
4.170000000000000000e+02,1.634807108697023614e+04,4.170000000000000000e+02,1.634807108697023650e+05
4.180000000000000000e+02,1.929852810873488488e+04,4.180000000000000000e+02,1.929852810873488488e+05
4.190000000000000000e+02,2.239424945269375166e+04,4.190000000000000000e+02,2.239424945269375166e+05
4.200000000000000000e+02,2.341212668209980620e+04,4.200000000000000000e+02,2.341212668209980766e+05
4.210000000000000000e+02,2.439905663192968495e+04,4.210000000000000000e+02,2.439905663192968932e+05
4.220000000000000000e+02,2.657136439020344551e+04,4.220000000000000000e+02,2.657136439020344988e+05
4.230000000000000000e+02,2.875466757398920890e+04,4.230000000000000000e+02,2.875466757398920599e+05
4.240000000000000000e+02,2.865585338409798715e+04,4.240000000000000000e+02,2.865585338409798569e+05
4.250000000000000000e+02,2.854772044462750273e+04,4.250000000000000000e+02,2.854772044462750200e+05
4.260000000000000000e+02,2.797382321445121488e+04,4.260000000000000000e+02,2.797382321445121197e+05
4.270000000000000000e+02,2.739661309848121164e+04,4.270000000000000000e+02,2.739661309848121018e+05
4.280000000000000000e+02,2.636661938740549158e+04,4.280000000000000000e+02,2.636661938740548794e+05
4.290000000000000000e+02,2.535584154879775087e+04,4.290000000000000000e+02,2.535584154879775015e+05
4.300000000000000000e+02,2.583317662456118342e+04,4.300000000000000000e+02,2.583317662456118269e+05
4.310000000000000000e+02,2.632066367654647547e+04,4.310000000000000000e+02,2.632066367654647329e+05
4.320000000000000000e+02,2.735478925306133533e+04,4.320000000000000000e+02,2.735478925306133460e+05
4.330000000000000000e+02,2.836072056326200254e+04,4.330000000000000000e+02,2.836072056326200254e+05
4.340000000000000000e+02,2.820610538630648807e+04,4.340000000000000000e+02,2.820610538630649098e+05
4.350000000000000000e+02,2.807314021803172000e+04,4.350000000000000000e+02,2.807314021803172654e+05
4.360000000000000000e+02,2.865990046523975980e+04,4.360000000000000000e+02,2.865990046523976489e+05
4.370000000000000000e+02,2.925003403477840402e+04,4.370000000000000000e+02,2.925003403477841057e+05
4.380000000000000000e+02,2.993404399327823194e+04,4.380000000000000000e+02,2.993404399327823194e+05
4.390000000000000000e+02,3.059311130293230963e+04,4.390000000000000000e+02,3.059311130293231108e+05
4.400000000000000000e+02,3.065622417983244304e+04,4.400000000000000000e+02,3.065622417983244522e+05
4.410000000000000000e+02,3.062117448907186917e+04,4.410000000000000000e+02,3.062117448907186626e+05
4.420000000000000000e+02,2.853427216649223919e+04,4.420000000000000000e+02,2.853427216649223701e+05
4.430000000000000000e+02,2.661991181476769270e+04,4.430000000000000000e+02,2.661991181476769270e+05
4.440000000000000000e+02,2.790683017447174643e+04,4.440000000000000000e+02,2.790683017447174643e+05
4.450000000000000000e+02,2.903008100978918446e+04,4.450000000000000000e+02,2.903008100978918374e+05
4.460000000000000000e+02,2.742668230271486027e+04,4.460000000000000000e+02,2.742668230271486100e+05
4.470000000000000000e+02,2.600607077283000035e+04,4.470000000000000000e+02,2.600607077283000108e+05
4.480000000000000000e+02,2.734558924312483941e+04,4.480000000000000000e+02,2.734558924312483869e+05
4.490000000000000000e+02,2.857949556894321358e+04,4.490000000000000000e+02,2.857949556894320995e+05
4.500000000000000000e+02,2.835660279661266759e+04,4.500000000000000000e+02,2.835660279661267414e+05
4.510000000000000000e+02,2.812495707731453149e+04,4.510000000000000000e+02,2.812495707731453585e+05
4.520000000000000000e+02,2.778229274262431136e+04,4.520000000000000000e+02,2.778229274262431427e+05
4.530000000000000000e+02,2.746777702275401316e+04,4.530000000000000000e+02,2.746777702275401098e+05
4.540000000000000000e+02,2.748339675518650256e+04,4.540000000000000000e+02,2.748339675518650329e+05
4.550000000000000000e+02,2.757325922774327046e+04,4.550000000000000000e+02,2.757325922774327337e+05
4.560000000000000000e+02,2.847219734620422605e+04,4.560000000000000000e+02,2.847219734620422823e+05
4.570000000000000000e+02,2.926741896037454717e+04,4.570000000000000000e+02,2.926741896037454717e+05
4.580000000000000000e+02,2.900796049283474349e+04,4.580000000000000000e+02,2.900796049283474567e+05
4.590000000000000000e+02,2.888319141920984839e+04,4.590000000000000000e+02,2.888319141920984839e+05
4.600000000000000000e+02,3.004122850759827998e+04,4.600000000000000000e+02,3.004122850759827998e+05
4.610000000000000000e+02,3.102319735903636320e+04,4.610000000000000000e+02,3.102319735903636320e+05
4.620000000000000000e+02,3.042938145853496098e+04,4.620000000000000000e+02,3.042938145853496389e+05
4.630000000000000000e+02,2.913956624590043430e+04,4.630000000000000000e+02,2.913956624590043793e+05
4.640000000000000000e+02,2.197902117105901198e+04,4.640000000000000000e+02,2.197902117105901416e+05
4.650000000000000000e+02,1.613750129249865495e+04,4.650000000000000000e+02,1.613750129249865422e+05
4.660000000000000000e+02,2.080959448108439028e+04,4.660000000000000000e+02,2.080959448108438810e+05
4.670000000000000000e+02,2.519256848043719219e+04,4.670000000000000000e+02,2.519256848043719074e+05
4.680000000000000000e+02,2.739267427921727358e+04,4.680000000000000000e+02,2.739267427921727067e+05
4.690000000000000000e+02,2.929935286765193814e+04,4.690000000000000000e+02,2.929935286765194032e+05
4.700000000000000000e+02,2.910301803569569893e+04,4.700000000000000000e+02,2.910301803569570184e+05
4.710000000000000000e+02,2.891282719412183360e+04,4.710000000000000000e+02,2.891282719412183505e+05
4.720000000000000000e+02,2.876451942951143428e+04,4.720000000000000000e+02,2.876451942951143137e+05
4.730000000000000000e+02,2.873816300191423579e+04,4.730000000000000000e+02,2.873816300191423506e+05
4.740000000000000000e+02,2.950394825896002294e+04,4.740000000000000000e+02,2.950394825896002585e+05
4.750000000000000000e+02,3.009644826422499682e+04,4.750000000000000000e+02,3.009644826422499609e+05
4.760000000000000000e+02,2.961465368294326981e+04,4.760000000000000000e+02,2.961465368294327054e+05
4.770000000000000000e+02,2.921383556282856807e+04,4.770000000000000000e+02,2.921383556282856734e+05
4.780000000000000000e+02,2.929289027008131598e+04,4.780000000000000000e+02,2.929289027008131379e+05
4.790000000000000000e+02,2.946195997763797277e+04,4.790000000000000000e+02,2.946195997763797059e+05
4.800000000000000000e+02,3.014164890056834702e+04,4.800000000000000000e+02,3.014164890056834556e+05
4.810000000000000000e+02,3.077776095462988451e+04,4.810000000000000000e+02,3.077776095462988596e+05
4.820000000000000000e+02,3.117694457470799898e+04,4.820000000000000000e+02,3.117694457470800262e+05
4.830000000000000000e+02,3.144083011135090055e+04,4.830000000000000000e+02,3.144083011135090492e+05
4.840000000000000000e+02,3.099879633893678692e+04,4.840000000000000000e+02,3.099879633893678547e+05
4.850000000000000000e+02,3.046346790212716223e+04,4.850000000000000000e+02,3.046346790212715860e+05
4.860000000000000000e+02,2.946050203879300170e+04,4.860000000000000000e+02,2.946050203879299806e+05
4.870000000000000000e+02,2.857399880098591893e+04,4.870000000000000000e+02,2.857399880098592257e+05
4.880000000000000000e+02,2.824890771919322287e+04,4.880000000000000000e+02,2.824890771919322433e+05
4.890000000000000000e+02,2.821184360973720686e+04,4.890000000000000000e+02,2.821184360973720904e+05
4.900000000000000000e+02,2.951135951405037849e+04,4.900000000000000000e+02,2.951135951405038359e+05
4.910000000000000000e+02,3.043121105324450036e+04,4.910000000000000000e+02,3.043121105324450764e+05
4.920000000000000000e+02,2.965350408076011809e+04,4.920000000000000000e+02,2.965350408076011809e+05
4.930000000000000000e+02,2.912210123696072333e+04,4.930000000000000000e+02,2.912210123696072260e+05
4.940000000000000000e+02,2.965271525038816981e+04,4.940000000000000000e+02,2.965271525038817199e+05
4.950000000000000000e+02,3.004694786621640014e+04,4.950000000000000000e+02,3.004694786621640087e+05
4.960000000000000000e+02,2.987363769586119815e+04,4.960000000000000000e+02,2.987363769586120034e+05
4.970000000000000000e+02,2.926214924859343591e+04,4.970000000000000000e+02,2.926214924859344028e+05
4.980000000000000000e+02,2.688947103058105495e+04,4.980000000000000000e+02,2.688947103058105567e+05
4.990000000000000000e+02,2.548958746789715951e+04,4.990000000000000000e+02,2.548958746789716242e+05
5.000000000000000000e+02,2.786888082471799862e+04,5.000000000000000000e+02,2.786888082471800153e+05
5.010000000000000000e+02,2.922430545886421532e+04,5.010000000000000000e+02,2.922430545886421460e+05
5.020000000000000000e+02,2.673264084448450740e+04,5.020000000000000000e+02,2.673264084448450594e+05
5.030000000000000000e+02,2.514805597525476696e+04,5.030000000000000000e+02,2.514805597525477060e+05
5.040000000000000000e+02,2.686199958134361441e+04,5.040000000000000000e+02,2.686199958134361659e+05
5.050000000000000000e+02,2.835796276979192044e+04,5.050000000000000000e+02,2.835796276979192626e+05
5.060000000000000000e+02,2.908631931327806524e+04,5.060000000000000000e+02,2.908631931327807251e+05
5.070000000000000000e+02,2.858887037028860505e+04,5.070000000000000000e+02,2.858887037028860650e+05
5.080000000000000000e+02,2.390893141883190037e+04,5.080000000000000000e+02,2.390893141883190256e+05
5.090000000000000000e+02,2.118454517426988969e+04,5.090000000000000000e+02,2.118454517426989041e+05
5.100000000000000000e+02,2.492871769197274261e+04,5.100000000000000000e+02,2.492871769197274407e+05
5.110000000000000000e+02,2.731055394370910290e+04,5.110000000000000000e+02,2.731055394370910362e+05
5.120000000000000000e+02,2.532152593103137770e+04,5.120000000000000000e+02,2.532152593103137624e+05
5.130000000000000000e+02,2.315694206257912811e+04,5.130000000000000000e+02,2.315694206257912738e+05
5.140000000000000000e+02,2.044578002364876011e+04,5.140000000000000000e+02,2.044578002364876156e+05
5.150000000000000000e+02,1.954212013341813145e+04,5.150000000000000000e+02,1.954212013341812999e+05
5.160000000000000000e+02,2.410192380416184096e+04,5.160000000000000000e+02,2.410192380416184023e+05
5.170000000000000000e+02,2.757183859811792354e+04,5.170000000000000000e+02,2.757183859811791917e+05
5.180000000000000000e+02,2.784203295567201712e+04,5.180000000000000000e+02,2.784203295567201567e+05
5.190000000000000000e+02,2.814455969231605559e+04,5.190000000000000000e+02,2.814455969231605413e+05
5.200000000000000000e+02,2.853931957205215804e+04,5.200000000000000000e+02,2.853931957205215585e+05
5.210000000000000000e+02,2.880588917611900615e+04,5.210000000000000000e+02,2.880588917611900833e+05
5.220000000000000000e+02,2.871699603590844708e+04,5.220000000000000000e+02,2.871699603590844199e+05
5.230000000000000000e+02,2.832574310404808421e+04,5.230000000000000000e+02,2.832574310404807911e+05
5.240000000000000000e+02,2.711919563262140218e+04,5.240000000000000000e+02,2.711919563262140146e+05
5.250000000000000000e+02,2.664507764311643768e+04,5.250000000000000000e+02,2.664507764311643550e+05
5.260000000000000000e+02,2.809211195742763812e+04,5.260000000000000000e+02,2.809211195742763812e+05
5.270000000000000000e+02,2.901278008283035524e+04,5.270000000000000000e+02,2.901278008283035015e+05
5.280000000000000000e+02,2.858995325423639224e+04,5.280000000000000000e+02,2.858995325423639151e+05
5.290000000000000000e+02,2.815311257967310667e+04,5.290000000000000000e+02,2.815311257967310376e+05
5.300000000000000000e+02,2.768145444689058422e+04,5.300000000000000000e+02,2.768145444689058349e+05
5.310000000000000000e+02,2.685700116246479593e+04,5.310000000000000000e+02,2.685700116246479447e+05
5.320000000000000000e+02,2.517908043820601233e+04,5.320000000000000000e+02,2.517908043820601306e+05
5.330000000000000000e+02,2.416208737289417695e+04,5.330000000000000000e+02,2.416208737289417768e+05
5.340000000000000000e+02,2.470238455274401713e+04,5.340000000000000000e+02,2.470238455274401640e+05
5.350000000000000000e+02,2.503910491864636060e+04,5.350000000000000000e+02,2.503910491864636133e+05
5.360000000000000000e+02,2.490850361931239604e+04,5.360000000000000000e+02,2.490850361931239604e+05
5.370000000000000000e+02,2.466061721575762567e+04,5.370000000000000000e+02,2.466061721575762494e+05
5.380000000000000000e+02,2.415035885640769266e+04,5.380000000000000000e+02,2.415035885640769266e+05
5.390000000000000000e+02,2.385091150474522874e+04,5.390000000000000000e+02,2.385091150474522728e+05
5.400000000000000000e+02,2.401115340841240322e+04,5.400000000000000000e+02,2.401115340841240250e+05
5.410000000000000000e+02,2.418497176805031995e+04,5.410000000000000000e+02,2.418497176805032068e+05
5.420000000000000000e+02,2.438765425187439905e+04,5.420000000000000000e+02,2.438765425187440123e+05
5.430000000000000000e+02,2.446214910803275052e+04,5.430000000000000000e+02,2.446214910803275416e+05
5.440000000000000000e+02,2.427086633616985637e+04,5.440000000000000000e+02,2.427086633616985928e+05
5.450000000000000000e+02,2.397710373437100861e+04,5.450000000000000000e+02,2.397710373437101080e+05
5.460000000000000000e+02,2.347608577758521642e+04,5.460000000000000000e+02,2.347608577758522006e+05
5.470000000000000000e+02,2.253842330668185241e+04,5.470000000000000000e+02,2.253842330668185605e+05
5.480000000000000000e+02,2.073921059791847074e+04,5.480000000000000000e+02,2.073921059791847365e+05
5.490000000000000000e+02,1.992643719413572035e+04,5.490000000000000000e+02,1.992643719413571816e+05
5.500000000000000000e+02,2.101296583463501884e+04,5.500000000000000000e+02,2.101296583463501593e+05
5.510000000000000000e+02,2.166893280707741724e+04,5.510000000000000000e+02,2.166893280707741505e+05
5.520000000000000000e+02,2.151578197138712858e+04,5.520000000000000000e+02,2.151578197138712858e+05
5.530000000000000000e+02,2.096155809696152573e+04,5.530000000000000000e+02,2.096155809696152573e+05
5.540000000000000000e+02,1.967158426996468188e+04,5.540000000000000000e+02,1.967158426996468042e+05
5.550000000000000000e+02,1.828169830300539616e+04,5.550000000000000000e+02,1.828169830300539325e+05
5.560000000000000000e+02,1.671286336877193389e+04,5.560000000000000000e+02,1.671286336877193244e+05
5.570000000000000000e+02,1.638396770560840014e+04,5.570000000000000000e+02,1.638396770560840087e+05
5.580000000000000000e+02,1.822370258499897682e+04,5.580000000000000000e+02,1.822370258499897609e+05
5.590000000000000000e+02,1.947055732518792138e+04,5.590000000000000000e+02,1.947055732518792211e+05
5.600000000000000000e+02,1.970468424831470838e+04,5.600000000000000000e+02,1.970468424831470766e+05
5.610000000000000000e+02,1.951424852456658118e+04,5.610000000000000000e+02,1.951424852456657973e+05
5.620000000000000000e+02,1.861542465029718733e+04,5.620000000000000000e+02,1.861542465029718587e+05
5.630000000000000000e+02,1.804346689650295957e+04,5.630000000000000000e+02,1.804346689650295884e+05
5.640000000000000000e+02,1.800430729074237752e+04,5.640000000000000000e+02,1.800430729074237752e+05
5.650000000000000000e+02,1.821020743941679757e+04,5.650000000000000000e+02,1.821020743941679830e+05
5.660000000000000000e+02,1.880639491413982614e+04,5.660000000000000000e+02,1.880639491413982760e+05
5.670000000000000000e+02,1.902041322282495821e+04,5.670000000000000000e+02,1.902041322282495967e+05
5.680000000000000000e+02,1.863967262096916238e+04,5.680000000000000000e+02,1.863967262096916384e+05
5.690000000000000000e+02,1.763801328291542814e+04,5.690000000000000000e+02,1.763801328291543177e+05
5.700000000000000000e+02,1.569198202545750246e+04,5.700000000000000000e+02,1.569198202545750246e+05
5.710000000000000000e+02,1.457070537347909158e+04,5.710000000000000000e+02,1.457070537347909121e+05
5.720000000000000000e+02,1.467546459466661508e+04,5.720000000000000000e+02,1.467546459466661618e+05
5.730000000000000000e+02,1.513205060590380526e+04,5.730000000000000000e+02,1.513205060590380454e+05
5.740000000000000000e+02,1.609987292733688628e+04,5.740000000000000000e+02,1.609987292733688373e+05
5.750000000000000000e+02,1.629708287077209206e+04,5.750000000000000000e+02,1.629708287077209097e+05
5.760000000000000000e+02,1.539961954384761520e+04,5.760000000000000000e+02,1.539961954384761630e+05
5.770000000000000000e+02,1.447381148354178731e+04,5.770000000000000000e+02,1.447381148354178877e+05
5.780000000000000000e+02,1.350863796844884382e+04,5.780000000000000000e+02,1.350863796844884346e+05
5.790000000000000000e+02,1.326765819488415400e+04,5.790000000000000000e+02,1.326765819488415145e+05
5.800000000000000000e+02,1.401007327830588838e+04,5.800000000000000000e+02,1.401007327830588620e+05
5.810000000000000000e+02,1.480043075332082299e+04,5.810000000000000000e+02,1.480043075332082226e+05
5.820000000000000000e+02,1.565444672483352952e+04,5.820000000000000000e+02,1.565444672483353061e+05
5.830000000000000000e+02,1.623639147815676370e+04,5.830000000000000000e+02,1.623639147815676406e+05
5.840000000000000000e+02,1.646506079280205813e+04,5.840000000000000000e+02,1.646506079280205886e+05
5.850000000000000000e+02,1.575610188544439006e+04,5.850000000000000000e+02,1.575610188544439152e+05
5.860000000000000000e+02,1.385649395055027708e+04,5.860000000000000000e+02,1.385649395055027562e+05
5.870000000000000000e+02,1.325746721703178446e+04,5.870000000000000000e+02,1.325746721703178482e+05
5.880000000000000000e+02,1.427368539861462341e+04,5.880000000000000000e+02,1.427368539861462486e+05
5.890000000000000000e+02,1.430124245012570100e+04,5.890000000000000000e+02,1.430124245012570173e+05
5.900000000000000000e+02,1.312786510200932389e+04,5.900000000000000000e+02,1.312786510200932389e+05
5.910000000000000000e+02,1.109607627437158590e+04,5.910000000000000000e+02,1.109607627437158662e+05
5.920000000000000000e+02,8.044384349268152619e+03,5.920000000000000000e+02,8.044384349268152437e+04
5.930000000000000000e+02,5.149060916636401089e+03,5.930000000000000000e+02,5.149060916636401089e+04
5.940000000000000000e+02,2.435465738396435881e+03,5.940000000000000000e+02,2.435465738396436063e+04
5.950000000000000000e+02,9.326752698495004097e+02,5.950000000000000000e+02,9.326752698495005461e+03
5.960000000000000000e+02,8.063745393731800277e+02,5.960000000000000000e+02,8.063745393731800505e+03
5.970000000000000000e+02,2.496921515165680376e+03,5.970000000000000000e+02,2.496921515165680466e+04
5.980000000000000000e+02,6.207957862489448416e+03,5.980000000000000000e+02,6.207957862489447871e+04
5.990000000000000000e+02,9.346090307234127977e+03,5.990000000000000000e+02,9.346090307234127249e+04
6.000000000000000000e+02,1.186096146520824368e+04,6.000000000000000000e+02,1.186096146520824404e+05
6.010000000000000000e+02,1.349147560590326430e+04,6.010000000000000000e+02,1.349147560590326320e+05
6.020000000000000000e+02,1.418080440201700185e+04,6.020000000000000000e+02,1.418080440201700258e+05
6.030000000000000000e+02,1.468482294555047702e+04,6.030000000000000000e+02,1.468482294555047702e+05
6.040000000000000000e+02,1.499590576166250503e+04,6.040000000000000000e+02,1.499590576166250394e+05
6.050000000000000000e+02,1.525441578062630288e+04,6.050000000000000000e+02,1.525441578062630142e+05
6.060000000000000000e+02,1.545937768424225396e+04,6.060000000000000000e+02,1.545937768424225214e+05
6.070000000000000000e+02,1.504355426063672348e+04,6.070000000000000000e+02,1.504355426063672348e+05
6.080000000000000000e+02,1.400915013364136939e+04,6.080000000000000000e+02,1.400915013364136976e+05
6.090000000000000000e+02,1.368972646128671295e+04,6.090000000000000000e+02,1.368972646128671186e+05
6.100000000000000000e+02,1.406728315015955377e+04,6.100000000000000000e+02,1.406728315015955304e+05
6.110000000000000000e+02,1.312622547544770168e+04,6.110000000000000000e+02,1.312622547544770059e+05
6.120000000000000000e+02,1.092765343662231135e+04,6.120000000000000000e+02,1.092765343662231026e+05
6.130000000000000000e+02,8.326237793718299145e+03,6.130000000000000000e+02,8.326237793718297326e+04
6.140000000000000000e+02,5.348988690963282352e+03,6.140000000000000000e+02,5.348988690963281988e+04
6.150000000000000000e+02,3.836231091805885171e+03,6.150000000000000000e+02,3.836231091805885808e+04
6.160000000000000000e+02,3.660076313765908253e+03,6.160000000000000000e+02,3.660076313765908708e+04
6.170000000000000000e+02,3.838378786934951677e+03,6.170000000000000000e+02,3.838378786934951495e+04
6.180000000000000000e+02,4.333146740841169958e+03,6.180000000000000000e+02,4.333146740841169958e+04
6.190000000000000000e+02,4.958124677037912079e+03,6.190000000000000000e+02,4.958124677037911169e+04
6.200000000000000000e+02,5.696823911291321565e+03,6.200000000000000000e+02,5.696823911291321565e+04
6.210000000000000000e+02,7.616366429502258143e+03,6.210000000000000000e+02,7.616366429502257961e+04
6.220000000000000000e+02,1.054472173675492377e+04,6.220000000000000000e+02,1.054472173675492231e+05
6.230000000000000000e+02,1.335273168261594583e+04,6.230000000000000000e+02,1.335273168261594546e+05
6.240000000000000000e+02,1.606017547750007725e+04,6.240000000000000000e+02,1.606017547750007943e+05
6.250000000000000000e+02,1.689810489340385902e+04,6.250000000000000000e+02,1.689810489340386121e+05
6.260000000000000000e+02,1.620798834329900455e+04,6.260000000000000000e+02,1.620798834329900856e+05
6.270000000000000000e+02,1.532129202227773567e+04,6.270000000000000000e+02,1.532129202227773785e+05
6.280000000000000000e+02,1.427744724208433763e+04,6.280000000000000000e+02,1.427744724208433763e+05
6.290000000000000000e+02,1.338948853484985921e+04,6.290000000000000000e+02,1.338948853484985884e+05
6.300000000000000000e+02,1.262340589099580757e+04,6.300000000000000000e+02,1.262340589099580684e+05
6.310000000000000000e+02,1.226378796987822352e+04,6.310000000000000000e+02,1.226378796987822279e+05
6.320000000000000000e+02,1.221494597985101245e+04,6.320000000000000000e+02,1.221494597985101282e+05
6.330000000000000000e+02,1.228835713840291100e+04,6.330000000000000000e+02,1.228835713840290991e+05
6.340000000000000000e+02,1.245317311218778013e+04,6.340000000000000000e+02,1.245317311218778050e+05
6.350000000000000000e+02,1.278683679055971152e+04,6.350000000000000000e+02,1.278683679055971006e+05
6.360000000000000000e+02,1.324394083597514509e+04,6.360000000000000000e+02,1.324394083597514546e+05
6.370000000000000000e+02,1.294005923504228667e+04,6.370000000000000000e+02,1.294005923504228704e+05
6.380000000000000000e+02,1.209222958186449250e+04,6.380000000000000000e+02,1.209222958186449250e+05
6.390000000000000000e+02,1.105916591853955288e+04,6.390000000000000000e+02,1.105916591853955179e+05
6.400000000000000000e+02,9.896657687559245460e+03,6.400000000000000000e+02,9.896657687559243641e+04
6.410000000000000000e+02,1.058662469605311344e+04,6.410000000000000000e+02,1.058662469605311344e+05
6.420000000000000000e+02,1.254208002931766532e+04,6.420000000000000000e+02,1.254208002931766532e+05
6.430000000000000000e+02,1.333616756244485987e+04,6.430000000000000000e+02,1.333616756244486023e+05
6.440000000000000000e+02,1.335476574373821677e+04,6.440000000000000000e+02,1.335476574373821495e+05
6.450000000000000000e+02,1.294358631493562461e+04,6.450000000000000000e+02,1.294358631493562280e+05
6.460000000000000000e+02,1.225192487895598424e+04,6.460000000000000000e+02,1.225192487895598315e+05
6.470000000000000000e+02,1.224815884434231521e+04,6.470000000000000000e+02,1.224815884434231557e+05
6.480000000000000000e+02,1.268311609678551031e+04,6.480000000000000000e+02,1.268311609678551031e+05
6.490000000000000000e+02,1.252463211767183748e+04,6.490000000000000000e+02,1.252463211767183675e+05
6.500000000000000000e+02,1.199631830464773338e+04,6.500000000000000000e+02,1.199631830464773229e+05
6.510000000000000000e+02,1.168723859462878681e+04,6.510000000000000000e+02,1.168723859462878609e+05
6.520000000000000000e+02,1.151164437589818226e+04,6.520000000000000000e+02,1.151164437589818262e+05
6.530000000000000000e+02,1.187210341041261381e+04,6.530000000000000000e+02,1.187210341041261418e+05
6.540000000000000000e+02,1.255140641305098688e+04,6.540000000000000000e+02,1.255140641305098834e+05
6.550000000000000000e+02,1.256745570171144936e+04,6.550000000000000000e+02,1.256745570171145082e+05
6.560000000000000000e+02,1.219817432316987470e+04,6.560000000000000000e+02,1.219817432316987542e+05
6.570000000000000000e+02,1.227625148729190005e+04,6.570000000000000000e+02,1.227625148729189968e+05
6.580000000000000000e+02,1.260815057548095865e+04,6.580000000000000000e+02,1.260815057548095792e+05
6.590000000000000000e+02,1.240175266205668049e+04,6.590000000000000000e+02,1.240175266205668158e+05
6.600000000000000000e+02,1.189712754548101293e+04,6.600000000000000000e+02,1.189712754548101366e+05
6.610000000000000000e+02,1.145203872142984255e+04,6.610000000000000000e+02,1.145203872142984183e+05
6.620000000000000000e+02,1.103915225934715818e+04,6.620000000000000000e+02,1.103915225934715709e+05
6.630000000000000000e+02,1.065574326970346556e+04,6.630000000000000000e+02,1.065574326970346592e+05
6.640000000000000000e+02,1.028789758430807524e+04,6.640000000000000000e+02,1.028789758430807560e+05
6.650000000000000000e+02,1.027422671885864293e+04,6.650000000000000000e+02,1.027422671885864256e+05
6.660000000000000000e+02,1.044305294167428110e+04,6.660000000000000000e+02,1.044305294167428074e+05
6.670000000000000000e+02,1.055147833534493111e+04,6.670000000000000000e+02,1.055147833534493111e+05
6.680000000000000000e+02,1.062953512322798633e+04,6.680000000000000000e+02,1.062953512322798779e+05
6.690000000000000000e+02,1.080402463278808682e+04,6.690000000000000000e+02,1.080402463278808718e+05
6.700000000000000000e+02,1.102581432841158312e+04,6.700000000000000000e+02,1.102581432841158239e+05
6.710000000000000000e+02,1.124866489656723024e+04,6.710000000000000000e+02,1.124866489656722988e+05
6.720000000000000000e+02,1.147202300027792444e+04,6.720000000000000000e+02,1.147202300027792371e+05
6.730000000000000000e+02,1.168027065371537356e+04,6.730000000000000000e+02,1.168027065371537319e+05
6.740000000000000000e+02,1.188146895361230600e+04,6.740000000000000000e+02,1.188146895361230709e+05
6.750000000000000000e+02,1.137289570029832430e+04,6.750000000000000000e+02,1.137289570029832394e+05
6.760000000000000000e+02,1.054150420119578484e+04,6.760000000000000000e+02,1.054150420119578630e+05
6.770000000000000000e+02,1.064919765090992223e+04,6.770000000000000000e+02,1.064919765090992296e+05
6.780000000000000000e+02,1.117319063291930252e+04,6.780000000000000000e+02,1.117319063291930215e+05
6.790000000000000000e+02,1.097595563646200571e+04,6.790000000000000000e+02,1.097595563646200608e+05
6.800000000000000000e+02,1.046717342366429511e+04,6.800000000000000000e+02,1.046717342366429511e+05
6.810000000000000000e+02,9.778584211744899221e+03,6.810000000000000000e+02,9.778584211744900676e+04
6.820000000000000000e+02,9.014330639200996302e+03,6.820000000000000000e+02,9.014330639200996666e+04
6.830000000000000000e+02,8.876399778773076832e+03,6.830000000000000000e+02,8.876399778773076832e+04
6.840000000000000000e+02,8.995149971314791401e+03,6.840000000000000000e+02,8.995149971314788854e+04
6.850000000000000000e+02,9.111414898124323372e+03,6.850000000000000000e+02,9.111414898124321189e+04
6.860000000000000000e+02,9.226688192567909937e+03,6.860000000000000000e+02,9.226688192567907390e+04
6.870000000000000000e+02,9.441738178936209806e+03,6.870000000000000000e+02,9.441738178936208715e+04
6.880000000000000000e+02,9.695536594541497834e+03,6.880000000000000000e+02,9.695536594541497470e+04
6.890000000000000000e+02,9.288782677288978448e+03,6.890000000000000000e+02,9.288782677288977720e+04
6.900000000000000000e+02,8.632432800929469522e+03,6.900000000000000000e+02,8.632432800929469522e+04
6.910000000000000000e+02,8.596595610553704319e+03,6.910000000000000000e+02,8.596595610553702863e+04
6.920000000000000000e+02,8.788812241318757515e+03,6.920000000000000000e+02,8.788812241318759334e+04
6.930000000000000000e+02,8.984258586330977778e+03,6.930000000000000000e+02,8.984258586330978142e+04
6.940000000000000000e+02,9.180859050559085517e+03,6.940000000000000000e+02,9.180859050559085154e+04
6.950000000000000000e+02,9.183827693399996861e+03,6.950000000000000000e+02,9.183827693399996497e+04
6.960000000000000000e+02,9.119545340156981183e+03,6.960000000000000000e+02,9.119545340156980092e+04
6.970000000000000000e+02,8.681248573174976627e+03,6.970000000000000000e+02,8.681248573174975172e+04
6.980000000000000000e+02,8.116747894181943593e+03,6.980000000000000000e+02,8.116747894181944139e+04
6.990000000000000000e+02,8.161773109593201298e+03,6.990000000000000000e+02,8.161773109593203117e+04
7.000000000000000000e+02,8.406534718270160738e+03,7.000000000000000000e+02,8.406534718270163285e+04
7.010000000000000000e+02,8.604780009857533514e+03,7.010000000000000000e+02,8.604780009857534606e+04
7.020000000000000000e+02,8.788228786356619821e+03,7.020000000000000000e+02,8.788228786356619094e+04
7.030000000000000000e+02,8.900566815568014135e+03,7.030000000000000000e+02,8.900566815568013408e+04
7.040000000000000000e+02,8.990957764481692720e+03,7.040000000000000000e+02,8.990957764481691993e+04
7.050000000000000000e+02,9.432623440065177419e+03,7.050000000000000000e+02,9.432623440065176692e+04
7.060000000000000000e+02,9.979427968738997151e+03,7.060000000000000000e+02,9.979427968738996424e+04
7.070000000000000000e+02,9.858704870950803524e+03,7.070000000000000000e+02,9.858704870950803161e+04
7.080000000000000000e+02,9.544323442823657388e+03,7.080000000000000000e+02,9.544323442823658115e+04
7.090000000000000000e+02,9.332604203266302648e+03,7.090000000000000000e+02,9.332604203266302648e+04
7.100000000000000000e+02,9.149737990500432716e+03,7.100000000000000000e+02,9.149737990500434535e+04
7.110000000000000000e+02,9.297644684028033225e+03,7.110000000000000000e+02,9.297644684028034681e+04
7.120000000000000000e+02,9.535558034878127728e+03,7.120000000000000000e+02,9.535558034878128092e+04
7.130000000000000000e+02,8.464764008242569616e+03,7.130000000000000000e+02,8.464764008242568525e+04
7.140000000000000000e+02,7.049392720793504850e+03,7.140000000000000000e+02,7.049392720793504850e+04
7.150000000000000000e+02,7.745226397652019841e+03,7.150000000000000000e+02,7.745226397652018932e+04
7.160000000000000000e+02,8.978579062075274123e+03,7.160000000000000000e+02,8.978579062075274123e+04
7.170000000000000000e+02,9.172674105142255939e+03,7.170000000000000000e+02,9.172674105142256303e+04
7.180000000000000000e+02,9.111081827993866682e+03,7.180000000000000000e+02,9.111081827993867046e+04
7.190000000000000000e+02,9.036844405005291264e+03,7.190000000000000000e+02,9.036844405005291628e+04
7.200000000000000000e+02,8.959602860963139392e+03,7.200000000000000000e+02,8.959602860963140847e+04
7.210000000000000000e+02,8.690848422147008023e+03,7.210000000000000000e+02,8.690848422147009114e+04
7.220000000000000000e+02,8.378193979390345703e+03,7.220000000000000000e+02,8.378193979390345339e+04
7.230000000000000000e+02,8.641981145262498103e+03,7.230000000000000000e+02,8.641981145262498467e+04
7.240000000000000000e+02,9.033159298308548387e+03,7.240000000000000000e+02,9.033159298308548750e+04
7.250000000000000000e+02,8.731463629908359508e+03,7.250000000000000000e+02,8.731463629908360599e+04
7.260000000000000000e+02,8.282273785925204720e+03,7.260000000000000000e+02,8.282273785925205448e+04
7.270000000000000000e+02,7.913791769619562729e+03,7.270000000000000000e+02,7.913791769619564002e+04
7.280000000000000000e+02,7.561843398312338650e+03,7.280000000000000000e+02,7.561843398312339559e+04
7.290000000000000000e+02,7.518509329699447335e+03,7.290000000000000000e+02,7.518509329699446971e+04
7.300000000000000000e+02,7.535956289473867400e+03,7.300000000000000000e+02,7.535956289473867218e+04
7.310000000000000000e+02,7.823455701650479568e+03,7.310000000000000000e+02,7.823455701650478295e+04
7.320000000000000000e+02,8.162033252629876188e+03,7.320000000000000000e+02,8.162033252629874914e+04
7.330000000000000000e+02,8.214544225931242181e+03,7.330000000000000000e+02,8.214544225931240362e+04
7.340000000000000000e+02,8.215152401601420934e+03,7.340000000000000000e+02,8.215152401601419842e+04
7.350000000000000000e+02,8.132243871000971922e+03,7.350000000000000000e+02,8.132243871000970830e+04
7.360000000000000000e+02,8.034817646027059709e+03,7.360000000000000000e+02,8.034817646027059527e+04
7.370000000000000000e+02,7.709337670131587402e+03,7.370000000000000000e+02,7.709337670131586492e+04
7.380000000000000000e+02,7.345927592509560782e+03,7.380000000000000000e+02,7.345927592509560054e+04
7.390000000000000000e+02,7.543233812270101225e+03,7.390000000000000000e+02,7.543233812270101043e+04
7.400000000000000000e+02,7.829642003354916596e+03,7.400000000000000000e+02,7.829642003354916233e+04
7.410000000000000000e+02,7.341864136040790981e+03,7.410000000000000000e+02,7.341864136040791345e+04
7.420000000000000000e+02,6.736729283431682234e+03,7.420000000000000000e+02,6.736729283431683143e+04
7.430000000000000000e+02,6.955603872185568434e+03,7.430000000000000000e+02,6.955603872185570071e+04
7.440000000000000000e+02,7.293432156376227795e+03,7.440000000000000000e+02,7.293432156376229250e+04
7.450000000000000000e+02,7.548516201634755816e+03,7.450000000000000000e+02,7.548516201634755998e+04
7.460000000000000000e+02,7.792245929548246750e+03,7.460000000000000000e+02,7.792245929548246204e+04
7.470000000000000000e+02,8.256684499061211682e+03,7.470000000000000000e+02,8.256684499061212409e+04
7.480000000000000000e+02,8.749853303106398016e+03,7.480000000000000000e+02,8.749853303106398380e+04
7.490000000000000000e+02,7.987182233988904045e+03,7.490000000000000000e+02,7.987182233988904045e+04
7.500000000000000000e+02,7.069778979366784370e+03,7.500000000000000000e+02,7.069778979366784915e+04
7.510000000000000000e+02,6.692306563977377664e+03,7.510000000000000000e+02,6.692306563977377664e+04
7.520000000000000000e+02,6.377645894406412481e+03,7.520000000000000000e+02,6.377645894406413572e+04
7.530000000000000000e+02,5.910979227631241884e+03,7.530000000000000000e+02,5.910979227631241520e+04
7.540000000000000000e+02,5.427661903925693878e+03,7.540000000000000000e+02,5.427661903925693332e+04
7.550000000000000000e+02,5.706451585426007114e+03,7.550000000000000000e+02,5.706451585426006204e+04
7.560000000000000000e+02,6.063607346094882814e+03,7.560000000000000000e+02,6.063607346094882087e+04
7.570000000000000000e+02,3.307263359896491693e+03,7.570000000000000000e+02,6.080934923979119048e+04
7.580000000000000000e+02,2.514081858294557605e+02,7.580000000000000000e+02,6.065571847945767513e+04
7.590000000000000000e+02,3.943185805295000137e+03,7.590000000000000000e+02,7.217145870535945869e+04
7.600000000000000000e+02,8.239863473283641724e+03,7.600000000000000000e+02,8.473331440490903333e+04
7.610000000000000000e+02,8.027795538483475866e+03,7.610000000000000000e+02,8.027795538483474229e+04
7.620000000000000000e+02,7.440722751043204880e+03,7.620000000000000000e+02,7.440722751043204335e+04
7.630000000000000000e+02,6.989881384222610905e+03,7.630000000000000000e+02,6.989881384222611086e+04
7.640000000000000000e+02,6.549499285289970430e+03,7.640000000000000000e+02,6.549499285289969703e+04
7.650000000000000000e+02,6.096404651779675078e+03,7.650000000000000000e+02,6.096404651779674896e+04
7.660000000000000000e+02,5.642414371593327814e+03,7.660000000000000000e+02,5.642414371593328542e+04
7.670000000000000000e+02,5.433871282383243852e+03,7.670000000000000000e+02,5.433871282383244397e+04
7.680000000000000000e+02,5.241087304504180793e+03,7.680000000000000000e+02,5.241087304504180793e+04
7.690000000000000000e+02,5.945103910449365685e+03,7.690000000000000000e+02,5.945103910449366958e+04
7.700000000000000000e+02,6.701161955543720978e+03,7.700000000000000000e+02,6.701161955543722434e+04
7.710000000000000000e+02,6.665820634595929732e+03,7.710000000000000000e+02,6.665820634595930460e+04
7.720000000000000000e+02,6.589385287624083503e+03,7.720000000000000000e+02,6.589385287624083867e+04
7.730000000000000000e+02,6.005933065414473276e+03,7.730000000000000000e+02,6.005933065414473094e+04
7.740000000000000000e+02,5.399213092030988264e+03,7.740000000000000000e+02,5.399213092030988628e+04
7.750000000000000000e+02,6.227250127688586872e+03,7.750000000000000000e+02,6.227250127688587236e+04
7.760000000000000000e+02,7.112571280093959103e+03,7.760000000000000000e+02,7.112571280093959649e+04
7.770000000000000000e+02,7.126665868609883546e+03,7.770000000000000000e+02,7.126665868609883182e+04
7.780000000000000000e+02,7.111114182266411262e+03,7.780000000000000000e+02,7.111114182266411080e+04
7.790000000000000000e+02,7.226094283547206942e+03,7.790000000000000000e+02,7.226094283547207306e+04
7.800000000000000000e+02,7.344754979357913726e+03,7.800000000000000000e+02,7.344754979357914999e+04
7.810000000000000000e+02,6.489034849948927331e+03,7.810000000000000000e+02,6.489034849948927877e+04
7.820000000000000000e+02,5.611458345557831308e+03,7.820000000000000000e+02,5.611458345557831490e+04
7.830000000000000000e+02,6.123137817528377127e+03,7.830000000000000000e+02,6.123137817528378218e+04
7.840000000000000000e+02,6.658058798673837373e+03,7.840000000000000000e+02,6.658058798673837737e+04
7.850000000000000000e+02,6.110417010510102045e+03,7.850000000000000000e+02,6.110417010510102409e+04
7.860000000000000000e+02,5.550768381080093604e+03,7.860000000000000000e+02,5.550768381080093968e+04
7.870000000000000000e+02,5.163872529762018530e+03,7.870000000000000000e+02,5.163872529762017803e+04
7.880000000000000000e+02,4.777929406539055890e+03,7.880000000000000000e+02,4.777929406539056072e+04
7.890000000000000000e+02,0.000000000000000000e+00,7.890000000000000000e+02,0.000000000000000000e+00
7.900000000000000000e+02,0.000000000000000000e+00,7.900000000000000000e+02,0.000000000000000000e+00
7.910000000000000000e+02,0.000000000000000000e+00,7.910000000000000000e+02,0.000000000000000000e+00
7.920000000000000000e+02,0.000000000000000000e+00,7.920000000000000000e+02,0.000000000000000000e+00
7.930000000000000000e+02,0.000000000000000000e+00,7.930000000000000000e+02,0.000000000000000000e+00
7.940000000000000000e+02,0.000000000000000000e+00,7.940000000000000000e+02,0.000000000000000000e+00
7.950000000000000000e+02,0.000000000000000000e+00,7.950000000000000000e+02,0.000000000000000000e+00
7.960000000000000000e+02,0.000000000000000000e+00,7.960000000000000000e+02,0.000000000000000000e+00
7.970000000000000000e+02,0.000000000000000000e+00,7.970000000000000000e+02,0.000000000000000000e+00
7.980000000000000000e+02,0.000000000000000000e+00,7.980000000000000000e+02,0.000000000000000000e+00
7.990000000000000000e+02,0.000000000000000000e+00,7.990000000000000000e+02,0.000000000000000000e+00
8.000000000000000000e+02,0.000000000000000000e+00,8.000000000000000000e+02,0.000000000000000000e+00
8.010000000000000000e+02,0.000000000000000000e+00,8.010000000000000000e+02,0.000000000000000000e+00
8.020000000000000000e+02,0.000000000000000000e+00,8.020000000000000000e+02,0.000000000000000000e+00
8.030000000000000000e+02,0.000000000000000000e+00,8.030000000000000000e+02,0.000000000000000000e+00
8.040000000000000000e+02,0.000000000000000000e+00,8.040000000000000000e+02,0.000000000000000000e+00
8.050000000000000000e+02,0.000000000000000000e+00,8.050000000000000000e+02,0.000000000000000000e+00
8.060000000000000000e+02,0.000000000000000000e+00,8.060000000000000000e+02,0.000000000000000000e+00
8.070000000000000000e+02,0.000000000000000000e+00,8.070000000000000000e+02,0.000000000000000000e+00
8.080000000000000000e+02,0.000000000000000000e+00,8.080000000000000000e+02,0.000000000000000000e+00
8.090000000000000000e+02,0.000000000000000000e+00,8.090000000000000000e+02,0.000000000000000000e+00
8.100000000000000000e+02,0.000000000000000000e+00,8.100000000000000000e+02,0.000000000000000000e+00
8.110000000000000000e+02,0.000000000000000000e+00,8.110000000000000000e+02,0.000000000000000000e+00
8.120000000000000000e+02,0.000000000000000000e+00,8.120000000000000000e+02,0.000000000000000000e+00
8.130000000000000000e+02,0.000000000000000000e+00,8.130000000000000000e+02,0.000000000000000000e+00
8.140000000000000000e+02,0.000000000000000000e+00,8.140000000000000000e+02,0.000000000000000000e+00
8.150000000000000000e+02,0.000000000000000000e+00,8.150000000000000000e+02,0.000000000000000000e+00
8.160000000000000000e+02,0.000000000000000000e+00,8.160000000000000000e+02,0.000000000000000000e+00
8.170000000000000000e+02,0.000000000000000000e+00,8.170000000000000000e+02,0.000000000000000000e+00
8.180000000000000000e+02,0.000000000000000000e+00,8.180000000000000000e+02,0.000000000000000000e+00
8.190000000000000000e+02,0.000000000000000000e+00,8.190000000000000000e+02,0.000000000000000000e+00
8.200000000000000000e+02,0.000000000000000000e+00,8.200000000000000000e+02,0.000000000000000000e+00
8.210000000000000000e+02,0.000000000000000000e+00,8.210000000000000000e+02,0.000000000000000000e+00
8.220000000000000000e+02,0.000000000000000000e+00,8.220000000000000000e+02,0.000000000000000000e+00
8.230000000000000000e+02,0.000000000000000000e+00,8.230000000000000000e+02,0.000000000000000000e+00
8.240000000000000000e+02,0.000000000000000000e+00,8.240000000000000000e+02,0.000000000000000000e+00
8.250000000000000000e+02,0.000000000000000000e+00,8.250000000000000000e+02,0.000000000000000000e+00
8.260000000000000000e+02,0.000000000000000000e+00,8.260000000000000000e+02,0.000000000000000000e+00
8.270000000000000000e+02,0.000000000000000000e+00,8.270000000000000000e+02,0.000000000000000000e+00
8.280000000000000000e+02,0.000000000000000000e+00,8.280000000000000000e+02,0.000000000000000000e+00
8.290000000000000000e+02,0.000000000000000000e+00,8.290000000000000000e+02,0.000000000000000000e+00
8.300000000000000000e+02,0.000000000000000000e+00,8.300000000000000000e+02,0.000000000000000000e+00
8.310000000000000000e+02,0.000000000000000000e+00,8.310000000000000000e+02,0.000000000000000000e+00
8.320000000000000000e+02,0.000000000000000000e+00,8.320000000000000000e+02,0.000000000000000000e+00
8.330000000000000000e+02,0.000000000000000000e+00,8.330000000000000000e+02,0.000000000000000000e+00
8.340000000000000000e+02,0.000000000000000000e+00,8.340000000000000000e+02,0.000000000000000000e+00
8.350000000000000000e+02,0.000000000000000000e+00,8.350000000000000000e+02,0.000000000000000000e+00
8.360000000000000000e+02,0.000000000000000000e+00,8.360000000000000000e+02,0.000000000000000000e+00
8.370000000000000000e+02,0.000000000000000000e+00,8.370000000000000000e+02,0.000000000000000000e+00
8.380000000000000000e+02,0.000000000000000000e+00,8.380000000000000000e+02,0.000000000000000000e+00
8.390000000000000000e+02,0.000000000000000000e+00,8.390000000000000000e+02,0.000000000000000000e+00
8.400000000000000000e+02,0.000000000000000000e+00,8.400000000000000000e+02,0.000000000000000000e+00
8.410000000000000000e+02,0.000000000000000000e+00,8.410000000000000000e+02,0.000000000000000000e+00
8.420000000000000000e+02,0.000000000000000000e+00,8.420000000000000000e+02,0.000000000000000000e+00
8.430000000000000000e+02,0.000000000000000000e+00,8.430000000000000000e+02,0.000000000000000000e+00
8.440000000000000000e+02,0.000000000000000000e+00,8.440000000000000000e+02,0.000000000000000000e+00
8.450000000000000000e+02,0.000000000000000000e+00,8.450000000000000000e+02,0.000000000000000000e+00
8.460000000000000000e+02,0.000000000000000000e+00,8.460000000000000000e+02,0.000000000000000000e+00
8.470000000000000000e+02,0.000000000000000000e+00,8.470000000000000000e+02,0.000000000000000000e+00
8.480000000000000000e+02,0.000000000000000000e+00,8.480000000000000000e+02,0.000000000000000000e+00
8.490000000000000000e+02,0.000000000000000000e+00,8.490000000000000000e+02,0.000000000000000000e+00
8.500000000000000000e+02,0.000000000000000000e+00,8.500000000000000000e+02,0.000000000000000000e+00
8.510000000000000000e+02,0.000000000000000000e+00,8.510000000000000000e+02,0.000000000000000000e+00
8.520000000000000000e+02,0.000000000000000000e+00,8.520000000000000000e+02,0.000000000000000000e+00
8.530000000000000000e+02,0.000000000000000000e+00,8.530000000000000000e+02,0.000000000000000000e+00
8.540000000000000000e+02,0.000000000000000000e+00,8.540000000000000000e+02,0.000000000000000000e+00
8.550000000000000000e+02,0.000000000000000000e+00,8.550000000000000000e+02,0.000000000000000000e+00
8.560000000000000000e+02,0.000000000000000000e+00,8.560000000000000000e+02,0.000000000000000000e+00
8.570000000000000000e+02,0.000000000000000000e+00,8.570000000000000000e+02,0.000000000000000000e+00
8.580000000000000000e+02,0.000000000000000000e+00,8.580000000000000000e+02,0.000000000000000000e+00
8.590000000000000000e+02,0.000000000000000000e+00,8.590000000000000000e+02,0.000000000000000000e+00
8.600000000000000000e+02,0.000000000000000000e+00,8.600000000000000000e+02,0.000000000000000000e+00
8.610000000000000000e+02,0.000000000000000000e+00,8.610000000000000000e+02,0.000000000000000000e+00
8.620000000000000000e+02,0.000000000000000000e+00,8.620000000000000000e+02,0.000000000000000000e+00
8.630000000000000000e+02,0.000000000000000000e+00,8.630000000000000000e+02,0.000000000000000000e+00
8.640000000000000000e+02,0.000000000000000000e+00,8.640000000000000000e+02,0.000000000000000000e+00
8.650000000000000000e+02,0.000000000000000000e+00,8.650000000000000000e+02,0.000000000000000000e+00
8.660000000000000000e+02,0.000000000000000000e+00,8.660000000000000000e+02,0.000000000000000000e+00
8.670000000000000000e+02,0.000000000000000000e+00,8.670000000000000000e+02,0.000000000000000000e+00
8.680000000000000000e+02,0.000000000000000000e+00,8.680000000000000000e+02,0.000000000000000000e+00
8.690000000000000000e+02,0.000000000000000000e+00,8.690000000000000000e+02,0.000000000000000000e+00
8.700000000000000000e+02,0.000000000000000000e+00,8.700000000000000000e+02,0.000000000000000000e+00
8.710000000000000000e+02,0.000000000000000000e+00,8.710000000000000000e+02,0.000000000000000000e+00
8.720000000000000000e+02,0.000000000000000000e+00,8.720000000000000000e+02,0.000000000000000000e+00
8.730000000000000000e+02,0.000000000000000000e+00,8.730000000000000000e+02,0.000000000000000000e+00
8.740000000000000000e+02,0.000000000000000000e+00,8.740000000000000000e+02,0.000000000000000000e+00
8.750000000000000000e+02,0.000000000000000000e+00,8.750000000000000000e+02,0.000000000000000000e+00
8.760000000000000000e+02,0.000000000000000000e+00,8.760000000000000000e+02,0.000000000000000000e+00
8.770000000000000000e+02,0.000000000000000000e+00,8.770000000000000000e+02,0.000000000000000000e+00
8.780000000000000000e+02,0.000000000000000000e+00,8.780000000000000000e+02,0.000000000000000000e+00
8.790000000000000000e+02,0.000000000000000000e+00,8.790000000000000000e+02,0.000000000000000000e+00
8.800000000000000000e+02,0.000000000000000000e+00,8.800000000000000000e+02,0.000000000000000000e+00
8.810000000000000000e+02,0.000000000000000000e+00,8.810000000000000000e+02,0.000000000000000000e+00
8.820000000000000000e+02,0.000000000000000000e+00,8.820000000000000000e+02,0.000000000000000000e+00
8.830000000000000000e+02,0.000000000000000000e+00,8.830000000000000000e+02,0.000000000000000000e+00
8.840000000000000000e+02,0.000000000000000000e+00,8.840000000000000000e+02,0.000000000000000000e+00
8.850000000000000000e+02,0.000000000000000000e+00,8.850000000000000000e+02,0.000000000000000000e+00
8.860000000000000000e+02,0.000000000000000000e+00,8.860000000000000000e+02,0.000000000000000000e+00
8.870000000000000000e+02,0.000000000000000000e+00,8.870000000000000000e+02,0.000000000000000000e+00
8.880000000000000000e+02,0.000000000000000000e+00,8.880000000000000000e+02,0.000000000000000000e+00
8.890000000000000000e+02,0.000000000000000000e+00,8.890000000000000000e+02,0.000000000000000000e+00
8.900000000000000000e+02,0.000000000000000000e+00,8.900000000000000000e+02,0.000000000000000000e+00
8.910000000000000000e+02,0.000000000000000000e+00,8.910000000000000000e+02,0.000000000000000000e+00
8.920000000000000000e+02,0.000000000000000000e+00,8.920000000000000000e+02,0.000000000000000000e+00
8.930000000000000000e+02,0.000000000000000000e+00,8.930000000000000000e+02,0.000000000000000000e+00
8.940000000000000000e+02,0.000000000000000000e+00,8.940000000000000000e+02,0.000000000000000000e+00
8.950000000000000000e+02,0.000000000000000000e+00,8.950000000000000000e+02,0.000000000000000000e+00
8.960000000000000000e+02,0.000000000000000000e+00,8.960000000000000000e+02,0.000000000000000000e+00
8.970000000000000000e+02,0.000000000000000000e+00,8.970000000000000000e+02,0.000000000000000000e+00
8.980000000000000000e+02,0.000000000000000000e+00,8.980000000000000000e+02,0.000000000000000000e+00
8.990000000000000000e+02,0.000000000000000000e+00,8.990000000000000000e+02,0.000000000000000000e+00
9.000000000000000000e+02,0.000000000000000000e+00,9.000000000000000000e+02,0.000000000000000000e+00
9.010000000000000000e+02,0.000000000000000000e+00,9.010000000000000000e+02,0.000000000000000000e+00
9.020000000000000000e+02,0.000000000000000000e+00,9.020000000000000000e+02,0.000000000000000000e+00
9.030000000000000000e+02,0.000000000000000000e+00,9.030000000000000000e+02,0.000000000000000000e+00
9.040000000000000000e+02,0.000000000000000000e+00,9.040000000000000000e+02,0.000000000000000000e+00
9.050000000000000000e+02,0.000000000000000000e+00,9.050000000000000000e+02,0.000000000000000000e+00
9.060000000000000000e+02,0.000000000000000000e+00,9.060000000000000000e+02,0.000000000000000000e+00
9.070000000000000000e+02,0.000000000000000000e+00,9.070000000000000000e+02,0.000000000000000000e+00
9.080000000000000000e+02,0.000000000000000000e+00,9.080000000000000000e+02,0.000000000000000000e+00
9.090000000000000000e+02,0.000000000000000000e+00,9.090000000000000000e+02,0.000000000000000000e+00
9.100000000000000000e+02,0.000000000000000000e+00,9.100000000000000000e+02,0.000000000000000000e+00
9.110000000000000000e+02,0.000000000000000000e+00,9.110000000000000000e+02,0.000000000000000000e+00
9.120000000000000000e+02,0.000000000000000000e+00,9.120000000000000000e+02,0.000000000000000000e+00
9.130000000000000000e+02,0.000000000000000000e+00,9.130000000000000000e+02,0.000000000000000000e+00
9.140000000000000000e+02,0.000000000000000000e+00,9.140000000000000000e+02,0.000000000000000000e+00
9.150000000000000000e+02,0.000000000000000000e+00,9.150000000000000000e+02,0.000000000000000000e+00
9.160000000000000000e+02,0.000000000000000000e+00,9.160000000000000000e+02,0.000000000000000000e+00
9.170000000000000000e+02,0.000000000000000000e+00,9.170000000000000000e+02,0.000000000000000000e+00
9.180000000000000000e+02,0.000000000000000000e+00,9.180000000000000000e+02,0.000000000000000000e+00
9.190000000000000000e+02,0.000000000000000000e+00,9.190000000000000000e+02,0.000000000000000000e+00
9.200000000000000000e+02,0.000000000000000000e+00,9.200000000000000000e+02,0.000000000000000000e+00
9.210000000000000000e+02,0.000000000000000000e+00,9.210000000000000000e+02,0.000000000000000000e+00
9.220000000000000000e+02,0.000000000000000000e+00,9.220000000000000000e+02,0.000000000000000000e+00
9.230000000000000000e+02,0.000000000000000000e+00,9.230000000000000000e+02,0.000000000000000000e+00
9.240000000000000000e+02,0.000000000000000000e+00,9.240000000000000000e+02,0.000000000000000000e+00
9.250000000000000000e+02,0.000000000000000000e+00,9.250000000000000000e+02,0.000000000000000000e+00
9.260000000000000000e+02,0.000000000000000000e+00,9.260000000000000000e+02,0.000000000000000000e+00
9.270000000000000000e+02,0.000000000000000000e+00,9.270000000000000000e+02,0.000000000000000000e+00
9.280000000000000000e+02,0.000000000000000000e+00,9.280000000000000000e+02,0.000000000000000000e+00
9.290000000000000000e+02,0.000000000000000000e+00,9.290000000000000000e+02,0.000000000000000000e+00
9.300000000000000000e+02,0.000000000000000000e+00,9.300000000000000000e+02,0.000000000000000000e+00
9.310000000000000000e+02,0.000000000000000000e+00,9.310000000000000000e+02,0.000000000000000000e+00
9.320000000000000000e+02,0.000000000000000000e+00,9.320000000000000000e+02,0.000000000000000000e+00
9.330000000000000000e+02,0.000000000000000000e+00,9.330000000000000000e+02,0.000000000000000000e+00
9.340000000000000000e+02,0.000000000000000000e+00,9.340000000000000000e+02,0.000000000000000000e+00
9.350000000000000000e+02,0.000000000000000000e+00,9.350000000000000000e+02,0.000000000000000000e+00
9.360000000000000000e+02,0.000000000000000000e+00,9.360000000000000000e+02,0.000000000000000000e+00
9.370000000000000000e+02,0.000000000000000000e+00,9.370000000000000000e+02,0.000000000000000000e+00
9.380000000000000000e+02,0.000000000000000000e+00,9.380000000000000000e+02,0.000000000000000000e+00
9.390000000000000000e+02,0.000000000000000000e+00,9.390000000000000000e+02,0.000000000000000000e+00
9.400000000000000000e+02,0.000000000000000000e+00,9.400000000000000000e+02,0.000000000000000000e+00
9.410000000000000000e+02,0.000000000000000000e+00,9.410000000000000000e+02,0.000000000000000000e+00
9.420000000000000000e+02,0.000000000000000000e+00,9.420000000000000000e+02,0.000000000000000000e+00
9.430000000000000000e+02,0.000000000000000000e+00,9.430000000000000000e+02,0.000000000000000000e+00
9.440000000000000000e+02,0.000000000000000000e+00,9.440000000000000000e+02,0.000000000000000000e+00
9.450000000000000000e+02,0.000000000000000000e+00,9.450000000000000000e+02,0.000000000000000000e+00
9.460000000000000000e+02,0.000000000000000000e+00,9.460000000000000000e+02,0.000000000000000000e+00
9.470000000000000000e+02,0.000000000000000000e+00,9.470000000000000000e+02,0.000000000000000000e+00
9.480000000000000000e+02,0.000000000000000000e+00,9.480000000000000000e+02,0.000000000000000000e+00
9.490000000000000000e+02,0.000000000000000000e+00,9.490000000000000000e+02,0.000000000000000000e+00
9.500000000000000000e+02,0.000000000000000000e+00,9.500000000000000000e+02,0.000000000000000000e+00
9.510000000000000000e+02,0.000000000000000000e+00,9.510000000000000000e+02,0.000000000000000000e+00
9.520000000000000000e+02,0.000000000000000000e+00,9.520000000000000000e+02,0.000000000000000000e+00
9.530000000000000000e+02,0.000000000000000000e+00,9.530000000000000000e+02,0.000000000000000000e+00
9.540000000000000000e+02,0.000000000000000000e+00,9.540000000000000000e+02,0.000000000000000000e+00
9.550000000000000000e+02,0.000000000000000000e+00,9.550000000000000000e+02,0.000000000000000000e+00
9.560000000000000000e+02,0.000000000000000000e+00,9.560000000000000000e+02,0.000000000000000000e+00
9.570000000000000000e+02,0.000000000000000000e+00,9.570000000000000000e+02,0.000000000000000000e+00
9.580000000000000000e+02,0.000000000000000000e+00,9.580000000000000000e+02,0.000000000000000000e+00
9.590000000000000000e+02,0.000000000000000000e+00,9.590000000000000000e+02,0.000000000000000000e+00
9.600000000000000000e+02,0.000000000000000000e+00,9.600000000000000000e+02,0.000000000000000000e+00
9.610000000000000000e+02,0.000000000000000000e+00,9.610000000000000000e+02,0.000000000000000000e+00
9.620000000000000000e+02,0.000000000000000000e+00,9.620000000000000000e+02,0.000000000000000000e+00
9.630000000000000000e+02,0.000000000000000000e+00,9.630000000000000000e+02,0.000000000000000000e+00
9.640000000000000000e+02,0.000000000000000000e+00,9.640000000000000000e+02,0.000000000000000000e+00
9.650000000000000000e+02,0.000000000000000000e+00,9.650000000000000000e+02,0.000000000000000000e+00
9.660000000000000000e+02,0.000000000000000000e+00,9.660000000000000000e+02,0.000000000000000000e+00
9.670000000000000000e+02,0.000000000000000000e+00,9.670000000000000000e+02,0.000000000000000000e+00
9.680000000000000000e+02,0.000000000000000000e+00,9.680000000000000000e+02,0.000000000000000000e+00
9.690000000000000000e+02,0.000000000000000000e+00,9.690000000000000000e+02,0.000000000000000000e+00
9.700000000000000000e+02,0.000000000000000000e+00,9.700000000000000000e+02,0.000000000000000000e+00
9.710000000000000000e+02,0.000000000000000000e+00,9.710000000000000000e+02,0.000000000000000000e+00
9.720000000000000000e+02,0.000000000000000000e+00,9.720000000000000000e+02,0.000000000000000000e+00
9.730000000000000000e+02,0.000000000000000000e+00,9.730000000000000000e+02,0.000000000000000000e+00
9.740000000000000000e+02,0.000000000000000000e+00,9.740000000000000000e+02,0.000000000000000000e+00
9.750000000000000000e+02,0.000000000000000000e+00,9.750000000000000000e+02,0.000000000000000000e+00
9.760000000000000000e+02,0.000000000000000000e+00,9.760000000000000000e+02,0.000000000000000000e+00
9.770000000000000000e+02,0.000000000000000000e+00,9.770000000000000000e+02,0.000000000000000000e+00
9.780000000000000000e+02,0.000000000000000000e+00,9.780000000000000000e+02,0.000000000000000000e+00
9.790000000000000000e+02,0.000000000000000000e+00,9.790000000000000000e+02,0.000000000000000000e+00
9.800000000000000000e+02,0.000000000000000000e+00,9.800000000000000000e+02,0.000000000000000000e+00
9.810000000000000000e+02,0.000000000000000000e+00,9.810000000000000000e+02,0.000000000000000000e+00
9.820000000000000000e+02,0.000000000000000000e+00,9.820000000000000000e+02,0.000000000000000000e+00
9.830000000000000000e+02,0.000000000000000000e+00,9.830000000000000000e+02,0.000000000000000000e+00
9.840000000000000000e+02,0.000000000000000000e+00,9.840000000000000000e+02,0.000000000000000000e+00
9.850000000000000000e+02,0.000000000000000000e+00,9.850000000000000000e+02,0.000000000000000000e+00
9.860000000000000000e+02,0.000000000000000000e+00,9.860000000000000000e+02,0.000000000000000000e+00
9.870000000000000000e+02,0.000000000000000000e+00,9.870000000000000000e+02,0.000000000000000000e+00
9.880000000000000000e+02,0.000000000000000000e+00,9.880000000000000000e+02,0.000000000000000000e+00
9.890000000000000000e+02,0.000000000000000000e+00,9.890000000000000000e+02,0.000000000000000000e+00
9.900000000000000000e+02,0.000000000000000000e+00,9.900000000000000000e+02,0.000000000000000000e+00
9.910000000000000000e+02,0.000000000000000000e+00,9.910000000000000000e+02,0.000000000000000000e+00
9.920000000000000000e+02,0.000000000000000000e+00,9.920000000000000000e+02,0.000000000000000000e+00
9.930000000000000000e+02,0.000000000000000000e+00,9.930000000000000000e+02,0.000000000000000000e+00
9.940000000000000000e+02,0.000000000000000000e+00,9.940000000000000000e+02,0.000000000000000000e+00
9.950000000000000000e+02,0.000000000000000000e+00,9.950000000000000000e+02,0.000000000000000000e+00
9.960000000000000000e+02,0.000000000000000000e+00,9.960000000000000000e+02,0.000000000000000000e+00
9.970000000000000000e+02,0.000000000000000000e+00,9.970000000000000000e+02,0.000000000000000000e+00
9.980000000000000000e+02,0.000000000000000000e+00,9.980000000000000000e+02,0.000000000000000000e+00
9.990000000000000000e+02,0.000000000000000000e+00,9.990000000000000000e+02,0.000000000000000000e+00
1.000000000000000000e+03,0.000000000000000000e+00,1.000000000000000000e+03,0.000000000000000000e+00
1.001000000000000000e+03,0.000000000000000000e+00,1.001000000000000000e+03,0.000000000000000000e+00
1.002000000000000000e+03,0.000000000000000000e+00,1.002000000000000000e+03,0.000000000000000000e+00
1.003000000000000000e+03,0.000000000000000000e+00,1.003000000000000000e+03,0.000000000000000000e+00
1.004000000000000000e+03,0.000000000000000000e+00,1.004000000000000000e+03,0.000000000000000000e+00
1.005000000000000000e+03,0.000000000000000000e+00,1.005000000000000000e+03,0.000000000000000000e+00
1.006000000000000000e+03,0.000000000000000000e+00,1.006000000000000000e+03,0.000000000000000000e+00
1.007000000000000000e+03,0.000000000000000000e+00,1.007000000000000000e+03,0.000000000000000000e+00
1.008000000000000000e+03,0.000000000000000000e+00,1.008000000000000000e+03,0.000000000000000000e+00
1.009000000000000000e+03,0.000000000000000000e+00,1.009000000000000000e+03,0.000000000000000000e+00
1.010000000000000000e+03,0.000000000000000000e+00,1.010000000000000000e+03,0.000000000000000000e+00
1.011000000000000000e+03,0.000000000000000000e+00,1.011000000000000000e+03,0.000000000000000000e+00
1.012000000000000000e+03,0.000000000000000000e+00,1.012000000000000000e+03,0.000000000000000000e+00
1.013000000000000000e+03,0.000000000000000000e+00,1.013000000000000000e+03,0.000000000000000000e+00
1.014000000000000000e+03,0.000000000000000000e+00,1.014000000000000000e+03,0.000000000000000000e+00
1.015000000000000000e+03,0.000000000000000000e+00,1.015000000000000000e+03,0.000000000000000000e+00
1.016000000000000000e+03,0.000000000000000000e+00,1.016000000000000000e+03,0.000000000000000000e+00
1.017000000000000000e+03,0.000000000000000000e+00,1.017000000000000000e+03,0.000000000000000000e+00
1.018000000000000000e+03,0.000000000000000000e+00,1.018000000000000000e+03,0.000000000000000000e+00
1.019000000000000000e+03,0.000000000000000000e+00,1.019000000000000000e+03,0.000000000000000000e+00
1.020000000000000000e+03,0.000000000000000000e+00,1.020000000000000000e+03,0.000000000000000000e+00
1.021000000000000000e+03,0.000000000000000000e+00,1.021000000000000000e+03,0.000000000000000000e+00
1.022000000000000000e+03,0.000000000000000000e+00,1.022000000000000000e+03,0.000000000000000000e+00
1.023000000000000000e+03,0.000000000000000000e+00,1.023000000000000000e+03,0.000000000000000000e+00
1.024000000000000000e+03,0.000000000000000000e+00,1.024000000000000000e+03,0.000000000000000000e+00
1.025000000000000000e+03,0.000000000000000000e+00,1.025000000000000000e+03,0.000000000000000000e+00
1.026000000000000000e+03,0.000000000000000000e+00,1.026000000000000000e+03,0.000000000000000000e+00
1.027000000000000000e+03,0.000000000000000000e+00,1.027000000000000000e+03,0.000000000000000000e+00
1.028000000000000000e+03,0.000000000000000000e+00,1.028000000000000000e+03,0.000000000000000000e+00
1.029000000000000000e+03,0.000000000000000000e+00,1.029000000000000000e+03,0.000000000000000000e+00
1.030000000000000000e+03,0.000000000000000000e+00,1.030000000000000000e+03,0.000000000000000000e+00
1.031000000000000000e+03,0.000000000000000000e+00,1.031000000000000000e+03,0.000000000000000000e+00
1.032000000000000000e+03,0.000000000000000000e+00,1.032000000000000000e+03,0.000000000000000000e+00
1.033000000000000000e+03,0.000000000000000000e+00,1.033000000000000000e+03,0.000000000000000000e+00
1.034000000000000000e+03,0.000000000000000000e+00,1.034000000000000000e+03,0.000000000000000000e+00
1.035000000000000000e+03,0.000000000000000000e+00,1.035000000000000000e+03,0.000000000000000000e+00
1.036000000000000000e+03,0.000000000000000000e+00,1.036000000000000000e+03,0.000000000000000000e+00
1.037000000000000000e+03,0.000000000000000000e+00,1.037000000000000000e+03,0.000000000000000000e+00
1.038000000000000000e+03,0.000000000000000000e+00,1.038000000000000000e+03,0.000000000000000000e+00
1.039000000000000000e+03,0.000000000000000000e+00,1.039000000000000000e+03,0.000000000000000000e+00
1.040000000000000000e+03,0.000000000000000000e+00,1.040000000000000000e+03,0.000000000000000000e+00
1.041000000000000000e+03,0.000000000000000000e+00,1.041000000000000000e+03,0.000000000000000000e+00
1.042000000000000000e+03,0.000000000000000000e+00,1.042000000000000000e+03,0.000000000000000000e+00
1.043000000000000000e+03,0.000000000000000000e+00,1.043000000000000000e+03,0.000000000000000000e+00
1.044000000000000000e+03,0.000000000000000000e+00,1.044000000000000000e+03,0.000000000000000000e+00
1.045000000000000000e+03,0.000000000000000000e+00,1.045000000000000000e+03,0.000000000000000000e+00
1.046000000000000000e+03,0.000000000000000000e+00,1.046000000000000000e+03,0.000000000000000000e+00
1.047000000000000000e+03,0.000000000000000000e+00,1.047000000000000000e+03,0.000000000000000000e+00
1.048000000000000000e+03,0.000000000000000000e+00,1.048000000000000000e+03,0.000000000000000000e+00
1.049000000000000000e+03,0.000000000000000000e+00,1.049000000000000000e+03,0.000000000000000000e+00
1.050000000000000000e+03,0.000000000000000000e+00,1.050000000000000000e+03,0.000000000000000000e+00
1.051000000000000000e+03,0.000000000000000000e+00,1.051000000000000000e+03,0.000000000000000000e+00
1.052000000000000000e+03,0.000000000000000000e+00,1.052000000000000000e+03,0.000000000000000000e+00
1.053000000000000000e+03,0.000000000000000000e+00,1.053000000000000000e+03,0.000000000000000000e+00
1.054000000000000000e+03,0.000000000000000000e+00,1.054000000000000000e+03,0.000000000000000000e+00
1.055000000000000000e+03,0.000000000000000000e+00,1.055000000000000000e+03,0.000000000000000000e+00
1.056000000000000000e+03,0.000000000000000000e+00,1.056000000000000000e+03,0.000000000000000000e+00
1.057000000000000000e+03,0.000000000000000000e+00,1.057000000000000000e+03,0.000000000000000000e+00
1.058000000000000000e+03,0.000000000000000000e+00,1.058000000000000000e+03,0.000000000000000000e+00
1.059000000000000000e+03,0.000000000000000000e+00,1.059000000000000000e+03,0.000000000000000000e+00
1.060000000000000000e+03,0.000000000000000000e+00,1.060000000000000000e+03,0.000000000000000000e+00
1.061000000000000000e+03,0.000000000000000000e+00,1.061000000000000000e+03,0.000000000000000000e+00
1.062000000000000000e+03,0.000000000000000000e+00,1.062000000000000000e+03,0.000000000000000000e+00
1.063000000000000000e+03,0.000000000000000000e+00,1.063000000000000000e+03,0.000000000000000000e+00
1.064000000000000000e+03,0.000000000000000000e+00,1.064000000000000000e+03,0.000000000000000000e+00
1.065000000000000000e+03,0.000000000000000000e+00,1.065000000000000000e+03,0.000000000000000000e+00
1.066000000000000000e+03,0.000000000000000000e+00,1.066000000000000000e+03,0.000000000000000000e+00
1.067000000000000000e+03,0.000000000000000000e+00,1.067000000000000000e+03,0.000000000000000000e+00
1.068000000000000000e+03,0.000000000000000000e+00,1.068000000000000000e+03,0.000000000000000000e+00
1.069000000000000000e+03,0.000000000000000000e+00,1.069000000000000000e+03,0.000000000000000000e+00
1.070000000000000000e+03,0.000000000000000000e+00,1.070000000000000000e+03,0.000000000000000000e+00
1.071000000000000000e+03,0.000000000000000000e+00,1.071000000000000000e+03,0.000000000000000000e+00
1.072000000000000000e+03,0.000000000000000000e+00,1.072000000000000000e+03,0.000000000000000000e+00
1.073000000000000000e+03,0.000000000000000000e+00,1.073000000000000000e+03,0.000000000000000000e+00
1.074000000000000000e+03,0.000000000000000000e+00,1.074000000000000000e+03,0.000000000000000000e+00
1.075000000000000000e+03,0.000000000000000000e+00,1.075000000000000000e+03,0.000000000000000000e+00
1.076000000000000000e+03,0.000000000000000000e+00,1.076000000000000000e+03,0.000000000000000000e+00
1.077000000000000000e+03,0.000000000000000000e+00,1.077000000000000000e+03,0.000000000000000000e+00
1.078000000000000000e+03,0.000000000000000000e+00,1.078000000000000000e+03,0.000000000000000000e+00
1.079000000000000000e+03,0.000000000000000000e+00,1.079000000000000000e+03,0.000000000000000000e+00
1.080000000000000000e+03,0.000000000000000000e+00,1.080000000000000000e+03,0.000000000000000000e+00
1.081000000000000000e+03,0.000000000000000000e+00,1.081000000000000000e+03,0.000000000000000000e+00
1.082000000000000000e+03,0.000000000000000000e+00,1.082000000000000000e+03,0.000000000000000000e+00
1.083000000000000000e+03,0.000000000000000000e+00,1.083000000000000000e+03,0.000000000000000000e+00
1.084000000000000000e+03,0.000000000000000000e+00,1.084000000000000000e+03,0.000000000000000000e+00
1.085000000000000000e+03,0.000000000000000000e+00,1.085000000000000000e+03,0.000000000000000000e+00
1.086000000000000000e+03,0.000000000000000000e+00,1.086000000000000000e+03,0.000000000000000000e+00
1.087000000000000000e+03,0.000000000000000000e+00,1.087000000000000000e+03,0.000000000000000000e+00
1.088000000000000000e+03,0.000000000000000000e+00,1.088000000000000000e+03,0.000000000000000000e+00
1.089000000000000000e+03,0.000000000000000000e+00,1.089000000000000000e+03,0.000000000000000000e+00
1.090000000000000000e+03,0.000000000000000000e+00,1.090000000000000000e+03,0.000000000000000000e+00
1.091000000000000000e+03,0.000000000000000000e+00,1.091000000000000000e+03,0.000000000000000000e+00
1.092000000000000000e+03,0.000000000000000000e+00,1.092000000000000000e+03,0.000000000000000000e+00
1.093000000000000000e+03,0.000000000000000000e+00,1.093000000000000000e+03,0.000000000000000000e+00
1.094000000000000000e+03,0.000000000000000000e+00,1.094000000000000000e+03,0.000000000000000000e+00
1.095000000000000000e+03,0.000000000000000000e+00,1.095000000000000000e+03,0.000000000000000000e+00
1.096000000000000000e+03,0.000000000000000000e+00,1.096000000000000000e+03,0.000000000000000000e+00
1.097000000000000000e+03,0.000000000000000000e+00,1.097000000000000000e+03,0.000000000000000000e+00
1.098000000000000000e+03,0.000000000000000000e+00,1.098000000000000000e+03,0.000000000000000000e+00
1.099000000000000000e+03,0.000000000000000000e+00,1.099000000000000000e+03,0.000000000000000000e+00
1.100000000000000000e+03,0.000000000000000000e+00,1.100000000000000000e+03,0.000000000000000000e+00
1.101000000000000000e+03,0.000000000000000000e+00,1.101000000000000000e+03,0.000000000000000000e+00
1.102000000000000000e+03,0.000000000000000000e+00,1.102000000000000000e+03,0.000000000000000000e+00
1.103000000000000000e+03,0.000000000000000000e+00,1.103000000000000000e+03,0.000000000000000000e+00
1.104000000000000000e+03,0.000000000000000000e+00,1.104000000000000000e+03,0.000000000000000000e+00
1.105000000000000000e+03,0.000000000000000000e+00,1.105000000000000000e+03,0.000000000000000000e+00
1.106000000000000000e+03,0.000000000000000000e+00,1.106000000000000000e+03,0.000000000000000000e+00
1.107000000000000000e+03,0.000000000000000000e+00,1.107000000000000000e+03,0.000000000000000000e+00
1.108000000000000000e+03,0.000000000000000000e+00,1.108000000000000000e+03,0.000000000000000000e+00
1.109000000000000000e+03,0.000000000000000000e+00,1.109000000000000000e+03,0.000000000000000000e+00
1.110000000000000000e+03,0.000000000000000000e+00,1.110000000000000000e+03,0.000000000000000000e+00
1.111000000000000000e+03,0.000000000000000000e+00,1.111000000000000000e+03,0.000000000000000000e+00
1.112000000000000000e+03,0.000000000000000000e+00,1.112000000000000000e+03,0.000000000000000000e+00
1.113000000000000000e+03,0.000000000000000000e+00,1.113000000000000000e+03,0.000000000000000000e+00
1.114000000000000000e+03,0.000000000000000000e+00,1.114000000000000000e+03,0.000000000000000000e+00
1.115000000000000000e+03,0.000000000000000000e+00,1.115000000000000000e+03,0.000000000000000000e+00
1.116000000000000000e+03,0.000000000000000000e+00,1.116000000000000000e+03,0.000000000000000000e+00
1.117000000000000000e+03,0.000000000000000000e+00,1.117000000000000000e+03,0.000000000000000000e+00
1.118000000000000000e+03,0.000000000000000000e+00,1.118000000000000000e+03,0.000000000000000000e+00
1.119000000000000000e+03,0.000000000000000000e+00,1.119000000000000000e+03,0.000000000000000000e+00
1.120000000000000000e+03,0.000000000000000000e+00,1.120000000000000000e+03,0.000000000000000000e+00
1.121000000000000000e+03,0.000000000000000000e+00,1.121000000000000000e+03,0.000000000000000000e+00
1.122000000000000000e+03,0.000000000000000000e+00,1.122000000000000000e+03,0.000000000000000000e+00
1.123000000000000000e+03,0.000000000000000000e+00,1.123000000000000000e+03,0.000000000000000000e+00
1.124000000000000000e+03,0.000000000000000000e+00,1.124000000000000000e+03,0.000000000000000000e+00
1.125000000000000000e+03,0.000000000000000000e+00,1.125000000000000000e+03,0.000000000000000000e+00
1.126000000000000000e+03,0.000000000000000000e+00,1.126000000000000000e+03,0.000000000000000000e+00
1.127000000000000000e+03,0.000000000000000000e+00,1.127000000000000000e+03,0.000000000000000000e+00
1.128000000000000000e+03,0.000000000000000000e+00,1.128000000000000000e+03,0.000000000000000000e+00
1.129000000000000000e+03,0.000000000000000000e+00,1.129000000000000000e+03,0.000000000000000000e+00
1.130000000000000000e+03,0.000000000000000000e+00,1.130000000000000000e+03,0.000000000000000000e+00
1.131000000000000000e+03,0.000000000000000000e+00,1.131000000000000000e+03,0.000000000000000000e+00
1.132000000000000000e+03,0.000000000000000000e+00,1.132000000000000000e+03,0.000000000000000000e+00
1.133000000000000000e+03,0.000000000000000000e+00,1.133000000000000000e+03,0.000000000000000000e+00
1.134000000000000000e+03,0.000000000000000000e+00,1.134000000000000000e+03,0.000000000000000000e+00
1.135000000000000000e+03,0.000000000000000000e+00,1.135000000000000000e+03,0.000000000000000000e+00
1.136000000000000000e+03,0.000000000000000000e+00,1.136000000000000000e+03,0.000000000000000000e+00
1.137000000000000000e+03,0.000000000000000000e+00,1.137000000000000000e+03,0.000000000000000000e+00
1.138000000000000000e+03,0.000000000000000000e+00,1.138000000000000000e+03,0.000000000000000000e+00
1.139000000000000000e+03,0.000000000000000000e+00,1.139000000000000000e+03,0.000000000000000000e+00
1.140000000000000000e+03,0.000000000000000000e+00,1.140000000000000000e+03,0.000000000000000000e+00
1.141000000000000000e+03,0.000000000000000000e+00,1.141000000000000000e+03,0.000000000000000000e+00
1.142000000000000000e+03,0.000000000000000000e+00,1.142000000000000000e+03,0.000000000000000000e+00
1.143000000000000000e+03,0.000000000000000000e+00,1.143000000000000000e+03,0.000000000000000000e+00
1.144000000000000000e+03,0.000000000000000000e+00,1.144000000000000000e+03,0.000000000000000000e+00
1.145000000000000000e+03,0.000000000000000000e+00,1.145000000000000000e+03,0.000000000000000000e+00
1.146000000000000000e+03,0.000000000000000000e+00,1.146000000000000000e+03,0.000000000000000000e+00
1.147000000000000000e+03,0.000000000000000000e+00,1.147000000000000000e+03,0.000000000000000000e+00
1.148000000000000000e+03,0.000000000000000000e+00,1.148000000000000000e+03,0.000000000000000000e+00
1.149000000000000000e+03,0.000000000000000000e+00,1.149000000000000000e+03,0.000000000000000000e+00
1.150000000000000000e+03,0.000000000000000000e+00,1.150000000000000000e+03,0.000000000000000000e+00
1.151000000000000000e+03,0.000000000000000000e+00,1.151000000000000000e+03,0.000000000000000000e+00
1.152000000000000000e+03,0.000000000000000000e+00,1.152000000000000000e+03,0.000000000000000000e+00
1.153000000000000000e+03,0.000000000000000000e+00,1.153000000000000000e+03,0.000000000000000000e+00
1.154000000000000000e+03,0.000000000000000000e+00,1.154000000000000000e+03,0.000000000000000000e+00
1.155000000000000000e+03,0.000000000000000000e+00,1.155000000000000000e+03,0.000000000000000000e+00
1.156000000000000000e+03,0.000000000000000000e+00,1.156000000000000000e+03,0.000000000000000000e+00
1.157000000000000000e+03,0.000000000000000000e+00,1.157000000000000000e+03,0.000000000000000000e+00
1.158000000000000000e+03,0.000000000000000000e+00,1.158000000000000000e+03,0.000000000000000000e+00
1.159000000000000000e+03,0.000000000000000000e+00,1.159000000000000000e+03,0.000000000000000000e+00
1.160000000000000000e+03,0.000000000000000000e+00,1.160000000000000000e+03,0.000000000000000000e+00
1.161000000000000000e+03,0.000000000000000000e+00,1.161000000000000000e+03,0.000000000000000000e+00
1.162000000000000000e+03,0.000000000000000000e+00,1.162000000000000000e+03,0.000000000000000000e+00
1.163000000000000000e+03,0.000000000000000000e+00,1.163000000000000000e+03,0.000000000000000000e+00
1.164000000000000000e+03,0.000000000000000000e+00,1.164000000000000000e+03,0.000000000000000000e+00
1.165000000000000000e+03,0.000000000000000000e+00,1.165000000000000000e+03,0.000000000000000000e+00
1.166000000000000000e+03,0.000000000000000000e+00,1.166000000000000000e+03,0.000000000000000000e+00
1.167000000000000000e+03,0.000000000000000000e+00,1.167000000000000000e+03,0.000000000000000000e+00
1.168000000000000000e+03,0.000000000000000000e+00,1.168000000000000000e+03,0.000000000000000000e+00
1.169000000000000000e+03,0.000000000000000000e+00,1.169000000000000000e+03,0.000000000000000000e+00
1.170000000000000000e+03,0.000000000000000000e+00,1.170000000000000000e+03,0.000000000000000000e+00
1.171000000000000000e+03,0.000000000000000000e+00,1.171000000000000000e+03,0.000000000000000000e+00
1.172000000000000000e+03,0.000000000000000000e+00,1.172000000000000000e+03,0.000000000000000000e+00
1.173000000000000000e+03,0.000000000000000000e+00,1.173000000000000000e+03,0.000000000000000000e+00
1.174000000000000000e+03,0.000000000000000000e+00,1.174000000000000000e+03,0.000000000000000000e+00
1.175000000000000000e+03,0.000000000000000000e+00,1.175000000000000000e+03,0.000000000000000000e+00
1.176000000000000000e+03,0.000000000000000000e+00,1.176000000000000000e+03,0.000000000000000000e+00
1.177000000000000000e+03,0.000000000000000000e+00,1.177000000000000000e+03,0.000000000000000000e+00
1.178000000000000000e+03,0.000000000000000000e+00,1.178000000000000000e+03,0.000000000000000000e+00
1.179000000000000000e+03,0.000000000000000000e+00,1.179000000000000000e+03,0.000000000000000000e+00
1.180000000000000000e+03,0.000000000000000000e+00,1.180000000000000000e+03,0.000000000000000000e+00
1.181000000000000000e+03,0.000000000000000000e+00,1.181000000000000000e+03,0.000000000000000000e+00
1.182000000000000000e+03,0.000000000000000000e+00,1.182000000000000000e+03,0.000000000000000000e+00
1.183000000000000000e+03,0.000000000000000000e+00,1.183000000000000000e+03,0.000000000000000000e+00
1.184000000000000000e+03,0.000000000000000000e+00,1.184000000000000000e+03,0.000000000000000000e+00
1.185000000000000000e+03,0.000000000000000000e+00,1.185000000000000000e+03,0.000000000000000000e+00
1.186000000000000000e+03,0.000000000000000000e+00,1.186000000000000000e+03,0.000000000000000000e+00
1.187000000000000000e+03,0.000000000000000000e+00,1.187000000000000000e+03,0.000000000000000000e+00
1.188000000000000000e+03,0.000000000000000000e+00,1.188000000000000000e+03,0.000000000000000000e+00
1.189000000000000000e+03,0.000000000000000000e+00,1.189000000000000000e+03,0.000000000000000000e+00
1.190000000000000000e+03,0.000000000000000000e+00,1.190000000000000000e+03,0.000000000000000000e+00
1.191000000000000000e+03,0.000000000000000000e+00,1.191000000000000000e+03,0.000000000000000000e+00
1.192000000000000000e+03,0.000000000000000000e+00,1.192000000000000000e+03,0.000000000000000000e+00
1.193000000000000000e+03,0.000000000000000000e+00,1.193000000000000000e+03,0.000000000000000000e+00
1.194000000000000000e+03,0.000000000000000000e+00,1.194000000000000000e+03,0.000000000000000000e+00
1.195000000000000000e+03,0.000000000000000000e+00,1.195000000000000000e+03,0.000000000000000000e+00
1.196000000000000000e+03,0.000000000000000000e+00,1.196000000000000000e+03,0.000000000000000000e+00
1.197000000000000000e+03,0.000000000000000000e+00,1.197000000000000000e+03,0.000000000000000000e+00
1.198000000000000000e+03,0.000000000000000000e+00,1.198000000000000000e+03,0.000000000000000000e+00
1.199000000000000000e+03,0.000000000000000000e+00,1.199000000000000000e+03,0.000000000000000000e+00
1.200000000000000000e+03,0.000000000000000000e+00,1.200000000000000000e+03,0.000000000000000000e+00
1.201000000000000000e+03,0.000000000000000000e+00,1.201000000000000000e+03,0.000000000000000000e+00
1.202000000000000000e+03,0.000000000000000000e+00,1.202000000000000000e+03,0.000000000000000000e+00
1.203000000000000000e+03,0.000000000000000000e+00,1.203000000000000000e+03,0.000000000000000000e+00
1.204000000000000000e+03,0.000000000000000000e+00,1.204000000000000000e+03,0.000000000000000000e+00
1.205000000000000000e+03,0.000000000000000000e+00,1.205000000000000000e+03,0.000000000000000000e+00
1.206000000000000000e+03,0.000000000000000000e+00,1.206000000000000000e+03,0.000000000000000000e+00
1.207000000000000000e+03,0.000000000000000000e+00,1.207000000000000000e+03,0.000000000000000000e+00
1.208000000000000000e+03,0.000000000000000000e+00,1.208000000000000000e+03,0.000000000000000000e+00
1.209000000000000000e+03,0.000000000000000000e+00,1.209000000000000000e+03,0.000000000000000000e+00
1.210000000000000000e+03,0.000000000000000000e+00,1.210000000000000000e+03,0.000000000000000000e+00
1.211000000000000000e+03,0.000000000000000000e+00,1.211000000000000000e+03,0.000000000000000000e+00
1.212000000000000000e+03,0.000000000000000000e+00,1.212000000000000000e+03,0.000000000000000000e+00
1.213000000000000000e+03,0.000000000000000000e+00,1.213000000000000000e+03,0.000000000000000000e+00
1.214000000000000000e+03,0.000000000000000000e+00,1.214000000000000000e+03,0.000000000000000000e+00
1.215000000000000000e+03,0.000000000000000000e+00,1.215000000000000000e+03,0.000000000000000000e+00
1.216000000000000000e+03,0.000000000000000000e+00,1.216000000000000000e+03,0.000000000000000000e+00
1.217000000000000000e+03,0.000000000000000000e+00,1.217000000000000000e+03,0.000000000000000000e+00
1.218000000000000000e+03,0.000000000000000000e+00,1.218000000000000000e+03,0.000000000000000000e+00
1.219000000000000000e+03,0.000000000000000000e+00,1.219000000000000000e+03,0.000000000000000000e+00
1.220000000000000000e+03,0.000000000000000000e+00,1.220000000000000000e+03,0.000000000000000000e+00
1.221000000000000000e+03,0.000000000000000000e+00,1.221000000000000000e+03,0.000000000000000000e+00
1.222000000000000000e+03,0.000000000000000000e+00,1.222000000000000000e+03,0.000000000000000000e+00
1.223000000000000000e+03,0.000000000000000000e+00,1.223000000000000000e+03,0.000000000000000000e+00
1.224000000000000000e+03,0.000000000000000000e+00,1.224000000000000000e+03,0.000000000000000000e+00
1.225000000000000000e+03,0.000000000000000000e+00,1.225000000000000000e+03,0.000000000000000000e+00
1.226000000000000000e+03,0.000000000000000000e+00,1.226000000000000000e+03,0.000000000000000000e+00
1.227000000000000000e+03,0.000000000000000000e+00,1.227000000000000000e+03,0.000000000000000000e+00
1.228000000000000000e+03,0.000000000000000000e+00,1.228000000000000000e+03,0.000000000000000000e+00
1.229000000000000000e+03,0.000000000000000000e+00,1.229000000000000000e+03,0.000000000000000000e+00
1.230000000000000000e+03,0.000000000000000000e+00,1.230000000000000000e+03,0.000000000000000000e+00
1.231000000000000000e+03,0.000000000000000000e+00,1.231000000000000000e+03,0.000000000000000000e+00
1.232000000000000000e+03,0.000000000000000000e+00,1.232000000000000000e+03,0.000000000000000000e+00
1.233000000000000000e+03,0.000000000000000000e+00,1.233000000000000000e+03,0.000000000000000000e+00
1.234000000000000000e+03,0.000000000000000000e+00,1.234000000000000000e+03,0.000000000000000000e+00
1.235000000000000000e+03,0.000000000000000000e+00,1.235000000000000000e+03,0.000000000000000000e+00
1.236000000000000000e+03,0.000000000000000000e+00,1.236000000000000000e+03,0.000000000000000000e+00
1.237000000000000000e+03,0.000000000000000000e+00,1.237000000000000000e+03,0.000000000000000000e+00
1.238000000000000000e+03,0.000000000000000000e+00,1.238000000000000000e+03,0.000000000000000000e+00
1.239000000000000000e+03,0.000000000000000000e+00,1.239000000000000000e+03,0.000000000000000000e+00
1.240000000000000000e+03,0.000000000000000000e+00,1.240000000000000000e+03,0.000000000000000000e+00
1.241000000000000000e+03,0.000000000000000000e+00,1.241000000000000000e+03,0.000000000000000000e+00
1.242000000000000000e+03,0.000000000000000000e+00,1.242000000000000000e+03,0.000000000000000000e+00
1.243000000000000000e+03,0.000000000000000000e+00,1.243000000000000000e+03,0.000000000000000000e+00
1.244000000000000000e+03,0.000000000000000000e+00,1.244000000000000000e+03,0.000000000000000000e+00
1.245000000000000000e+03,0.000000000000000000e+00,1.245000000000000000e+03,0.000000000000000000e+00
1.246000000000000000e+03,0.000000000000000000e+00,1.246000000000000000e+03,0.000000000000000000e+00
1.247000000000000000e+03,0.000000000000000000e+00,1.247000000000000000e+03,0.000000000000000000e+00
1.248000000000000000e+03,0.000000000000000000e+00,1.248000000000000000e+03,0.000000000000000000e+00
1.249000000000000000e+03,0.000000000000000000e+00,1.249000000000000000e+03,0.000000000000000000e+00
1.250000000000000000e+03,0.000000000000000000e+00,1.250000000000000000e+03,0.000000000000000000e+00
1.251000000000000000e+03,0.000000000000000000e+00,1.251000000000000000e+03,0.000000000000000000e+00
1.252000000000000000e+03,0.000000000000000000e+00,1.252000000000000000e+03,0.000000000000000000e+00
1.253000000000000000e+03,0.000000000000000000e+00,1.253000000000000000e+03,0.000000000000000000e+00
1.254000000000000000e+03,0.000000000000000000e+00,1.254000000000000000e+03,0.000000000000000000e+00
1.255000000000000000e+03,0.000000000000000000e+00,1.255000000000000000e+03,0.000000000000000000e+00
1.256000000000000000e+03,0.000000000000000000e+00,1.256000000000000000e+03,0.000000000000000000e+00
1.257000000000000000e+03,0.000000000000000000e+00,1.257000000000000000e+03,0.000000000000000000e+00
1.258000000000000000e+03,0.000000000000000000e+00,1.258000000000000000e+03,0.000000000000000000e+00
1.259000000000000000e+03,0.000000000000000000e+00,1.259000000000000000e+03,0.000000000000000000e+00
1.260000000000000000e+03,0.000000000000000000e+00,1.260000000000000000e+03,0.000000000000000000e+00
1.261000000000000000e+03,0.000000000000000000e+00,1.261000000000000000e+03,0.000000000000000000e+00
1.262000000000000000e+03,0.000000000000000000e+00,1.262000000000000000e+03,0.000000000000000000e+00
1.263000000000000000e+03,0.000000000000000000e+00,1.263000000000000000e+03,0.000000000000000000e+00
1.264000000000000000e+03,0.000000000000000000e+00,1.264000000000000000e+03,0.000000000000000000e+00
1.265000000000000000e+03,0.000000000000000000e+00,1.265000000000000000e+03,0.000000000000000000e+00
1.266000000000000000e+03,0.000000000000000000e+00,1.266000000000000000e+03,0.000000000000000000e+00
1.267000000000000000e+03,0.000000000000000000e+00,1.267000000000000000e+03,0.000000000000000000e+00
1.268000000000000000e+03,0.000000000000000000e+00,1.268000000000000000e+03,0.000000000000000000e+00
1.269000000000000000e+03,0.000000000000000000e+00,1.269000000000000000e+03,0.000000000000000000e+00
1.270000000000000000e+03,0.000000000000000000e+00,1.270000000000000000e+03,0.000000000000000000e+00
1.271000000000000000e+03,0.000000000000000000e+00,1.271000000000000000e+03,0.000000000000000000e+00
1.272000000000000000e+03,0.000000000000000000e+00,1.272000000000000000e+03,0.000000000000000000e+00
1.273000000000000000e+03,0.000000000000000000e+00,1.273000000000000000e+03,0.000000000000000000e+00
1.274000000000000000e+03,0.000000000000000000e+00,1.274000000000000000e+03,0.000000000000000000e+00
1.275000000000000000e+03,0.000000000000000000e+00,1.275000000000000000e+03,0.000000000000000000e+00
1.276000000000000000e+03,0.000000000000000000e+00,1.276000000000000000e+03,0.000000000000000000e+00
1.277000000000000000e+03,0.000000000000000000e+00,1.277000000000000000e+03,0.000000000000000000e+00
1.278000000000000000e+03,0.000000000000000000e+00,1.278000000000000000e+03,0.000000000000000000e+00
1.279000000000000000e+03,0.000000000000000000e+00,1.279000000000000000e+03,0.000000000000000000e+00
1.280000000000000000e+03,0.000000000000000000e+00,1.280000000000000000e+03,0.000000000000000000e+00
1.281000000000000000e+03,0.000000000000000000e+00,1.281000000000000000e+03,0.000000000000000000e+00
1.282000000000000000e+03,0.000000000000000000e+00,1.282000000000000000e+03,0.000000000000000000e+00
1.283000000000000000e+03,0.000000000000000000e+00,1.283000000000000000e+03,0.000000000000000000e+00
1.284000000000000000e+03,0.000000000000000000e+00,1.284000000000000000e+03,0.000000000000000000e+00
1.285000000000000000e+03,0.000000000000000000e+00,1.285000000000000000e+03,0.000000000000000000e+00
1.286000000000000000e+03,0.000000000000000000e+00,1.286000000000000000e+03,0.000000000000000000e+00
1.287000000000000000e+03,0.000000000000000000e+00,1.287000000000000000e+03,0.000000000000000000e+00
1.288000000000000000e+03,0.000000000000000000e+00,1.288000000000000000e+03,0.000000000000000000e+00
1.289000000000000000e+03,0.000000000000000000e+00,1.289000000000000000e+03,0.000000000000000000e+00
1.290000000000000000e+03,0.000000000000000000e+00,1.290000000000000000e+03,0.000000000000000000e+00
1.291000000000000000e+03,0.000000000000000000e+00,1.291000000000000000e+03,0.000000000000000000e+00
1.292000000000000000e+03,0.000000000000000000e+00,1.292000000000000000e+03,0.000000000000000000e+00
1.293000000000000000e+03,0.000000000000000000e+00,1.293000000000000000e+03,0.000000000000000000e+00
1.294000000000000000e+03,0.000000000000000000e+00,1.294000000000000000e+03,0.000000000000000000e+00
1.295000000000000000e+03,0.000000000000000000e+00,1.295000000000000000e+03,0.000000000000000000e+00
1.296000000000000000e+03,0.000000000000000000e+00,1.296000000000000000e+03,0.000000000000000000e+00
1.297000000000000000e+03,0.000000000000000000e+00,1.297000000000000000e+03,0.000000000000000000e+00
1.298000000000000000e+03,0.000000000000000000e+00,1.298000000000000000e+03,0.000000000000000000e+00
1.299000000000000000e+03,0.000000000000000000e+00,1.299000000000000000e+03,0.000000000000000000e+00
1.300000000000000000e+03,0.000000000000000000e+00,1.300000000000000000e+03,0.000000000000000000e+00
1.301000000000000000e+03,0.000000000000000000e+00,1.301000000000000000e+03,0.000000000000000000e+00
1.302000000000000000e+03,0.000000000000000000e+00,1.302000000000000000e+03,0.000000000000000000e+00
1.303000000000000000e+03,0.000000000000000000e+00,1.303000000000000000e+03,0.000000000000000000e+00
1.304000000000000000e+03,0.000000000000000000e+00,1.304000000000000000e+03,0.000000000000000000e+00
1.305000000000000000e+03,0.000000000000000000e+00,1.305000000000000000e+03,0.000000000000000000e+00
1.306000000000000000e+03,0.000000000000000000e+00,1.306000000000000000e+03,0.000000000000000000e+00
1.307000000000000000e+03,0.000000000000000000e+00,1.307000000000000000e+03,0.000000000000000000e+00
1.308000000000000000e+03,0.000000000000000000e+00,1.308000000000000000e+03,0.000000000000000000e+00
1.309000000000000000e+03,0.000000000000000000e+00,1.309000000000000000e+03,0.000000000000000000e+00
1.310000000000000000e+03,0.000000000000000000e+00,1.310000000000000000e+03,0.000000000000000000e+00
1.311000000000000000e+03,0.000000000000000000e+00,1.311000000000000000e+03,0.000000000000000000e+00
1.312000000000000000e+03,0.000000000000000000e+00,1.312000000000000000e+03,0.000000000000000000e+00
1.313000000000000000e+03,0.000000000000000000e+00,1.313000000000000000e+03,0.000000000000000000e+00
1.314000000000000000e+03,0.000000000000000000e+00,1.314000000000000000e+03,0.000000000000000000e+00
1.315000000000000000e+03,0.000000000000000000e+00,1.315000000000000000e+03,0.000000000000000000e+00
1.316000000000000000e+03,0.000000000000000000e+00,1.316000000000000000e+03,0.000000000000000000e+00
1.317000000000000000e+03,0.000000000000000000e+00,1.317000000000000000e+03,0.000000000000000000e+00
1.318000000000000000e+03,0.000000000000000000e+00,1.318000000000000000e+03,0.000000000000000000e+00
1.319000000000000000e+03,0.000000000000000000e+00,1.319000000000000000e+03,0.000000000000000000e+00
1.320000000000000000e+03,0.000000000000000000e+00,1.320000000000000000e+03,0.000000000000000000e+00
1.321000000000000000e+03,0.000000000000000000e+00,1.321000000000000000e+03,0.000000000000000000e+00
1.322000000000000000e+03,0.000000000000000000e+00,1.322000000000000000e+03,0.000000000000000000e+00
1.323000000000000000e+03,0.000000000000000000e+00,1.323000000000000000e+03,0.000000000000000000e+00
1.324000000000000000e+03,0.000000000000000000e+00,1.324000000000000000e+03,0.000000000000000000e+00
1.325000000000000000e+03,0.000000000000000000e+00,1.325000000000000000e+03,0.000000000000000000e+00
1.326000000000000000e+03,0.000000000000000000e+00,1.326000000000000000e+03,0.000000000000000000e+00
1.327000000000000000e+03,0.000000000000000000e+00,1.327000000000000000e+03,0.000000000000000000e+00
1.328000000000000000e+03,0.000000000000000000e+00,1.328000000000000000e+03,0.000000000000000000e+00
1.329000000000000000e+03,0.000000000000000000e+00,1.329000000000000000e+03,0.000000000000000000e+00
1.330000000000000000e+03,0.000000000000000000e+00,1.330000000000000000e+03,0.000000000000000000e+00
1.331000000000000000e+03,0.000000000000000000e+00,1.331000000000000000e+03,0.000000000000000000e+00
1.332000000000000000e+03,0.000000000000000000e+00,1.332000000000000000e+03,0.000000000000000000e+00
1.333000000000000000e+03,0.000000000000000000e+00,1.333000000000000000e+03,0.000000000000000000e+00
1.334000000000000000e+03,0.000000000000000000e+00,1.334000000000000000e+03,0.000000000000000000e+00
1.335000000000000000e+03,0.000000000000000000e+00,1.335000000000000000e+03,0.000000000000000000e+00
1.336000000000000000e+03,0.000000000000000000e+00,1.336000000000000000e+03,0.000000000000000000e+00
1.337000000000000000e+03,0.000000000000000000e+00,1.337000000000000000e+03,0.000000000000000000e+00
1.338000000000000000e+03,0.000000000000000000e+00,1.338000000000000000e+03,0.000000000000000000e+00
1.339000000000000000e+03,0.000000000000000000e+00,1.339000000000000000e+03,0.000000000000000000e+00
1.340000000000000000e+03,0.000000000000000000e+00,1.340000000000000000e+03,0.000000000000000000e+00
1.341000000000000000e+03,0.000000000000000000e+00,1.341000000000000000e+03,0.000000000000000000e+00
1.342000000000000000e+03,0.000000000000000000e+00,1.342000000000000000e+03,0.000000000000000000e+00
1.343000000000000000e+03,0.000000000000000000e+00,1.343000000000000000e+03,0.000000000000000000e+00
1.344000000000000000e+03,0.000000000000000000e+00,1.344000000000000000e+03,0.000000000000000000e+00
1.345000000000000000e+03,0.000000000000000000e+00,1.345000000000000000e+03,0.000000000000000000e+00
1.346000000000000000e+03,0.000000000000000000e+00,1.346000000000000000e+03,0.000000000000000000e+00
1.347000000000000000e+03,0.000000000000000000e+00,1.347000000000000000e+03,0.000000000000000000e+00
1.348000000000000000e+03,0.000000000000000000e+00,1.348000000000000000e+03,0.000000000000000000e+00
1.349000000000000000e+03,0.000000000000000000e+00,1.349000000000000000e+03,0.000000000000000000e+00
1.350000000000000000e+03,0.000000000000000000e+00,1.350000000000000000e+03,0.000000000000000000e+00
1.351000000000000000e+03,0.000000000000000000e+00,1.351000000000000000e+03,0.000000000000000000e+00
1.352000000000000000e+03,0.000000000000000000e+00,1.352000000000000000e+03,0.000000000000000000e+00
1.353000000000000000e+03,0.000000000000000000e+00,1.353000000000000000e+03,0.000000000000000000e+00
1.354000000000000000e+03,0.000000000000000000e+00,1.354000000000000000e+03,0.000000000000000000e+00
1.355000000000000000e+03,0.000000000000000000e+00,1.355000000000000000e+03,0.000000000000000000e+00
1.356000000000000000e+03,0.000000000000000000e+00,1.356000000000000000e+03,0.000000000000000000e+00
1.357000000000000000e+03,0.000000000000000000e+00,1.357000000000000000e+03,0.000000000000000000e+00
1.358000000000000000e+03,0.000000000000000000e+00,1.358000000000000000e+03,0.000000000000000000e+00
1.359000000000000000e+03,0.000000000000000000e+00,1.359000000000000000e+03,0.000000000000000000e+00
1.360000000000000000e+03,0.000000000000000000e+00,1.360000000000000000e+03,0.000000000000000000e+00
1.361000000000000000e+03,0.000000000000000000e+00,1.361000000000000000e+03,0.000000000000000000e+00
1.362000000000000000e+03,0.000000000000000000e+00,1.362000000000000000e+03,0.000000000000000000e+00
1.363000000000000000e+03,0.000000000000000000e+00,1.363000000000000000e+03,0.000000000000000000e+00
1.364000000000000000e+03,0.000000000000000000e+00,1.364000000000000000e+03,0.000000000000000000e+00
1.365000000000000000e+03,0.000000000000000000e+00,1.365000000000000000e+03,0.000000000000000000e+00
1.366000000000000000e+03,0.000000000000000000e+00,1.366000000000000000e+03,0.000000000000000000e+00
1.367000000000000000e+03,0.000000000000000000e+00,1.367000000000000000e+03,0.000000000000000000e+00
1.368000000000000000e+03,0.000000000000000000e+00,1.368000000000000000e+03,0.000000000000000000e+00
1.369000000000000000e+03,0.000000000000000000e+00,1.369000000000000000e+03,0.000000000000000000e+00
1.370000000000000000e+03,0.000000000000000000e+00,1.370000000000000000e+03,0.000000000000000000e+00
1.371000000000000000e+03,0.000000000000000000e+00,1.371000000000000000e+03,0.000000000000000000e+00
1.372000000000000000e+03,0.000000000000000000e+00,1.372000000000000000e+03,0.000000000000000000e+00
1.373000000000000000e+03,0.000000000000000000e+00,1.373000000000000000e+03,0.000000000000000000e+00
1.374000000000000000e+03,0.000000000000000000e+00,1.374000000000000000e+03,0.000000000000000000e+00
1.375000000000000000e+03,0.000000000000000000e+00,1.375000000000000000e+03,0.000000000000000000e+00
1.376000000000000000e+03,0.000000000000000000e+00,1.376000000000000000e+03,0.000000000000000000e+00
1.377000000000000000e+03,0.000000000000000000e+00,1.377000000000000000e+03,0.000000000000000000e+00
1.378000000000000000e+03,0.000000000000000000e+00,1.378000000000000000e+03,0.000000000000000000e+00
1.379000000000000000e+03,0.000000000000000000e+00,1.379000000000000000e+03,0.000000000000000000e+00
1.380000000000000000e+03,0.000000000000000000e+00,1.380000000000000000e+03,0.000000000000000000e+00
1.381000000000000000e+03,0.000000000000000000e+00,1.381000000000000000e+03,0.000000000000000000e+00
1.382000000000000000e+03,0.000000000000000000e+00,1.382000000000000000e+03,0.000000000000000000e+00
1.383000000000000000e+03,0.000000000000000000e+00,1.383000000000000000e+03,0.000000000000000000e+00
1.384000000000000000e+03,0.000000000000000000e+00,1.384000000000000000e+03,0.000000000000000000e+00
1.385000000000000000e+03,0.000000000000000000e+00,1.385000000000000000e+03,0.000000000000000000e+00
1.386000000000000000e+03,0.000000000000000000e+00,1.386000000000000000e+03,0.000000000000000000e+00
1.387000000000000000e+03,0.000000000000000000e+00,1.387000000000000000e+03,0.000000000000000000e+00
1.388000000000000000e+03,0.000000000000000000e+00,1.388000000000000000e+03,0.000000000000000000e+00
1.389000000000000000e+03,0.000000000000000000e+00,1.389000000000000000e+03,0.000000000000000000e+00
1.390000000000000000e+03,0.000000000000000000e+00,1.390000000000000000e+03,0.000000000000000000e+00
1.391000000000000000e+03,0.000000000000000000e+00,1.391000000000000000e+03,0.000000000000000000e+00
1.392000000000000000e+03,0.000000000000000000e+00,1.392000000000000000e+03,0.000000000000000000e+00
1.393000000000000000e+03,0.000000000000000000e+00,1.393000000000000000e+03,0.000000000000000000e+00
1.394000000000000000e+03,0.000000000000000000e+00,1.394000000000000000e+03,0.000000000000000000e+00
1.395000000000000000e+03,0.000000000000000000e+00,1.395000000000000000e+03,0.000000000000000000e+00
1.396000000000000000e+03,0.000000000000000000e+00,1.396000000000000000e+03,0.000000000000000000e+00
1.397000000000000000e+03,0.000000000000000000e+00,1.397000000000000000e+03,0.000000000000000000e+00
1.398000000000000000e+03,0.000000000000000000e+00,1.398000000000000000e+03,0.000000000000000000e+00
1.399000000000000000e+03,0.000000000000000000e+00,1.399000000000000000e+03,0.000000000000000000e+00
1.400000000000000000e+03,0.000000000000000000e+00,1.400000000000000000e+03,0.000000000000000000e+00
1.401000000000000000e+03,0.000000000000000000e+00,1.401000000000000000e+03,0.000000000000000000e+00
1.402000000000000000e+03,0.000000000000000000e+00,1.402000000000000000e+03,0.000000000000000000e+00
1.403000000000000000e+03,0.000000000000000000e+00,1.403000000000000000e+03,0.000000000000000000e+00
1.404000000000000000e+03,0.000000000000000000e+00,1.404000000000000000e+03,0.000000000000000000e+00
1.405000000000000000e+03,0.000000000000000000e+00,1.405000000000000000e+03,0.000000000000000000e+00
1.406000000000000000e+03,0.000000000000000000e+00,1.406000000000000000e+03,0.000000000000000000e+00
1.407000000000000000e+03,0.000000000000000000e+00,1.407000000000000000e+03,0.000000000000000000e+00
1.408000000000000000e+03,0.000000000000000000e+00,1.408000000000000000e+03,0.000000000000000000e+00
1.409000000000000000e+03,0.000000000000000000e+00,1.409000000000000000e+03,0.000000000000000000e+00
1.410000000000000000e+03,0.000000000000000000e+00,1.410000000000000000e+03,0.000000000000000000e+00
1.411000000000000000e+03,0.000000000000000000e+00,1.411000000000000000e+03,0.000000000000000000e+00
1.412000000000000000e+03,0.000000000000000000e+00,1.412000000000000000e+03,0.000000000000000000e+00
1.413000000000000000e+03,0.000000000000000000e+00,1.413000000000000000e+03,0.000000000000000000e+00
1.414000000000000000e+03,0.000000000000000000e+00,1.414000000000000000e+03,0.000000000000000000e+00
1.415000000000000000e+03,0.000000000000000000e+00,1.415000000000000000e+03,0.000000000000000000e+00
1.416000000000000000e+03,0.000000000000000000e+00,1.416000000000000000e+03,0.000000000000000000e+00
1.417000000000000000e+03,0.000000000000000000e+00,1.417000000000000000e+03,0.000000000000000000e+00
1.418000000000000000e+03,0.000000000000000000e+00,1.418000000000000000e+03,0.000000000000000000e+00
1.419000000000000000e+03,0.000000000000000000e+00,1.419000000000000000e+03,0.000000000000000000e+00
1.420000000000000000e+03,0.000000000000000000e+00,1.420000000000000000e+03,0.000000000000000000e+00
1.421000000000000000e+03,0.000000000000000000e+00,1.421000000000000000e+03,0.000000000000000000e+00
1.422000000000000000e+03,0.000000000000000000e+00,1.422000000000000000e+03,0.000000000000000000e+00
1.423000000000000000e+03,0.000000000000000000e+00,1.423000000000000000e+03,0.000000000000000000e+00
1.424000000000000000e+03,0.000000000000000000e+00,1.424000000000000000e+03,0.000000000000000000e+00
1.425000000000000000e+03,0.000000000000000000e+00,1.425000000000000000e+03,0.000000000000000000e+00
1.426000000000000000e+03,0.000000000000000000e+00,1.426000000000000000e+03,0.000000000000000000e+00
1.427000000000000000e+03,0.000000000000000000e+00,1.427000000000000000e+03,0.000000000000000000e+00
1.428000000000000000e+03,0.000000000000000000e+00,1.428000000000000000e+03,0.000000000000000000e+00
1.429000000000000000e+03,0.000000000000000000e+00,1.429000000000000000e+03,0.000000000000000000e+00
1.430000000000000000e+03,0.000000000000000000e+00,1.430000000000000000e+03,0.000000000000000000e+00
1.431000000000000000e+03,0.000000000000000000e+00,1.431000000000000000e+03,0.000000000000000000e+00
1.432000000000000000e+03,0.000000000000000000e+00,1.432000000000000000e+03,0.000000000000000000e+00
1.433000000000000000e+03,0.000000000000000000e+00,1.433000000000000000e+03,0.000000000000000000e+00
1.434000000000000000e+03,0.000000000000000000e+00,1.434000000000000000e+03,0.000000000000000000e+00
1.435000000000000000e+03,0.000000000000000000e+00,1.435000000000000000e+03,0.000000000000000000e+00
1.436000000000000000e+03,0.000000000000000000e+00,1.436000000000000000e+03,0.000000000000000000e+00
1.437000000000000000e+03,0.000000000000000000e+00,1.437000000000000000e+03,0.000000000000000000e+00
1.438000000000000000e+03,0.000000000000000000e+00,1.438000000000000000e+03,0.000000000000000000e+00
1.439000000000000000e+03,0.000000000000000000e+00,1.439000000000000000e+03,0.000000000000000000e+00
1.440000000000000000e+03,0.000000000000000000e+00,1.440000000000000000e+03,0.000000000000000000e+00
1.441000000000000000e+03,0.000000000000000000e+00,1.441000000000000000e+03,0.000000000000000000e+00
1.442000000000000000e+03,0.000000000000000000e+00,1.442000000000000000e+03,0.000000000000000000e+00
1.443000000000000000e+03,0.000000000000000000e+00,1.443000000000000000e+03,0.000000000000000000e+00
1.444000000000000000e+03,0.000000000000000000e+00,1.444000000000000000e+03,0.000000000000000000e+00
1.445000000000000000e+03,0.000000000000000000e+00,1.445000000000000000e+03,0.000000000000000000e+00
1.446000000000000000e+03,0.000000000000000000e+00,1.446000000000000000e+03,0.000000000000000000e+00
1.447000000000000000e+03,0.000000000000000000e+00,1.447000000000000000e+03,0.000000000000000000e+00
1.448000000000000000e+03,0.000000000000000000e+00,1.448000000000000000e+03,0.000000000000000000e+00
1.449000000000000000e+03,0.000000000000000000e+00,1.449000000000000000e+03,0.000000000000000000e+00
1.450000000000000000e+03,0.000000000000000000e+00,1.450000000000000000e+03,0.000000000000000000e+00
1.451000000000000000e+03,0.000000000000000000e+00,1.451000000000000000e+03,0.000000000000000000e+00
1.452000000000000000e+03,0.000000000000000000e+00,1.452000000000000000e+03,0.000000000000000000e+00
1.453000000000000000e+03,0.000000000000000000e+00,1.453000000000000000e+03,0.000000000000000000e+00
1.454000000000000000e+03,0.000000000000000000e+00,1.454000000000000000e+03,0.000000000000000000e+00
1.455000000000000000e+03,0.000000000000000000e+00,1.455000000000000000e+03,0.000000000000000000e+00
1.456000000000000000e+03,0.000000000000000000e+00,1.456000000000000000e+03,0.000000000000000000e+00
1.457000000000000000e+03,0.000000000000000000e+00,1.457000000000000000e+03,0.000000000000000000e+00
1.458000000000000000e+03,0.000000000000000000e+00,1.458000000000000000e+03,0.000000000000000000e+00
1.459000000000000000e+03,0.000000000000000000e+00,1.459000000000000000e+03,0.000000000000000000e+00
1.460000000000000000e+03,0.000000000000000000e+00,1.460000000000000000e+03,0.000000000000000000e+00
1.461000000000000000e+03,0.000000000000000000e+00,1.461000000000000000e+03,0.000000000000000000e+00
1.462000000000000000e+03,0.000000000000000000e+00,1.462000000000000000e+03,0.000000000000000000e+00
1.463000000000000000e+03,0.000000000000000000e+00,1.463000000000000000e+03,0.000000000000000000e+00
1.464000000000000000e+03,0.000000000000000000e+00,1.464000000000000000e+03,0.000000000000000000e+00
1.465000000000000000e+03,0.000000000000000000e+00,1.465000000000000000e+03,0.000000000000000000e+00
1.466000000000000000e+03,0.000000000000000000e+00,1.466000000000000000e+03,0.000000000000000000e+00
1.467000000000000000e+03,0.000000000000000000e+00,1.467000000000000000e+03,0.000000000000000000e+00
1.468000000000000000e+03,0.000000000000000000e+00,1.468000000000000000e+03,0.000000000000000000e+00
1.469000000000000000e+03,0.000000000000000000e+00,1.469000000000000000e+03,0.000000000000000000e+00
1.470000000000000000e+03,0.000000000000000000e+00,1.470000000000000000e+03,0.000000000000000000e+00
1.471000000000000000e+03,0.000000000000000000e+00,1.471000000000000000e+03,0.000000000000000000e+00
1.472000000000000000e+03,0.000000000000000000e+00,1.472000000000000000e+03,0.000000000000000000e+00
1.473000000000000000e+03,0.000000000000000000e+00,1.473000000000000000e+03,0.000000000000000000e+00
1.474000000000000000e+03,0.000000000000000000e+00,1.474000000000000000e+03,0.000000000000000000e+00
1.475000000000000000e+03,0.000000000000000000e+00,1.475000000000000000e+03,0.000000000000000000e+00
1.476000000000000000e+03,0.000000000000000000e+00,1.476000000000000000e+03,0.000000000000000000e+00
1.477000000000000000e+03,0.000000000000000000e+00,1.477000000000000000e+03,0.000000000000000000e+00
1.478000000000000000e+03,0.000000000000000000e+00,1.478000000000000000e+03,0.000000000000000000e+00
1.479000000000000000e+03,0.000000000000000000e+00,1.479000000000000000e+03,0.000000000000000000e+00
1.480000000000000000e+03,0.000000000000000000e+00,1.480000000000000000e+03,0.000000000000000000e+00
1.481000000000000000e+03,0.000000000000000000e+00,1.481000000000000000e+03,0.000000000000000000e+00
1.482000000000000000e+03,0.000000000000000000e+00,1.482000000000000000e+03,0.000000000000000000e+00
1.483000000000000000e+03,0.000000000000000000e+00,1.483000000000000000e+03,0.000000000000000000e+00
1.484000000000000000e+03,0.000000000000000000e+00,1.484000000000000000e+03,0.000000000000000000e+00
1.485000000000000000e+03,0.000000000000000000e+00,1.485000000000000000e+03,0.000000000000000000e+00
1.486000000000000000e+03,0.000000000000000000e+00,1.486000000000000000e+03,0.000000000000000000e+00
1.487000000000000000e+03,0.000000000000000000e+00,1.487000000000000000e+03,0.000000000000000000e+00
1.488000000000000000e+03,0.000000000000000000e+00,1.488000000000000000e+03,0.000000000000000000e+00
1.489000000000000000e+03,0.000000000000000000e+00,1.489000000000000000e+03,0.000000000000000000e+00
1.490000000000000000e+03,0.000000000000000000e+00,1.490000000000000000e+03,0.000000000000000000e+00
1.491000000000000000e+03,0.000000000000000000e+00,1.491000000000000000e+03,0.000000000000000000e+00
1.492000000000000000e+03,0.000000000000000000e+00,1.492000000000000000e+03,0.000000000000000000e+00
1.493000000000000000e+03,0.000000000000000000e+00,1.493000000000000000e+03,0.000000000000000000e+00
1.494000000000000000e+03,0.000000000000000000e+00,1.494000000000000000e+03,0.000000000000000000e+00
1.495000000000000000e+03,0.000000000000000000e+00,1.495000000000000000e+03,0.000000000000000000e+00
1.496000000000000000e+03,0.000000000000000000e+00,1.496000000000000000e+03,0.000000000000000000e+00
1.497000000000000000e+03,0.000000000000000000e+00,1.497000000000000000e+03,0.000000000000000000e+00
1.498000000000000000e+03,0.000000000000000000e+00,1.498000000000000000e+03,0.000000000000000000e+00
1.499000000000000000e+03,0.000000000000000000e+00,1.499000000000000000e+03,0.000000000000000000e+00
1.500000000000000000e+03,0.000000000000000000e+00,1.500000000000000000e+03,0.000000000000000000e+00
1.501000000000000000e+03,0.000000000000000000e+00,1.501000000000000000e+03,0.000000000000000000e+00
1.502000000000000000e+03,0.000000000000000000e+00,1.502000000000000000e+03,0.000000000000000000e+00
1.503000000000000000e+03,0.000000000000000000e+00,1.503000000000000000e+03,0.000000000000000000e+00
1.504000000000000000e+03,0.000000000000000000e+00,1.504000000000000000e+03,0.000000000000000000e+00
1.505000000000000000e+03,0.000000000000000000e+00,1.505000000000000000e+03,0.000000000000000000e+00
1.506000000000000000e+03,0.000000000000000000e+00,1.506000000000000000e+03,0.000000000000000000e+00
1.507000000000000000e+03,0.000000000000000000e+00,1.507000000000000000e+03,0.000000000000000000e+00
1.508000000000000000e+03,0.000000000000000000e+00,1.508000000000000000e+03,0.000000000000000000e+00
1.509000000000000000e+03,0.000000000000000000e+00,1.509000000000000000e+03,0.000000000000000000e+00
1.510000000000000000e+03,0.000000000000000000e+00,1.510000000000000000e+03,0.000000000000000000e+00
1.511000000000000000e+03,0.000000000000000000e+00,1.511000000000000000e+03,0.000000000000000000e+00
1.512000000000000000e+03,0.000000000000000000e+00,1.512000000000000000e+03,0.000000000000000000e+00
1.513000000000000000e+03,0.000000000000000000e+00,1.513000000000000000e+03,0.000000000000000000e+00
1.514000000000000000e+03,0.000000000000000000e+00,1.514000000000000000e+03,0.000000000000000000e+00
1.515000000000000000e+03,0.000000000000000000e+00,1.515000000000000000e+03,0.000000000000000000e+00
1.516000000000000000e+03,0.000000000000000000e+00,1.516000000000000000e+03,0.000000000000000000e+00
1.517000000000000000e+03,0.000000000000000000e+00,1.517000000000000000e+03,0.000000000000000000e+00
1.518000000000000000e+03,0.000000000000000000e+00,1.518000000000000000e+03,0.000000000000000000e+00
1.519000000000000000e+03,0.000000000000000000e+00,1.519000000000000000e+03,0.000000000000000000e+00
1.520000000000000000e+03,0.000000000000000000e+00,1.520000000000000000e+03,0.000000000000000000e+00
1.521000000000000000e+03,0.000000000000000000e+00,1.521000000000000000e+03,0.000000000000000000e+00
1.522000000000000000e+03,0.000000000000000000e+00,1.522000000000000000e+03,0.000000000000000000e+00
1.523000000000000000e+03,0.000000000000000000e+00,1.523000000000000000e+03,0.000000000000000000e+00
1.524000000000000000e+03,0.000000000000000000e+00,1.524000000000000000e+03,0.000000000000000000e+00
1.525000000000000000e+03,0.000000000000000000e+00,1.525000000000000000e+03,0.000000000000000000e+00
1.526000000000000000e+03,0.000000000000000000e+00,1.526000000000000000e+03,0.000000000000000000e+00
1.527000000000000000e+03,0.000000000000000000e+00,1.527000000000000000e+03,0.000000000000000000e+00
1.528000000000000000e+03,0.000000000000000000e+00,1.528000000000000000e+03,0.000000000000000000e+00
1.529000000000000000e+03,0.000000000000000000e+00,1.529000000000000000e+03,0.000000000000000000e+00
1.530000000000000000e+03,0.000000000000000000e+00,1.530000000000000000e+03,0.000000000000000000e+00
1.531000000000000000e+03,0.000000000000000000e+00,1.531000000000000000e+03,0.000000000000000000e+00
1.532000000000000000e+03,0.000000000000000000e+00,1.532000000000000000e+03,0.000000000000000000e+00
1.533000000000000000e+03,0.000000000000000000e+00,1.533000000000000000e+03,0.000000000000000000e+00
1.534000000000000000e+03,0.000000000000000000e+00,1.534000000000000000e+03,0.000000000000000000e+00
1.535000000000000000e+03,0.000000000000000000e+00,1.535000000000000000e+03,0.000000000000000000e+00
1.536000000000000000e+03,0.000000000000000000e+00,1.536000000000000000e+03,0.000000000000000000e+00
1.537000000000000000e+03,0.000000000000000000e+00,1.537000000000000000e+03,0.000000000000000000e+00
1.538000000000000000e+03,0.000000000000000000e+00,1.538000000000000000e+03,0.000000000000000000e+00
1.539000000000000000e+03,0.000000000000000000e+00,1.539000000000000000e+03,0.000000000000000000e+00
1.540000000000000000e+03,0.000000000000000000e+00,1.540000000000000000e+03,0.000000000000000000e+00
1.541000000000000000e+03,0.000000000000000000e+00,1.541000000000000000e+03,0.000000000000000000e+00
1.542000000000000000e+03,0.000000000000000000e+00,1.542000000000000000e+03,0.000000000000000000e+00
1.543000000000000000e+03,0.000000000000000000e+00,1.543000000000000000e+03,0.000000000000000000e+00
1.544000000000000000e+03,0.000000000000000000e+00,1.544000000000000000e+03,0.000000000000000000e+00
1.545000000000000000e+03,0.000000000000000000e+00,1.545000000000000000e+03,0.000000000000000000e+00
1.546000000000000000e+03,0.000000000000000000e+00,1.546000000000000000e+03,0.000000000000000000e+00
1.547000000000000000e+03,0.000000000000000000e+00,1.547000000000000000e+03,0.000000000000000000e+00
1.548000000000000000e+03,0.000000000000000000e+00,1.548000000000000000e+03,0.000000000000000000e+00
1.549000000000000000e+03,0.000000000000000000e+00,1.549000000000000000e+03,0.000000000000000000e+00
1.550000000000000000e+03,0.000000000000000000e+00,1.550000000000000000e+03,0.000000000000000000e+00
1.551000000000000000e+03,0.000000000000000000e+00,1.551000000000000000e+03,0.000000000000000000e+00
1.552000000000000000e+03,0.000000000000000000e+00,1.552000000000000000e+03,0.000000000000000000e+00
1.553000000000000000e+03,0.000000000000000000e+00,1.553000000000000000e+03,0.000000000000000000e+00
1.554000000000000000e+03,0.000000000000000000e+00,1.554000000000000000e+03,0.000000000000000000e+00
1.555000000000000000e+03,0.000000000000000000e+00,1.555000000000000000e+03,0.000000000000000000e+00
1.556000000000000000e+03,0.000000000000000000e+00,1.556000000000000000e+03,0.000000000000000000e+00
1.557000000000000000e+03,0.000000000000000000e+00,1.557000000000000000e+03,0.000000000000000000e+00
1.558000000000000000e+03,0.000000000000000000e+00,1.558000000000000000e+03,0.000000000000000000e+00
1.559000000000000000e+03,0.000000000000000000e+00,1.559000000000000000e+03,0.000000000000000000e+00
1.560000000000000000e+03,0.000000000000000000e+00,1.560000000000000000e+03,0.000000000000000000e+00
1.561000000000000000e+03,0.000000000000000000e+00,1.561000000000000000e+03,0.000000000000000000e+00
1.562000000000000000e+03,0.000000000000000000e+00,1.562000000000000000e+03,0.000000000000000000e+00
1.563000000000000000e+03,0.000000000000000000e+00,1.563000000000000000e+03,0.000000000000000000e+00
1.564000000000000000e+03,0.000000000000000000e+00,1.564000000000000000e+03,0.000000000000000000e+00
1.565000000000000000e+03,0.000000000000000000e+00,1.565000000000000000e+03,0.000000000000000000e+00
1.566000000000000000e+03,0.000000000000000000e+00,1.566000000000000000e+03,0.000000000000000000e+00
1.567000000000000000e+03,0.000000000000000000e+00,1.567000000000000000e+03,0.000000000000000000e+00
1.568000000000000000e+03,0.000000000000000000e+00,1.568000000000000000e+03,0.000000000000000000e+00
1.569000000000000000e+03,0.000000000000000000e+00,1.569000000000000000e+03,0.000000000000000000e+00
1.570000000000000000e+03,0.000000000000000000e+00,1.570000000000000000e+03,0.000000000000000000e+00
1.571000000000000000e+03,0.000000000000000000e+00,1.571000000000000000e+03,0.000000000000000000e+00
1.572000000000000000e+03,0.000000000000000000e+00,1.572000000000000000e+03,0.000000000000000000e+00
1.573000000000000000e+03,0.000000000000000000e+00,1.573000000000000000e+03,0.000000000000000000e+00
1.574000000000000000e+03,0.000000000000000000e+00,1.574000000000000000e+03,0.000000000000000000e+00
1.575000000000000000e+03,0.000000000000000000e+00,1.575000000000000000e+03,0.000000000000000000e+00
1.576000000000000000e+03,0.000000000000000000e+00,1.576000000000000000e+03,0.000000000000000000e+00
1.577000000000000000e+03,0.000000000000000000e+00,1.577000000000000000e+03,0.000000000000000000e+00
1.578000000000000000e+03,0.000000000000000000e+00,1.578000000000000000e+03,0.000000000000000000e+00
1.579000000000000000e+03,0.000000000000000000e+00,1.579000000000000000e+03,0.000000000000000000e+00
1.580000000000000000e+03,0.000000000000000000e+00,1.580000000000000000e+03,0.000000000000000000e+00
1.581000000000000000e+03,0.000000000000000000e+00,1.581000000000000000e+03,0.000000000000000000e+00
1.582000000000000000e+03,0.000000000000000000e+00,1.582000000000000000e+03,0.000000000000000000e+00
1.583000000000000000e+03,0.000000000000000000e+00,1.583000000000000000e+03,0.000000000000000000e+00
1.584000000000000000e+03,0.000000000000000000e+00,1.584000000000000000e+03,0.000000000000000000e+00
1.585000000000000000e+03,0.000000000000000000e+00,1.585000000000000000e+03,0.000000000000000000e+00
1.586000000000000000e+03,0.000000000000000000e+00,1.586000000000000000e+03,0.000000000000000000e+00
1.587000000000000000e+03,0.000000000000000000e+00,1.587000000000000000e+03,0.000000000000000000e+00
1.588000000000000000e+03,0.000000000000000000e+00,1.588000000000000000e+03,0.000000000000000000e+00
1.589000000000000000e+03,0.000000000000000000e+00,1.589000000000000000e+03,0.000000000000000000e+00
1.590000000000000000e+03,0.000000000000000000e+00,1.590000000000000000e+03,0.000000000000000000e+00
1.591000000000000000e+03,0.000000000000000000e+00,1.591000000000000000e+03,0.000000000000000000e+00
1.592000000000000000e+03,0.000000000000000000e+00,1.592000000000000000e+03,0.000000000000000000e+00
1.593000000000000000e+03,0.000000000000000000e+00,1.593000000000000000e+03,0.000000000000000000e+00
1.594000000000000000e+03,0.000000000000000000e+00,1.594000000000000000e+03,0.000000000000000000e+00
1.595000000000000000e+03,0.000000000000000000e+00,1.595000000000000000e+03,0.000000000000000000e+00
1.596000000000000000e+03,0.000000000000000000e+00,1.596000000000000000e+03,0.000000000000000000e+00
1.597000000000000000e+03,0.000000000000000000e+00,1.597000000000000000e+03,0.000000000000000000e+00
1.598000000000000000e+03,0.000000000000000000e+00,1.598000000000000000e+03,0.000000000000000000e+00
1.599000000000000000e+03,0.000000000000000000e+00,1.599000000000000000e+03,0.000000000000000000e+00
1.600000000000000000e+03,0.000000000000000000e+00,1.600000000000000000e+03,0.000000000000000000e+00
1.601000000000000000e+03,0.000000000000000000e+00,1.601000000000000000e+03,0.000000000000000000e+00
1.602000000000000000e+03,0.000000000000000000e+00,1.602000000000000000e+03,0.000000000000000000e+00
1.603000000000000000e+03,0.000000000000000000e+00,1.603000000000000000e+03,0.000000000000000000e+00
1.604000000000000000e+03,0.000000000000000000e+00,1.604000000000000000e+03,0.000000000000000000e+00
1.605000000000000000e+03,0.000000000000000000e+00,1.605000000000000000e+03,0.000000000000000000e+00
1.606000000000000000e+03,0.000000000000000000e+00,1.606000000000000000e+03,0.000000000000000000e+00
1.607000000000000000e+03,0.000000000000000000e+00,1.607000000000000000e+03,0.000000000000000000e+00
1.608000000000000000e+03,0.000000000000000000e+00,1.608000000000000000e+03,0.000000000000000000e+00
1.609000000000000000e+03,0.000000000000000000e+00,1.609000000000000000e+03,0.000000000000000000e+00
1.610000000000000000e+03,0.000000000000000000e+00,1.610000000000000000e+03,0.000000000000000000e+00
1.611000000000000000e+03,0.000000000000000000e+00,1.611000000000000000e+03,0.000000000000000000e+00
1.612000000000000000e+03,0.000000000000000000e+00,1.612000000000000000e+03,0.000000000000000000e+00
1.613000000000000000e+03,0.000000000000000000e+00,1.613000000000000000e+03,0.000000000000000000e+00
1.614000000000000000e+03,0.000000000000000000e+00,1.614000000000000000e+03,0.000000000000000000e+00
1.615000000000000000e+03,0.000000000000000000e+00,1.615000000000000000e+03,0.000000000000000000e+00
1.616000000000000000e+03,0.000000000000000000e+00,1.616000000000000000e+03,0.000000000000000000e+00
1.617000000000000000e+03,0.000000000000000000e+00,1.617000000000000000e+03,0.000000000000000000e+00
1.618000000000000000e+03,0.000000000000000000e+00,1.618000000000000000e+03,0.000000000000000000e+00
1.619000000000000000e+03,0.000000000000000000e+00,1.619000000000000000e+03,0.000000000000000000e+00
1.620000000000000000e+03,0.000000000000000000e+00,1.620000000000000000e+03,0.000000000000000000e+00
1.621000000000000000e+03,0.000000000000000000e+00,1.621000000000000000e+03,0.000000000000000000e+00
1.622000000000000000e+03,0.000000000000000000e+00,1.622000000000000000e+03,0.000000000000000000e+00
1.623000000000000000e+03,0.000000000000000000e+00,1.623000000000000000e+03,0.000000000000000000e+00
1.624000000000000000e+03,0.000000000000000000e+00,1.624000000000000000e+03,0.000000000000000000e+00
1.625000000000000000e+03,0.000000000000000000e+00,1.625000000000000000e+03,0.000000000000000000e+00
1.626000000000000000e+03,0.000000000000000000e+00,1.626000000000000000e+03,0.000000000000000000e+00
1.627000000000000000e+03,0.000000000000000000e+00,1.627000000000000000e+03,0.000000000000000000e+00
1.628000000000000000e+03,0.000000000000000000e+00,1.628000000000000000e+03,0.000000000000000000e+00
1.629000000000000000e+03,0.000000000000000000e+00,1.629000000000000000e+03,0.000000000000000000e+00
1.630000000000000000e+03,0.000000000000000000e+00,1.630000000000000000e+03,0.000000000000000000e+00
1.631000000000000000e+03,0.000000000000000000e+00,1.631000000000000000e+03,0.000000000000000000e+00
1.632000000000000000e+03,0.000000000000000000e+00,1.632000000000000000e+03,0.000000000000000000e+00
1.633000000000000000e+03,0.000000000000000000e+00,1.633000000000000000e+03,0.000000000000000000e+00
1.634000000000000000e+03,0.000000000000000000e+00,1.634000000000000000e+03,0.000000000000000000e+00
1.635000000000000000e+03,0.000000000000000000e+00,1.635000000000000000e+03,0.000000000000000000e+00
1.636000000000000000e+03,0.000000000000000000e+00,1.636000000000000000e+03,0.000000000000000000e+00
1.637000000000000000e+03,0.000000000000000000e+00,1.637000000000000000e+03,0.000000000000000000e+00
1.638000000000000000e+03,0.000000000000000000e+00,1.638000000000000000e+03,0.000000000000000000e+00
1.639000000000000000e+03,0.000000000000000000e+00,1.639000000000000000e+03,0.000000000000000000e+00
1.640000000000000000e+03,0.000000000000000000e+00,1.640000000000000000e+03,0.000000000000000000e+00
1.641000000000000000e+03,0.000000000000000000e+00,1.641000000000000000e+03,0.000000000000000000e+00
1.642000000000000000e+03,0.000000000000000000e+00,1.642000000000000000e+03,0.000000000000000000e+00
1.643000000000000000e+03,0.000000000000000000e+00,1.643000000000000000e+03,0.000000000000000000e+00
1.644000000000000000e+03,0.000000000000000000e+00,1.644000000000000000e+03,0.000000000000000000e+00
1.645000000000000000e+03,0.000000000000000000e+00,1.645000000000000000e+03,0.000000000000000000e+00
1.646000000000000000e+03,0.000000000000000000e+00,1.646000000000000000e+03,0.000000000000000000e+00
1.647000000000000000e+03,0.000000000000000000e+00,1.647000000000000000e+03,0.000000000000000000e+00
1.648000000000000000e+03,0.000000000000000000e+00,1.648000000000000000e+03,0.000000000000000000e+00
1.649000000000000000e+03,0.000000000000000000e+00,1.649000000000000000e+03,0.000000000000000000e+00
1.650000000000000000e+03,0.000000000000000000e+00,1.650000000000000000e+03,0.000000000000000000e+00
1.651000000000000000e+03,0.000000000000000000e+00,1.651000000000000000e+03,0.000000000000000000e+00
1.652000000000000000e+03,0.000000000000000000e+00,1.652000000000000000e+03,0.000000000000000000e+00
1.653000000000000000e+03,0.000000000000000000e+00,1.653000000000000000e+03,0.000000000000000000e+00
1.654000000000000000e+03,0.000000000000000000e+00,1.654000000000000000e+03,0.000000000000000000e+00
1.655000000000000000e+03,0.000000000000000000e+00,1.655000000000000000e+03,0.000000000000000000e+00
1.656000000000000000e+03,0.000000000000000000e+00,1.656000000000000000e+03,0.000000000000000000e+00
1.657000000000000000e+03,0.000000000000000000e+00,1.657000000000000000e+03,0.000000000000000000e+00
1.658000000000000000e+03,0.000000000000000000e+00,1.658000000000000000e+03,0.000000000000000000e+00
1.659000000000000000e+03,0.000000000000000000e+00,1.659000000000000000e+03,0.000000000000000000e+00
1.660000000000000000e+03,0.000000000000000000e+00,1.660000000000000000e+03,0.000000000000000000e+00
1.661000000000000000e+03,0.000000000000000000e+00,1.661000000000000000e+03,0.000000000000000000e+00
1.662000000000000000e+03,0.000000000000000000e+00,1.662000000000000000e+03,0.000000000000000000e+00
1.663000000000000000e+03,0.000000000000000000e+00,1.663000000000000000e+03,0.000000000000000000e+00
1.664000000000000000e+03,0.000000000000000000e+00,1.664000000000000000e+03,0.000000000000000000e+00
1.665000000000000000e+03,0.000000000000000000e+00,1.665000000000000000e+03,0.000000000000000000e+00
1.666000000000000000e+03,0.000000000000000000e+00,1.666000000000000000e+03,0.000000000000000000e+00
1.667000000000000000e+03,0.000000000000000000e+00,1.667000000000000000e+03,0.000000000000000000e+00
1.668000000000000000e+03,0.000000000000000000e+00,1.668000000000000000e+03,0.000000000000000000e+00
1.669000000000000000e+03,0.000000000000000000e+00,1.669000000000000000e+03,0.000000000000000000e+00
1.670000000000000000e+03,0.000000000000000000e+00,1.670000000000000000e+03,0.000000000000000000e+00
1.671000000000000000e+03,0.000000000000000000e+00,1.671000000000000000e+03,0.000000000000000000e+00
1.672000000000000000e+03,0.000000000000000000e+00,1.672000000000000000e+03,0.000000000000000000e+00
1.673000000000000000e+03,0.000000000000000000e+00,1.673000000000000000e+03,0.000000000000000000e+00
1.674000000000000000e+03,0.000000000000000000e+00,1.674000000000000000e+03,0.000000000000000000e+00
1.675000000000000000e+03,0.000000000000000000e+00,1.675000000000000000e+03,0.000000000000000000e+00
1.676000000000000000e+03,0.000000000000000000e+00,1.676000000000000000e+03,0.000000000000000000e+00
1.677000000000000000e+03,0.000000000000000000e+00,1.677000000000000000e+03,0.000000000000000000e+00
1.678000000000000000e+03,0.000000000000000000e+00,1.678000000000000000e+03,0.000000000000000000e+00
1.679000000000000000e+03,0.000000000000000000e+00,1.679000000000000000e+03,0.000000000000000000e+00
1.680000000000000000e+03,0.000000000000000000e+00,1.680000000000000000e+03,0.000000000000000000e+00
1.681000000000000000e+03,0.000000000000000000e+00,1.681000000000000000e+03,0.000000000000000000e+00
1.682000000000000000e+03,0.000000000000000000e+00,1.682000000000000000e+03,0.000000000000000000e+00
1.683000000000000000e+03,0.000000000000000000e+00,1.683000000000000000e+03,0.000000000000000000e+00
1.684000000000000000e+03,0.000000000000000000e+00,1.684000000000000000e+03,0.000000000000000000e+00
1.685000000000000000e+03,0.000000000000000000e+00,1.685000000000000000e+03,0.000000000000000000e+00
1.686000000000000000e+03,0.000000000000000000e+00,1.686000000000000000e+03,0.000000000000000000e+00
1.687000000000000000e+03,0.000000000000000000e+00,1.687000000000000000e+03,0.000000000000000000e+00
1.688000000000000000e+03,0.000000000000000000e+00,1.688000000000000000e+03,0.000000000000000000e+00
1.689000000000000000e+03,0.000000000000000000e+00,1.689000000000000000e+03,0.000000000000000000e+00
1.690000000000000000e+03,0.000000000000000000e+00,1.690000000000000000e+03,0.000000000000000000e+00
1.691000000000000000e+03,0.000000000000000000e+00,1.691000000000000000e+03,0.000000000000000000e+00
1.692000000000000000e+03,0.000000000000000000e+00,1.692000000000000000e+03,0.000000000000000000e+00
1.693000000000000000e+03,0.000000000000000000e+00,1.693000000000000000e+03,0.000000000000000000e+00
1.694000000000000000e+03,0.000000000000000000e+00,1.694000000000000000e+03,0.000000000000000000e+00
1.695000000000000000e+03,0.000000000000000000e+00,1.695000000000000000e+03,0.000000000000000000e+00
1.696000000000000000e+03,0.000000000000000000e+00,1.696000000000000000e+03,0.000000000000000000e+00
1.697000000000000000e+03,0.000000000000000000e+00,1.697000000000000000e+03,0.000000000000000000e+00
1.698000000000000000e+03,0.000000000000000000e+00,1.698000000000000000e+03,0.000000000000000000e+00
1.699000000000000000e+03,0.000000000000000000e+00,1.699000000000000000e+03,0.000000000000000000e+00
1.700000000000000000e+03,0.000000000000000000e+00,1.700000000000000000e+03,0.000000000000000000e+00
1.701000000000000000e+03,0.000000000000000000e+00,1.701000000000000000e+03,0.000000000000000000e+00
1.702000000000000000e+03,0.000000000000000000e+00,1.702000000000000000e+03,0.000000000000000000e+00
1.703000000000000000e+03,0.000000000000000000e+00,1.703000000000000000e+03,0.000000000000000000e+00
1.704000000000000000e+03,0.000000000000000000e+00,1.704000000000000000e+03,0.000000000000000000e+00
1.705000000000000000e+03,0.000000000000000000e+00,1.705000000000000000e+03,0.000000000000000000e+00
1.706000000000000000e+03,0.000000000000000000e+00,1.706000000000000000e+03,0.000000000000000000e+00
1.707000000000000000e+03,0.000000000000000000e+00,1.707000000000000000e+03,0.000000000000000000e+00
1.708000000000000000e+03,0.000000000000000000e+00,1.708000000000000000e+03,0.000000000000000000e+00
1.709000000000000000e+03,0.000000000000000000e+00,1.709000000000000000e+03,0.000000000000000000e+00
1.710000000000000000e+03,0.000000000000000000e+00,1.710000000000000000e+03,0.000000000000000000e+00
1.711000000000000000e+03,0.000000000000000000e+00,1.711000000000000000e+03,0.000000000000000000e+00
1.712000000000000000e+03,0.000000000000000000e+00,1.712000000000000000e+03,0.000000000000000000e+00
1.713000000000000000e+03,0.000000000000000000e+00,1.713000000000000000e+03,0.000000000000000000e+00
1.714000000000000000e+03,0.000000000000000000e+00,1.714000000000000000e+03,0.000000000000000000e+00
1.715000000000000000e+03,0.000000000000000000e+00,1.715000000000000000e+03,0.000000000000000000e+00
1.716000000000000000e+03,0.000000000000000000e+00,1.716000000000000000e+03,0.000000000000000000e+00
1.717000000000000000e+03,0.000000000000000000e+00,1.717000000000000000e+03,0.000000000000000000e+00
1.718000000000000000e+03,0.000000000000000000e+00,1.718000000000000000e+03,0.000000000000000000e+00
1.719000000000000000e+03,0.000000000000000000e+00,1.719000000000000000e+03,0.000000000000000000e+00
1.720000000000000000e+03,0.000000000000000000e+00,1.720000000000000000e+03,0.000000000000000000e+00
1.721000000000000000e+03,0.000000000000000000e+00,1.721000000000000000e+03,0.000000000000000000e+00
1.722000000000000000e+03,0.000000000000000000e+00,1.722000000000000000e+03,0.000000000000000000e+00
1.723000000000000000e+03,0.000000000000000000e+00,1.723000000000000000e+03,0.000000000000000000e+00
1.724000000000000000e+03,0.000000000000000000e+00,1.724000000000000000e+03,0.000000000000000000e+00
1.725000000000000000e+03,0.000000000000000000e+00,1.725000000000000000e+03,0.000000000000000000e+00
1.726000000000000000e+03,0.000000000000000000e+00,1.726000000000000000e+03,0.000000000000000000e+00
1.727000000000000000e+03,0.000000000000000000e+00,1.727000000000000000e+03,0.000000000000000000e+00
1.728000000000000000e+03,0.000000000000000000e+00,1.728000000000000000e+03,0.000000000000000000e+00
1.729000000000000000e+03,0.000000000000000000e+00,1.729000000000000000e+03,0.000000000000000000e+00
1.730000000000000000e+03,0.000000000000000000e+00,1.730000000000000000e+03,0.000000000000000000e+00
1.731000000000000000e+03,0.000000000000000000e+00,1.731000000000000000e+03,0.000000000000000000e+00
1.732000000000000000e+03,0.000000000000000000e+00,1.732000000000000000e+03,0.000000000000000000e+00
1.733000000000000000e+03,0.000000000000000000e+00,1.733000000000000000e+03,0.000000000000000000e+00
1.734000000000000000e+03,0.000000000000000000e+00,1.734000000000000000e+03,0.000000000000000000e+00
1.735000000000000000e+03,0.000000000000000000e+00,1.735000000000000000e+03,0.000000000000000000e+00
1.736000000000000000e+03,0.000000000000000000e+00,1.736000000000000000e+03,0.000000000000000000e+00
1.737000000000000000e+03,0.000000000000000000e+00,1.737000000000000000e+03,0.000000000000000000e+00
1.738000000000000000e+03,0.000000000000000000e+00,1.738000000000000000e+03,0.000000000000000000e+00
1.739000000000000000e+03,0.000000000000000000e+00,1.739000000000000000e+03,0.000000000000000000e+00
1.740000000000000000e+03,0.000000000000000000e+00,1.740000000000000000e+03,0.000000000000000000e+00
1.741000000000000000e+03,0.000000000000000000e+00,1.741000000000000000e+03,0.000000000000000000e+00
1.742000000000000000e+03,0.000000000000000000e+00,1.742000000000000000e+03,0.000000000000000000e+00
1.743000000000000000e+03,0.000000000000000000e+00,1.743000000000000000e+03,0.000000000000000000e+00
1.744000000000000000e+03,0.000000000000000000e+00,1.744000000000000000e+03,0.000000000000000000e+00
1.745000000000000000e+03,0.000000000000000000e+00,1.745000000000000000e+03,0.000000000000000000e+00
1.746000000000000000e+03,0.000000000000000000e+00,1.746000000000000000e+03,0.000000000000000000e+00
1.747000000000000000e+03,0.000000000000000000e+00,1.747000000000000000e+03,0.000000000000000000e+00
1.748000000000000000e+03,0.000000000000000000e+00,1.748000000000000000e+03,0.000000000000000000e+00
1.749000000000000000e+03,0.000000000000000000e+00,1.749000000000000000e+03,0.000000000000000000e+00
1.750000000000000000e+03,0.000000000000000000e+00,1.750000000000000000e+03,0.000000000000000000e+00
1.751000000000000000e+03,0.000000000000000000e+00,1.751000000000000000e+03,0.000000000000000000e+00
1.752000000000000000e+03,0.000000000000000000e+00,1.752000000000000000e+03,0.000000000000000000e+00
1.753000000000000000e+03,0.000000000000000000e+00,1.753000000000000000e+03,0.000000000000000000e+00
1.754000000000000000e+03,0.000000000000000000e+00,1.754000000000000000e+03,0.000000000000000000e+00
1.755000000000000000e+03,0.000000000000000000e+00,1.755000000000000000e+03,0.000000000000000000e+00
1.756000000000000000e+03,0.000000000000000000e+00,1.756000000000000000e+03,0.000000000000000000e+00
1.757000000000000000e+03,0.000000000000000000e+00,1.757000000000000000e+03,0.000000000000000000e+00
1.758000000000000000e+03,0.000000000000000000e+00,1.758000000000000000e+03,0.000000000000000000e+00
1.759000000000000000e+03,0.000000000000000000e+00,1.759000000000000000e+03,0.000000000000000000e+00
1.760000000000000000e+03,0.000000000000000000e+00,1.760000000000000000e+03,0.000000000000000000e+00
1.761000000000000000e+03,0.000000000000000000e+00,1.761000000000000000e+03,0.000000000000000000e+00
1.762000000000000000e+03,0.000000000000000000e+00,1.762000000000000000e+03,0.000000000000000000e+00
1.763000000000000000e+03,0.000000000000000000e+00,1.763000000000000000e+03,0.000000000000000000e+00
1.764000000000000000e+03,0.000000000000000000e+00,1.764000000000000000e+03,0.000000000000000000e+00
1.765000000000000000e+03,0.000000000000000000e+00,1.765000000000000000e+03,0.000000000000000000e+00
1.766000000000000000e+03,0.000000000000000000e+00,1.766000000000000000e+03,0.000000000000000000e+00
1.767000000000000000e+03,0.000000000000000000e+00,1.767000000000000000e+03,0.000000000000000000e+00
1.768000000000000000e+03,0.000000000000000000e+00,1.768000000000000000e+03,0.000000000000000000e+00
1.769000000000000000e+03,0.000000000000000000e+00,1.769000000000000000e+03,0.000000000000000000e+00
1.770000000000000000e+03,0.000000000000000000e+00,1.770000000000000000e+03,0.000000000000000000e+00
1.771000000000000000e+03,0.000000000000000000e+00,1.771000000000000000e+03,0.000000000000000000e+00
1.772000000000000000e+03,0.000000000000000000e+00,1.772000000000000000e+03,0.000000000000000000e+00
1.773000000000000000e+03,0.000000000000000000e+00,1.773000000000000000e+03,0.000000000000000000e+00
1.774000000000000000e+03,0.000000000000000000e+00,1.774000000000000000e+03,0.000000000000000000e+00
1.775000000000000000e+03,0.000000000000000000e+00,1.775000000000000000e+03,0.000000000000000000e+00
1.776000000000000000e+03,0.000000000000000000e+00,1.776000000000000000e+03,0.000000000000000000e+00
1.777000000000000000e+03,0.000000000000000000e+00,1.777000000000000000e+03,0.000000000000000000e+00
1.778000000000000000e+03,0.000000000000000000e+00,1.778000000000000000e+03,0.000000000000000000e+00
1.779000000000000000e+03,0.000000000000000000e+00,1.779000000000000000e+03,0.000000000000000000e+00
1.780000000000000000e+03,0.000000000000000000e+00,1.780000000000000000e+03,0.000000000000000000e+00
1.781000000000000000e+03,0.000000000000000000e+00,1.781000000000000000e+03,0.000000000000000000e+00
1.782000000000000000e+03,0.000000000000000000e+00,1.782000000000000000e+03,0.000000000000000000e+00
1.783000000000000000e+03,0.000000000000000000e+00,1.783000000000000000e+03,0.000000000000000000e+00
1.784000000000000000e+03,0.000000000000000000e+00,1.784000000000000000e+03,0.000000000000000000e+00
1.785000000000000000e+03,0.000000000000000000e+00,1.785000000000000000e+03,0.000000000000000000e+00
1.786000000000000000e+03,0.000000000000000000e+00,1.786000000000000000e+03,0.000000000000000000e+00
1.787000000000000000e+03,0.000000000000000000e+00,1.787000000000000000e+03,0.000000000000000000e+00
1.788000000000000000e+03,0.000000000000000000e+00,1.788000000000000000e+03,0.000000000000000000e+00
1.789000000000000000e+03,0.000000000000000000e+00,1.789000000000000000e+03,0.000000000000000000e+00
1.790000000000000000e+03,0.000000000000000000e+00,1.790000000000000000e+03,0.000000000000000000e+00
1.791000000000000000e+03,0.000000000000000000e+00,1.791000000000000000e+03,0.000000000000000000e+00
1.792000000000000000e+03,0.000000000000000000e+00,1.792000000000000000e+03,0.000000000000000000e+00
1.793000000000000000e+03,0.000000000000000000e+00,1.793000000000000000e+03,0.000000000000000000e+00
1.794000000000000000e+03,0.000000000000000000e+00,1.794000000000000000e+03,0.000000000000000000e+00
1.795000000000000000e+03,0.000000000000000000e+00,1.795000000000000000e+03,0.000000000000000000e+00
1.796000000000000000e+03,0.000000000000000000e+00,1.796000000000000000e+03,0.000000000000000000e+00
1.797000000000000000e+03,0.000000000000000000e+00,1.797000000000000000e+03,0.000000000000000000e+00
1.798000000000000000e+03,0.000000000000000000e+00,1.798000000000000000e+03,0.000000000000000000e+00
1.799000000000000000e+03,0.000000000000000000e+00,1.799000000000000000e+03,0.000000000000000000e+00
1.800000000000000000e+03,0.000000000000000000e+00,1.800000000000000000e+03,0.000000000000000000e+00
1.801000000000000000e+03,0.000000000000000000e+00,1.801000000000000000e+03,0.000000000000000000e+00
1.802000000000000000e+03,0.000000000000000000e+00,1.802000000000000000e+03,0.000000000000000000e+00
1.803000000000000000e+03,0.000000000000000000e+00,1.803000000000000000e+03,0.000000000000000000e+00
1.804000000000000000e+03,0.000000000000000000e+00,1.804000000000000000e+03,0.000000000000000000e+00
1.805000000000000000e+03,0.000000000000000000e+00,1.805000000000000000e+03,0.000000000000000000e+00
1.806000000000000000e+03,0.000000000000000000e+00,1.806000000000000000e+03,0.000000000000000000e+00
1.807000000000000000e+03,0.000000000000000000e+00,1.807000000000000000e+03,0.000000000000000000e+00
1.808000000000000000e+03,0.000000000000000000e+00,1.808000000000000000e+03,0.000000000000000000e+00
1.809000000000000000e+03,0.000000000000000000e+00,1.809000000000000000e+03,0.000000000000000000e+00
1.810000000000000000e+03,0.000000000000000000e+00,1.810000000000000000e+03,0.000000000000000000e+00
1.811000000000000000e+03,0.000000000000000000e+00,1.811000000000000000e+03,0.000000000000000000e+00
1.812000000000000000e+03,0.000000000000000000e+00,1.812000000000000000e+03,0.000000000000000000e+00
1.813000000000000000e+03,0.000000000000000000e+00,1.813000000000000000e+03,0.000000000000000000e+00
1.814000000000000000e+03,0.000000000000000000e+00,1.814000000000000000e+03,0.000000000000000000e+00
1.815000000000000000e+03,0.000000000000000000e+00,1.815000000000000000e+03,0.000000000000000000e+00
1.816000000000000000e+03,0.000000000000000000e+00,1.816000000000000000e+03,0.000000000000000000e+00
1.817000000000000000e+03,0.000000000000000000e+00,1.817000000000000000e+03,0.000000000000000000e+00
1.818000000000000000e+03,0.000000000000000000e+00,1.818000000000000000e+03,0.000000000000000000e+00
1.819000000000000000e+03,0.000000000000000000e+00,1.819000000000000000e+03,0.000000000000000000e+00
1.820000000000000000e+03,0.000000000000000000e+00,1.820000000000000000e+03,0.000000000000000000e+00
1.821000000000000000e+03,0.000000000000000000e+00,1.821000000000000000e+03,0.000000000000000000e+00
1.822000000000000000e+03,0.000000000000000000e+00,1.822000000000000000e+03,0.000000000000000000e+00
1.823000000000000000e+03,0.000000000000000000e+00,1.823000000000000000e+03,0.000000000000000000e+00
1.824000000000000000e+03,0.000000000000000000e+00,1.824000000000000000e+03,0.000000000000000000e+00
1.825000000000000000e+03,0.000000000000000000e+00,1.825000000000000000e+03,0.000000000000000000e+00
1.826000000000000000e+03,0.000000000000000000e+00,1.826000000000000000e+03,0.000000000000000000e+00
1.827000000000000000e+03,0.000000000000000000e+00,1.827000000000000000e+03,0.000000000000000000e+00
1.828000000000000000e+03,0.000000000000000000e+00,1.828000000000000000e+03,0.000000000000000000e+00
1.829000000000000000e+03,0.000000000000000000e+00,1.829000000000000000e+03,0.000000000000000000e+00
1.830000000000000000e+03,0.000000000000000000e+00,1.830000000000000000e+03,0.000000000000000000e+00
1.831000000000000000e+03,0.000000000000000000e+00,1.831000000000000000e+03,0.000000000000000000e+00
1.832000000000000000e+03,0.000000000000000000e+00,1.832000000000000000e+03,0.000000000000000000e+00
1.833000000000000000e+03,0.000000000000000000e+00,1.833000000000000000e+03,0.000000000000000000e+00
1.834000000000000000e+03,0.000000000000000000e+00,1.834000000000000000e+03,0.000000000000000000e+00
1.835000000000000000e+03,0.000000000000000000e+00,1.835000000000000000e+03,0.000000000000000000e+00
1.836000000000000000e+03,0.000000000000000000e+00,1.836000000000000000e+03,0.000000000000000000e+00
1.837000000000000000e+03,0.000000000000000000e+00,1.837000000000000000e+03,0.000000000000000000e+00
1.838000000000000000e+03,0.000000000000000000e+00,1.838000000000000000e+03,0.000000000000000000e+00
1.839000000000000000e+03,0.000000000000000000e+00,1.839000000000000000e+03,0.000000000000000000e+00
1.840000000000000000e+03,0.000000000000000000e+00,1.840000000000000000e+03,0.000000000000000000e+00
1.841000000000000000e+03,0.000000000000000000e+00,1.841000000000000000e+03,0.000000000000000000e+00
1.842000000000000000e+03,0.000000000000000000e+00,1.842000000000000000e+03,0.000000000000000000e+00
1.843000000000000000e+03,0.000000000000000000e+00,1.843000000000000000e+03,0.000000000000000000e+00
1.844000000000000000e+03,0.000000000000000000e+00,1.844000000000000000e+03,0.000000000000000000e+00
1.845000000000000000e+03,0.000000000000000000e+00,1.845000000000000000e+03,0.000000000000000000e+00
1.846000000000000000e+03,0.000000000000000000e+00,1.846000000000000000e+03,0.000000000000000000e+00
1.847000000000000000e+03,0.000000000000000000e+00,1.847000000000000000e+03,0.000000000000000000e+00
1.848000000000000000e+03,0.000000000000000000e+00,1.848000000000000000e+03,0.000000000000000000e+00
1.849000000000000000e+03,0.000000000000000000e+00,1.849000000000000000e+03,0.000000000000000000e+00
1.850000000000000000e+03,0.000000000000000000e+00,1.850000000000000000e+03,0.000000000000000000e+00
1.851000000000000000e+03,0.000000000000000000e+00,1.851000000000000000e+03,0.000000000000000000e+00
1.852000000000000000e+03,0.000000000000000000e+00,1.852000000000000000e+03,0.000000000000000000e+00
1.853000000000000000e+03,0.000000000000000000e+00,1.853000000000000000e+03,0.000000000000000000e+00
1.854000000000000000e+03,0.000000000000000000e+00,1.854000000000000000e+03,0.000000000000000000e+00
1.855000000000000000e+03,0.000000000000000000e+00,1.855000000000000000e+03,0.000000000000000000e+00
1.856000000000000000e+03,0.000000000000000000e+00,1.856000000000000000e+03,0.000000000000000000e+00
1.857000000000000000e+03,0.000000000000000000e+00,1.857000000000000000e+03,0.000000000000000000e+00
1.858000000000000000e+03,0.000000000000000000e+00,1.858000000000000000e+03,0.000000000000000000e+00
1.859000000000000000e+03,0.000000000000000000e+00,1.859000000000000000e+03,0.000000000000000000e+00
1.860000000000000000e+03,0.000000000000000000e+00,1.860000000000000000e+03,0.000000000000000000e+00
1.861000000000000000e+03,0.000000000000000000e+00,1.861000000000000000e+03,0.000000000000000000e+00
1.862000000000000000e+03,0.000000000000000000e+00,1.862000000000000000e+03,0.000000000000000000e+00
1.863000000000000000e+03,0.000000000000000000e+00,1.863000000000000000e+03,0.000000000000000000e+00
1.864000000000000000e+03,0.000000000000000000e+00,1.864000000000000000e+03,0.000000000000000000e+00
1.865000000000000000e+03,0.000000000000000000e+00,1.865000000000000000e+03,0.000000000000000000e+00
1.866000000000000000e+03,0.000000000000000000e+00,1.866000000000000000e+03,0.000000000000000000e+00
1.867000000000000000e+03,0.000000000000000000e+00,1.867000000000000000e+03,0.000000000000000000e+00
1.868000000000000000e+03,0.000000000000000000e+00,1.868000000000000000e+03,0.000000000000000000e+00
1.869000000000000000e+03,0.000000000000000000e+00,1.869000000000000000e+03,0.000000000000000000e+00
1.870000000000000000e+03,0.000000000000000000e+00,1.870000000000000000e+03,0.000000000000000000e+00
1.871000000000000000e+03,0.000000000000000000e+00,1.871000000000000000e+03,0.000000000000000000e+00
1.872000000000000000e+03,0.000000000000000000e+00,1.872000000000000000e+03,0.000000000000000000e+00
1.873000000000000000e+03,0.000000000000000000e+00,1.873000000000000000e+03,0.000000000000000000e+00
1.874000000000000000e+03,0.000000000000000000e+00,1.874000000000000000e+03,0.000000000000000000e+00
1.875000000000000000e+03,0.000000000000000000e+00,1.875000000000000000e+03,0.000000000000000000e+00
1.876000000000000000e+03,0.000000000000000000e+00,1.876000000000000000e+03,0.000000000000000000e+00
1.877000000000000000e+03,0.000000000000000000e+00,1.877000000000000000e+03,0.000000000000000000e+00
1.878000000000000000e+03,0.000000000000000000e+00,1.878000000000000000e+03,0.000000000000000000e+00
1.879000000000000000e+03,0.000000000000000000e+00,1.879000000000000000e+03,0.000000000000000000e+00
1.880000000000000000e+03,0.000000000000000000e+00,1.880000000000000000e+03,0.000000000000000000e+00
1.881000000000000000e+03,0.000000000000000000e+00,1.881000000000000000e+03,0.000000000000000000e+00
1.882000000000000000e+03,0.000000000000000000e+00,1.882000000000000000e+03,0.000000000000000000e+00
1.883000000000000000e+03,0.000000000000000000e+00,1.883000000000000000e+03,0.000000000000000000e+00
1.884000000000000000e+03,0.000000000000000000e+00,1.884000000000000000e+03,0.000000000000000000e+00
1.885000000000000000e+03,0.000000000000000000e+00,1.885000000000000000e+03,0.000000000000000000e+00
1.886000000000000000e+03,0.000000000000000000e+00,1.886000000000000000e+03,0.000000000000000000e+00
1.887000000000000000e+03,0.000000000000000000e+00,1.887000000000000000e+03,0.000000000000000000e+00
1.888000000000000000e+03,0.000000000000000000e+00,1.888000000000000000e+03,0.000000000000000000e+00
1.889000000000000000e+03,0.000000000000000000e+00,1.889000000000000000e+03,0.000000000000000000e+00
1.890000000000000000e+03,0.000000000000000000e+00,1.890000000000000000e+03,0.000000000000000000e+00
1.891000000000000000e+03,0.000000000000000000e+00,1.891000000000000000e+03,0.000000000000000000e+00
1.892000000000000000e+03,0.000000000000000000e+00,1.892000000000000000e+03,0.000000000000000000e+00
1.893000000000000000e+03,0.000000000000000000e+00,1.893000000000000000e+03,0.000000000000000000e+00
1.894000000000000000e+03,0.000000000000000000e+00,1.894000000000000000e+03,0.000000000000000000e+00
1.895000000000000000e+03,0.000000000000000000e+00,1.895000000000000000e+03,0.000000000000000000e+00
1.896000000000000000e+03,0.000000000000000000e+00,1.896000000000000000e+03,0.000000000000000000e+00
1.897000000000000000e+03,0.000000000000000000e+00,1.897000000000000000e+03,0.000000000000000000e+00
1.898000000000000000e+03,0.000000000000000000e+00,1.898000000000000000e+03,0.000000000000000000e+00
1.899000000000000000e+03,0.000000000000000000e+00,1.899000000000000000e+03,0.000000000000000000e+00
1.900000000000000000e+03,0.000000000000000000e+00,1.900000000000000000e+03,0.000000000000000000e+00
1.901000000000000000e+03,0.000000000000000000e+00,1.901000000000000000e+03,0.000000000000000000e+00
1.902000000000000000e+03,0.000000000000000000e+00,1.902000000000000000e+03,0.000000000000000000e+00
1.903000000000000000e+03,0.000000000000000000e+00,1.903000000000000000e+03,0.000000000000000000e+00
1.904000000000000000e+03,0.000000000000000000e+00,1.904000000000000000e+03,0.000000000000000000e+00
1.905000000000000000e+03,0.000000000000000000e+00,1.905000000000000000e+03,0.000000000000000000e+00
1.906000000000000000e+03,0.000000000000000000e+00,1.906000000000000000e+03,0.000000000000000000e+00
1.907000000000000000e+03,0.000000000000000000e+00,1.907000000000000000e+03,0.000000000000000000e+00
1.908000000000000000e+03,0.000000000000000000e+00,1.908000000000000000e+03,0.000000000000000000e+00
1.909000000000000000e+03,0.000000000000000000e+00,1.909000000000000000e+03,0.000000000000000000e+00
1.910000000000000000e+03,0.000000000000000000e+00,1.910000000000000000e+03,0.000000000000000000e+00
1.911000000000000000e+03,0.000000000000000000e+00,1.911000000000000000e+03,0.000000000000000000e+00
1.912000000000000000e+03,0.000000000000000000e+00,1.912000000000000000e+03,0.000000000000000000e+00
1.913000000000000000e+03,0.000000000000000000e+00,1.913000000000000000e+03,0.000000000000000000e+00
1.914000000000000000e+03,0.000000000000000000e+00,1.914000000000000000e+03,0.000000000000000000e+00
1.915000000000000000e+03,0.000000000000000000e+00,1.915000000000000000e+03,0.000000000000000000e+00
1.916000000000000000e+03,0.000000000000000000e+00,1.916000000000000000e+03,0.000000000000000000e+00
1.917000000000000000e+03,0.000000000000000000e+00,1.917000000000000000e+03,0.000000000000000000e+00
1.918000000000000000e+03,0.000000000000000000e+00,1.918000000000000000e+03,0.000000000000000000e+00
1.919000000000000000e+03,0.000000000000000000e+00,1.919000000000000000e+03,0.000000000000000000e+00
1.920000000000000000e+03,0.000000000000000000e+00,1.920000000000000000e+03,0.000000000000000000e+00
1.921000000000000000e+03,0.000000000000000000e+00,1.921000000000000000e+03,0.000000000000000000e+00
1.922000000000000000e+03,0.000000000000000000e+00,1.922000000000000000e+03,0.000000000000000000e+00
1.923000000000000000e+03,0.000000000000000000e+00,1.923000000000000000e+03,0.000000000000000000e+00
1.924000000000000000e+03,0.000000000000000000e+00,1.924000000000000000e+03,0.000000000000000000e+00
1.925000000000000000e+03,0.000000000000000000e+00,1.925000000000000000e+03,0.000000000000000000e+00
1.926000000000000000e+03,0.000000000000000000e+00,1.926000000000000000e+03,0.000000000000000000e+00
1.927000000000000000e+03,0.000000000000000000e+00,1.927000000000000000e+03,0.000000000000000000e+00
1.928000000000000000e+03,0.000000000000000000e+00,1.928000000000000000e+03,0.000000000000000000e+00
1.929000000000000000e+03,0.000000000000000000e+00,1.929000000000000000e+03,0.000000000000000000e+00
1.930000000000000000e+03,0.000000000000000000e+00,1.930000000000000000e+03,0.000000000000000000e+00
1.931000000000000000e+03,0.000000000000000000e+00,1.931000000000000000e+03,0.000000000000000000e+00
1.932000000000000000e+03,0.000000000000000000e+00,1.932000000000000000e+03,0.000000000000000000e+00
1.933000000000000000e+03,0.000000000000000000e+00,1.933000000000000000e+03,0.000000000000000000e+00
1.934000000000000000e+03,0.000000000000000000e+00,1.934000000000000000e+03,0.000000000000000000e+00
1.935000000000000000e+03,0.000000000000000000e+00,1.935000000000000000e+03,0.000000000000000000e+00
1.936000000000000000e+03,0.000000000000000000e+00,1.936000000000000000e+03,0.000000000000000000e+00
1.937000000000000000e+03,0.000000000000000000e+00,1.937000000000000000e+03,0.000000000000000000e+00
1.938000000000000000e+03,0.000000000000000000e+00,1.938000000000000000e+03,0.000000000000000000e+00
1.939000000000000000e+03,0.000000000000000000e+00,1.939000000000000000e+03,0.000000000000000000e+00
1.940000000000000000e+03,0.000000000000000000e+00,1.940000000000000000e+03,0.000000000000000000e+00
1.941000000000000000e+03,0.000000000000000000e+00,1.941000000000000000e+03,0.000000000000000000e+00
1.942000000000000000e+03,0.000000000000000000e+00,1.942000000000000000e+03,0.000000000000000000e+00
1.943000000000000000e+03,0.000000000000000000e+00,1.943000000000000000e+03,0.000000000000000000e+00
1.944000000000000000e+03,0.000000000000000000e+00,1.944000000000000000e+03,0.000000000000000000e+00
1.945000000000000000e+03,0.000000000000000000e+00,1.945000000000000000e+03,0.000000000000000000e+00
1.946000000000000000e+03,0.000000000000000000e+00,1.946000000000000000e+03,0.000000000000000000e+00
1.947000000000000000e+03,0.000000000000000000e+00,1.947000000000000000e+03,0.000000000000000000e+00
1.948000000000000000e+03,0.000000000000000000e+00,1.948000000000000000e+03,0.000000000000000000e+00
1.949000000000000000e+03,0.000000000000000000e+00,1.949000000000000000e+03,0.000000000000000000e+00
1.950000000000000000e+03,0.000000000000000000e+00,1.950000000000000000e+03,0.000000000000000000e+00
1.951000000000000000e+03,0.000000000000000000e+00,1.951000000000000000e+03,0.000000000000000000e+00
1.952000000000000000e+03,0.000000000000000000e+00,1.952000000000000000e+03,0.000000000000000000e+00
1.953000000000000000e+03,0.000000000000000000e+00,1.953000000000000000e+03,0.000000000000000000e+00
1.954000000000000000e+03,0.000000000000000000e+00,1.954000000000000000e+03,0.000000000000000000e+00
1.955000000000000000e+03,0.000000000000000000e+00,1.955000000000000000e+03,0.000000000000000000e+00
1.956000000000000000e+03,0.000000000000000000e+00,1.956000000000000000e+03,0.000000000000000000e+00
1.957000000000000000e+03,0.000000000000000000e+00,1.957000000000000000e+03,0.000000000000000000e+00
1.958000000000000000e+03,0.000000000000000000e+00,1.958000000000000000e+03,0.000000000000000000e+00
1.959000000000000000e+03,0.000000000000000000e+00,1.959000000000000000e+03,0.000000000000000000e+00
1.960000000000000000e+03,0.000000000000000000e+00,1.960000000000000000e+03,0.000000000000000000e+00
1.961000000000000000e+03,0.000000000000000000e+00,1.961000000000000000e+03,0.000000000000000000e+00
1.962000000000000000e+03,0.000000000000000000e+00,1.962000000000000000e+03,0.000000000000000000e+00
1.963000000000000000e+03,0.000000000000000000e+00,1.963000000000000000e+03,0.000000000000000000e+00
1.964000000000000000e+03,0.000000000000000000e+00,1.964000000000000000e+03,0.000000000000000000e+00
1.965000000000000000e+03,0.000000000000000000e+00,1.965000000000000000e+03,0.000000000000000000e+00
1.966000000000000000e+03,0.000000000000000000e+00,1.966000000000000000e+03,0.000000000000000000e+00
1.967000000000000000e+03,0.000000000000000000e+00,1.967000000000000000e+03,0.000000000000000000e+00
1.968000000000000000e+03,0.000000000000000000e+00,1.968000000000000000e+03,0.000000000000000000e+00
1.969000000000000000e+03,0.000000000000000000e+00,1.969000000000000000e+03,0.000000000000000000e+00
1.970000000000000000e+03,0.000000000000000000e+00,1.970000000000000000e+03,0.000000000000000000e+00
1.971000000000000000e+03,0.000000000000000000e+00,1.971000000000000000e+03,0.000000000000000000e+00
1.972000000000000000e+03,0.000000000000000000e+00,1.972000000000000000e+03,0.000000000000000000e+00
1.973000000000000000e+03,0.000000000000000000e+00,1.973000000000000000e+03,0.000000000000000000e+00
1.974000000000000000e+03,0.000000000000000000e+00,1.974000000000000000e+03,0.000000000000000000e+00
1.975000000000000000e+03,0.000000000000000000e+00,1.975000000000000000e+03,0.000000000000000000e+00
1.976000000000000000e+03,0.000000000000000000e+00,1.976000000000000000e+03,0.000000000000000000e+00
1.977000000000000000e+03,0.000000000000000000e+00,1.977000000000000000e+03,0.000000000000000000e+00
1.978000000000000000e+03,0.000000000000000000e+00,1.978000000000000000e+03,0.000000000000000000e+00
1.979000000000000000e+03,0.000000000000000000e+00,1.979000000000000000e+03,0.000000000000000000e+00
1.980000000000000000e+03,0.000000000000000000e+00,1.980000000000000000e+03,0.000000000000000000e+00
1.981000000000000000e+03,0.000000000000000000e+00,1.981000000000000000e+03,0.000000000000000000e+00
1.982000000000000000e+03,0.000000000000000000e+00,1.982000000000000000e+03,0.000000000000000000e+00
1.983000000000000000e+03,0.000000000000000000e+00,1.983000000000000000e+03,0.000000000000000000e+00
1.984000000000000000e+03,0.000000000000000000e+00,1.984000000000000000e+03,0.000000000000000000e+00
1.985000000000000000e+03,0.000000000000000000e+00,1.985000000000000000e+03,0.000000000000000000e+00
1.986000000000000000e+03,0.000000000000000000e+00,1.986000000000000000e+03,0.000000000000000000e+00
1.987000000000000000e+03,0.000000000000000000e+00,1.987000000000000000e+03,0.000000000000000000e+00
1.988000000000000000e+03,0.000000000000000000e+00,1.988000000000000000e+03,0.000000000000000000e+00
1.989000000000000000e+03,0.000000000000000000e+00,1.989000000000000000e+03,0.000000000000000000e+00
1.990000000000000000e+03,0.000000000000000000e+00,1.990000000000000000e+03,0.000000000000000000e+00
1.991000000000000000e+03,0.000000000000000000e+00,1.991000000000000000e+03,0.000000000000000000e+00
1.992000000000000000e+03,0.000000000000000000e+00,1.992000000000000000e+03,0.000000000000000000e+00
1.993000000000000000e+03,0.000000000000000000e+00,1.993000000000000000e+03,0.000000000000000000e+00
1.994000000000000000e+03,0.000000000000000000e+00,1.994000000000000000e+03,0.000000000000000000e+00
1.995000000000000000e+03,0.000000000000000000e+00,1.995000000000000000e+03,0.000000000000000000e+00
1.996000000000000000e+03,0.000000000000000000e+00,1.996000000000000000e+03,0.000000000000000000e+00
1.997000000000000000e+03,0.000000000000000000e+00,1.997000000000000000e+03,0.000000000000000000e+00
1.998000000000000000e+03,0.000000000000000000e+00,1.998000000000000000e+03,0.000000000000000000e+00
1.999000000000000000e+03,0.000000000000000000e+00,1.999000000000000000e+03,0.000000000000000000e+00
2.000000000000000000e+03,0.000000000000000000e+00,2.000000000000000000e+03,0.000000000000000000e+00
2.001000000000000000e+03,0.000000000000000000e+00,2.001000000000000000e+03,0.000000000000000000e+00
2.002000000000000000e+03,0.000000000000000000e+00,2.002000000000000000e+03,0.000000000000000000e+00
2.003000000000000000e+03,0.000000000000000000e+00,2.003000000000000000e+03,0.000000000000000000e+00
2.004000000000000000e+03,0.000000000000000000e+00,2.004000000000000000e+03,0.000000000000000000e+00
2.005000000000000000e+03,0.000000000000000000e+00,2.005000000000000000e+03,0.000000000000000000e+00
2.006000000000000000e+03,0.000000000000000000e+00,2.006000000000000000e+03,0.000000000000000000e+00
2.007000000000000000e+03,0.000000000000000000e+00,2.007000000000000000e+03,0.000000000000000000e+00
2.008000000000000000e+03,0.000000000000000000e+00,2.008000000000000000e+03,0.000000000000000000e+00
2.009000000000000000e+03,0.000000000000000000e+00,2.009000000000000000e+03,0.000000000000000000e+00
2.010000000000000000e+03,0.000000000000000000e+00,2.010000000000000000e+03,0.000000000000000000e+00
2.011000000000000000e+03,0.000000000000000000e+00,2.011000000000000000e+03,0.000000000000000000e+00
2.012000000000000000e+03,0.000000000000000000e+00,2.012000000000000000e+03,0.000000000000000000e+00
2.013000000000000000e+03,0.000000000000000000e+00,2.013000000000000000e+03,0.000000000000000000e+00
2.014000000000000000e+03,0.000000000000000000e+00,2.014000000000000000e+03,0.000000000000000000e+00
2.015000000000000000e+03,0.000000000000000000e+00,2.015000000000000000e+03,0.000000000000000000e+00
2.016000000000000000e+03,0.000000000000000000e+00,2.016000000000000000e+03,0.000000000000000000e+00
2.017000000000000000e+03,0.000000000000000000e+00,2.017000000000000000e+03,0.000000000000000000e+00
2.018000000000000000e+03,0.000000000000000000e+00,2.018000000000000000e+03,0.000000000000000000e+00
2.019000000000000000e+03,0.000000000000000000e+00,2.019000000000000000e+03,0.000000000000000000e+00
2.020000000000000000e+03,0.000000000000000000e+00,2.020000000000000000e+03,0.000000000000000000e+00
2.021000000000000000e+03,0.000000000000000000e+00,2.021000000000000000e+03,0.000000000000000000e+00
2.022000000000000000e+03,0.000000000000000000e+00,2.022000000000000000e+03,0.000000000000000000e+00
2.023000000000000000e+03,0.000000000000000000e+00,2.023000000000000000e+03,0.000000000000000000e+00
2.024000000000000000e+03,0.000000000000000000e+00,2.024000000000000000e+03,0.000000000000000000e+00
2.025000000000000000e+03,0.000000000000000000e+00,2.025000000000000000e+03,0.000000000000000000e+00
2.026000000000000000e+03,0.000000000000000000e+00,2.026000000000000000e+03,0.000000000000000000e+00
2.027000000000000000e+03,0.000000000000000000e+00,2.027000000000000000e+03,0.000000000000000000e+00
2.028000000000000000e+03,0.000000000000000000e+00,2.028000000000000000e+03,0.000000000000000000e+00
2.029000000000000000e+03,0.000000000000000000e+00,2.029000000000000000e+03,0.000000000000000000e+00
2.030000000000000000e+03,0.000000000000000000e+00,2.030000000000000000e+03,0.000000000000000000e+00
2.031000000000000000e+03,0.000000000000000000e+00,2.031000000000000000e+03,0.000000000000000000e+00
2.032000000000000000e+03,0.000000000000000000e+00,2.032000000000000000e+03,0.000000000000000000e+00
2.033000000000000000e+03,0.000000000000000000e+00,2.033000000000000000e+03,0.000000000000000000e+00
2.034000000000000000e+03,0.000000000000000000e+00,2.034000000000000000e+03,0.000000000000000000e+00
2.035000000000000000e+03,0.000000000000000000e+00,2.035000000000000000e+03,0.000000000000000000e+00
2.036000000000000000e+03,0.000000000000000000e+00,2.036000000000000000e+03,0.000000000000000000e+00
2.037000000000000000e+03,0.000000000000000000e+00,2.037000000000000000e+03,0.000000000000000000e+00
2.038000000000000000e+03,0.000000000000000000e+00,2.038000000000000000e+03,0.000000000000000000e+00
2.039000000000000000e+03,0.000000000000000000e+00,2.039000000000000000e+03,0.000000000000000000e+00
